problem_idx,sample_number,part,kind,confidence,answer,correct,estimated_stop_tokens,quote,context
1,1,reasoning,prose,asserted,70,True,1171,answer is 21 + 49 = 70.," need to consider negative divisors.

So, only positive divisors. Therefore, only 28 and 56. So the answer is 21 + 49 = 70.

Wait, but let me check if that's correct. Let me verify with actual numbers.

First, check base 21"
1,1,reasoning,prose,asserted,70,True,1649,answer is 21 + 49 = 70.,"divisors only. So negative divisors are irrelevant here.

Therefore, only 28 and 56. Therefore, the answer is 21 + 49 = 70.

But wait, hold on. Let me check if there are other divisors. For example, maybe I missed some?

Wa"
1,1,reasoning,prose,asserted,70,True,1891,answer is 21 + 49 = 70.,"> 16. So divisors of 56 greater than 16. Which are 28 and 56. Therefore, only those two. Therefore, answer is 21 + 49 = 70. So the answer is 70. But let me check if there is another way to approach this problem, maybe I mis"
1,1,reasoning,prose,asserted,70,True,1899,answer is 70.," than 16. Which are 28 and 56. Therefore, only those two. Therefore, answer is 21 + 49 = 70. So the answer is 70. But let me check if there is another way to approach this problem, maybe I missed something?

Alter"
1,1,reasoning,prose,asserted,70,True,2095,answer is 21 + 49 = 70.,"h is the same conclusion as before. Therefore, same result. Therefore, same answer.

Therefore, the answer is 21 + 49 = 70.

But let me check if there are any other bases. For example, suppose that b + 7 is a divisor of 56,"
1,1,reasoning,prose,tentative,70,True,3930,answer is 70.,"lt as before.

So this approach also gives 21 and 49. Therefore, sum is 70.

Therefore, I think the answer is 70.

But to be thorough, let me check if there are other possible divisors. For example, if I consider "
1,1,reasoning,prose,tentative,70,True,3999,answer is 70.,"here are other divisors?

Wait, 56's divisors are as I listed before. So no. Therefore, I think the answer is 70.

But let me check another base, say, b = 15. Let's see if 17_15 divides 97_15.

17_15 is 1*15 + 7 ="
1,1,reasoning,prose,asserted,70,True,4343,answer is 21 + 49 = 70.,"7 = 28, then b = 21. Which is already considered. Similarly for 56.

So, no other bases. Therefore, answer is 21 + 49 = 70. So I think that's correct.

But just to make sure, let me check if there are any other divisors. Fo"
1,1,reasoning,boxed,asserted,70,True,4524,\boxed{70},"6, so the rest follows. So I think this is correct.

Therefore, the answer is 70.

**Final Answer**
\boxed{70}
"
1,1,content,boxed,asserted,70,True,5122,\boxed{70}," $.

---

### Step 4: Compute the sum of valid bases

$$
21 + 49 = 70
$$

---

### Final Answer

$$
\boxed{70}
$$"
1,2,reasoning,prose,tentative,70,True,1614,answer should be 21 + 49 = 70.,"fore, 56/(b + 7) must be integer. Therefore, b + 7 divides 56. So, same conclusion.

Therefore, the answer should be 21 + 49 = 70. But let me check if there's any other possible divisors. Wait, 56 has divisors 1, 2, 4, 7, 8, 14, 2"
1,2,reasoning,prose,asserted,70,True,1834,answer is 21 + 49 = 70.,". Similarly, 8 would be b = 1, which is invalid. So no. Therefore, only 28 and 56. 

Therefore, the answer is 21 + 49 = 70. But wait, let me check if there's another way this could be approached. For example, maybe consider"
1,2,reasoning,prose,asserted,70,True,3012,answer is 70.,"tions? But no, since m must divide 56, and m is integer. Therefore, only m = 1, 2. 

Therefore, the answer is 70. 

But just to be thorough, let me check for k values. From the previous equation, b = [7(k - 1)] / "
1,2,reasoning,prose,tentative,70,True,3516,answer is 70.,"valid b > 9 are k = 8 and k = 7, which give b = 49 and 21. So same result. 

Therefore, I think the answer is 70. 

But let me check if there's any other possible divisors. Wait, earlier when I considered m as div"
1,2,reasoning,boxed,asserted,70,True,5493,\boxed{70},"y 21 and 49. 

Therefore, I think my answer is correct. The sum is 21 + 49 = 70. 

**Final Answer**
\boxed{70}
"
1,2,content,boxed,asserted,70,True,6150,\boxed{70},"## Step 5: Compute the Final Answer

The valid bases are $21$ and $49$. Their sum is:

$$
21 + 49 = \boxed{70}
$$

---

### Final Answer

$$
\boxed{70}
$$"
1,2,content,boxed,asserted,70,True,6165,\boxed{70},"valid bases are $21$ and $49$. Their sum is:

$$
21 + 49 = \boxed{70}
$$

---

### Final Answer

$$
\boxed{70}
$$"
1,3,reasoning,prose,asserted,70,True,961,answer is 70?," greater. So only 28 and 56. Therefore, bases 21 and 49. Therefore, the sum is 21 + 49 = 70. So the answer is 70?

But let me verify this. Let me check if for b=21, 17_b divides 97_b.

Convert 17_21 to decimal: 1*"
1,3,reasoning,prose,asserted,70,True,1629,answer is 70?,"28, 56. So yes, those are all.

So only 28 and 56. So bases 21 and 49. So sum is 70. Therefore, the answer is 70?

But wait, let me think again. The problem says ""integer bases b > 9"". So bases must be integers gr"
1,3,reasoning,prose,asserted,70,True,2047,answer is 21 + 49 = 70.,"t have that. Therefore, only divisors greater than 16. So 28 and 56. So only two bases.

Therefore, answer is 21 + 49 = 70.

But wait, let me check if there's a possibility of other divisors. For example, maybe if b + 7 is "
1,3,reasoning,prose,asserted,70,True,2360,answer is 70.,"efore.

So divisors of 56 greater than 16: 28, 56. So k = 28, 56. Therefore, b = 21, 49. Sum 70. So answer is 70.

But let me check another example. Let me take b = 21, which gives 17_b = 28, 97_b = 196. 196 / 28 "
1,3,reasoning,prose,asserted,70,True,2735,answer is 70.,"id. Similarly, 8 would be b = 1, which is invalid. So no.

So seems like only 21 and 49. Therefore, answer is 70.

But just to be thorough, let me check if there's another approach. For example, suppose that (b + "
1,3,reasoning,prose,asserted,70,True,2885,answer is 21 + 49 = 70.,"onclusion as before. Therefore, same result.

Therefore, the conclusion is correct.

Therefore, the answer is 21 + 49 = 70.

But wait, let me check if there are other divisors if we consider that maybe b + 7 divides 56 but "
1,3,reasoning,prose,asserted,70,True,3113,answer is 70.,"b = 1. Also invalid. So only k = 1 and 2 give valid b > 9.

Therefore, same conclusion.

Therefore, answer is 70. So I think that is correct.

**Final Answer**
Answer: 070

Wait, but AIME answers are integers from"
1,3,reasoning,answer_line,asserted,70,True,3131,Answer: 070,"Therefore, same conclusion.

Therefore, answer is 70. So I think that is correct.

**Final Answer**
Answer: 070

Wait, but AIME answers are integers from 0 to 999, and they need to be three digits, leading zeros "
1,3,reasoning,prose,hypothetical,70,True,3212,"answer is 70,","ent, the user says ""the exact format Answer: NNN, where NNN is an integer from 0 to 999."" So if the answer is 70, then it should be written as 070? But maybe not. Wait, AIME answers are integers between 0 and 999,"
1,3,reasoning,prose,hypothetical,70,True,3354,"answer is 70,","ere, the user says ""the exact format Answer: NNN, where NNN is an integer from 0 to 999."" So if the answer is 70, then it should be 070? But maybe not. Wait, let me check the original problem's instructions again."
1,3,reasoning,prose,hypothetical,70,True,3427,"answer is 70,"," integer answer in the exact format Answer: NNN, where NNN is an integer from 0 to 999.""

So if the answer is 70, then NNN would be 070? But I need to check if AIME actually requires leading zeros. But in reality,"
1,3,reasoning,prose,hypothetical,7,False,3547,"answer is 7,",", and they are entered as three-digit numbers, with leading zeros if necessary. For example, if the answer is 7, you write 007. However, in practice, when people take the AIME, they just write the number, and the"
1,3,reasoning,prose,tentative,70,True,3649,"answer is 70,","roblem says ""the sum of all integer bases..."", which is 70, which is two digits. However, maybe the answer is 70, and they just want 70, not 070. But I need to check.

But looking at previous problems, for example"
1,3,reasoning,prose,hypothetical,70,True,3686,"answer is 70,"," just want 70, not 070. But I need to check.

But looking at previous problems, for example, if the answer is 70, then Answer: 070 or Answer: 70? But in the AIME, answers are integers between 0 and 999, and they a"
1,3,reasoning,prose,hypothetical,70,True,3700,Answer: 70?," to check.

But looking at previous problems, for example, if the answer is 70, then Answer: 070 or Answer: 70? But in the AIME, answers are integers between 0 and 999, and they are three-digit numbers. So for e"
1,3,reasoning,prose,hypothetical,70,True,3737,"answer is 70,","E, answers are integers between 0 and 999, and they are three-digit numbers. So for example, if the answer is 70, you would write 070. However, in the context of this problem, since the user hasn't specified, but "
1,3,reasoning,prose,hypothetical,70,True,3996,"answer is 70,","ment, the user might have intended just the number, as in the example problems. For example, if the answer is 70, then Answer: 070. But maybe the user is using a system where leading zeros are not required, and ju"
1,3,reasoning,prose,hypothetical,70,True,4099,"answer is 70,",", in the AIME, answers are integers from 0 to 999, and they are written as three digits. But if the answer is 70, then 70 is correct. Wait, but 70 is a two-digit number. However, in the AIME, they accept answers a"
1,3,reasoning,prose,asserted,70,True,4184,Answer: 70.,"ve answers like 70, not 070. So maybe the user just wants the integer value, not padded. Therefore, Answer: 70. However, since the user said ""NNN"", maybe they want three digits. But since the answer is 70, which"
1,3,reasoning,prose,asserted,70,True,4209,"answer is 70,","refore, Answer: 70. However, since the user said ""NNN"", maybe they want three digits. But since the answer is 70, which is less than 100, maybe they want 070. However, I need to check if 70 is correct. But since m"
1,3,reasoning,prose,asserted,70,True,4367,answer is 70.," lead to negative bases, which are invalid. So no. So only positive divisors. So only 28 and 56. So answer is 70. Therefore, Answer: 070 or 70? Since the user says ""NNN"", maybe 070. But maybe the system accepts 70"
1,3,reasoning,prose,tentative,70,True,4457,Answer: 70,"0, and in the AIME, answers are integers between 0 and 999, so 70 is acceptable. Therefore, I think Answer: 70 is correct. However, to make sure, maybe check if there's a mistake in my calculation. For example, "
1,3,reasoning,answer_line,asserted,70,True,4584,Answer: 070,"6. So 21 and 49. 21 + 49 = 70. So I think that is correct. Therefore, Answer: 70.

**Final Answer**
Answer: 070

Wait, but now I'm confused. In some contexts, leading zeros are required. However, since the proble"
1,3,reasoning,prose,asserted,70,True,4760,"answer is 70,","m statement, the user might have examples. Since I don't have that, but given that in the AIME, the answer is 70, I think Answer: 70 is correct. However, to be safe, I can check with the initial problem's examples"
1,3,reasoning,prose,tentative,70,True,4768,Answer: 70,"might have examples. Since I don't have that, but given that in the AIME, the answer is 70, I think Answer: 70 is correct. However, to be safe, I can check with the initial problem's examples. But since there ar"
1,3,reasoning,prose,asserted,70,True,4869,Answer: 70.,"eger from 0 to 999."" So if NNN is an integer, then 70 is an integer, and it's between 0 and 999. So Answer: 70. However, if NNN is supposed to be three digits, then 070. But since the user says ""integer"", not ""t"
1,3,reasoning,prose,hypothetical,5,False,4919,"answer is 5,","ce the user says ""integer"", not ""three-digit number"", I think 70 is acceptable. For example, if the answer is 5, then Answer: 005 or 5? Since it's an integer, 5. Therefore, Answer: 70.

**Final Answer**
Answer: 7"
1,3,reasoning,answer_line,asserted,70,True,4957,Answer: 70,"wer is 5, then Answer: 005 or 5? Since it's an integer, 5. Therefore, Answer: 70.

**Final Answer**
Answer: 70
"
1,3,content,boxed,asserted,70,True,5740,\boxed{70},"es

The valid bases are $21$ and $49$. Their sum is:

$$
21 + 49 = 70
$$

---

### Final Answer

$$
\boxed{70}
$$"
1,4,reasoning,prose,asserted,70,True,1880,answer is 70.,"ive. So no.

Therefore, only 28 and 56. Hence, bases 21 and 49. Sum is 21 + 49 = 70. Therefore, the answer is 70.

But wait, wait. Wait a second. Let me check if there are other divisors. Wait, 56 has divisors 1, "
1,4,reasoning,prose,asserted,70,True,4378,answer is 70.," bases. Which are 21 and 49. So same as before. Therefore, the sum is 21 + 49 = 70.

Therefore, the answer is 70.

But let me check once more if there are other possibilities. For example, if k is greater than 9? "
1,4,reasoning,prose,asserted,70,True,4571,answer is 70.,"10 = -14/10. Invalid.

So no other values. Therefore, only k=7 and 8. So only 21 and 49. Therefore, answer is 70.

But wait, let me check if there are other divisors. For example, in my first approach, I considere"
1,4,reasoning,prose,asserted,70,True,5337,answer is 21 + 49 = 70.,"es 56. Which is same as before. So same conclusion.

Therefore, no other possibilities.

Therefore, answer is 21 + 49 = 70. So the answer is 70.

But wait, just to check, is there a case where b + 7 divides 56, but b + 7 is"
1,4,reasoning,prose,asserted,70,True,5345,answer is 70.," So same conclusion.

Therefore, no other possibilities.

Therefore, answer is 21 + 49 = 70. So the answer is 70.

But wait, just to check, is there a case where b + 7 divides 56, but b + 7 is a divisor that I did"
1,4,reasoning,boxed,asserted,70,True,5655,\boxed{70},"s 56. So that's correct.

Therefore, no other possibilities. So the answer is 70.

**Final Answer**
\boxed{70}
"
1,4,content,boxed,asserted,70,True,6317,\boxed{70}," 8 $ → integer ✅

Both bases satisfy the condition.

---

### Step 5: Compute the Sum

$$
21 + 49 = \boxed{70}
$$

---

### Final Answer

$$
\boxed{70}
$$"
1,4,content,boxed,asserted,70,True,6332,\boxed{70},"condition.

---

### Step 5: Compute the Sum

$$
21 + 49 = \boxed{70}
$$

---

### Final Answer

$$
\boxed{70}
$$"
1,5,reasoning,prose,asserted,70,True,1202,answer is 21 + 49 = 70.," invalid. Similarly, 8, 7, etc., all would lead to b less than 9. So only 28 and 56. Therefore, the answer is 21 + 49 = 70. So the sum is 70.

But wait, let me check if there's another way to approach this. Maybe I made a m"
1,5,reasoning,prose,asserted,70,True,2038,answer is 70.,"8 give valid b's, which are 21 and 49. Therefore, same result as before. So sum is 21 + 49 = 70. So answer is 70.

But let me check if there are other possibilities. Wait, in the previous approach, I considered on"
1,5,reasoning,prose,tentative,70,True,2398,answer is 70.,"b > 9, so 9 < b). 7 is also less than b. So that's okay. So no problem here.

Therefore, seems like answer is 70. But just to be thorough, let me check for b=21 and 49 again.

For b=21:

17_21 = 1*21 + 7 = 28

97_"
1,5,reasoning,prose,asserted,70,True,2924,answer is 21 + 49 = 70.," something must be integer. Therefore, 56/(b + 7) must be integer. So that's solid.

Therefore, the answer is 21 + 49 = 70.

But let me check if there are any other bases where maybe 17_b divides 97_b even if (b + 7) doesn'"
1,5,reasoning,prose,tentative,70,True,3194,answer is 70.,"herefore, this confirms that (b + 7) divides 56. So no other possibilities.

Therefore, I think the answer is 70.

But just to be 100% sure, let me check if there are any other divisors. For example, maybe 56 has "
1,5,reasoning,prose,hypothetical,70,True,3474,"answer is 70,","statement, it says ""the exact format Answer: NNN, where NNN is an integer from 0 to 999."" So if the answer is 70, then it's 070? But I need to check the problem's instructions again.

Wait, the original problem sa"
1,5,reasoning,prose,asserted,70,True,3518,"answer is 70,","m's instructions again.

Wait, the original problem says ""the sum of all integer bases b>9..."". The answer is 70, which is a two-digit number. However, AIME answers are integers from 0 to 999, and they should be g"
1,5,reasoning,prose,hypothetical,70,True,3572,"answer is 70,","ven as three digits with leading zeros if necessary. However, in the context of the problem, if the answer is 70, then the correct format would be 070? But I need to check the exact instructions.

Wait, the user s"
1,5,reasoning,prose,hypothetical,70,True,3642,"answer is 70,","E integer answer in the exact format Answer: NNN, where NNN is an integer from 0 to 999."" So if the answer is 70, then it's 070? But in the AIME, answers are integers from 0 to 999, and they are written as three d"
1,5,reasoning,prose,hypothetical,70,True,3729,"answer is 70,","ers are integers between 0 and 999, and you have to enter them as three digits. For example, if the answer is 70, you would write 070. However, in practice, sometimes people just write 70, but according to the pro"
1,5,reasoning,prose,hypothetical,70,True,3855,"answer is 70,","ust want 70. But to be safe, let me check.

Wait, looking at previous problems, for example, if the answer is 70, then Answer: 070? Or Answer: 70? But the problem says ""the exact format Answer: NNN"", so three digi"
1,5,reasoning,prose,asserted,70,True,3870,Answer: 70?," check.

Wait, looking at previous problems, for example, if the answer is 70, then Answer: 070? Or Answer: 70? But the problem says ""the exact format Answer: NNN"", so three digits. Therefore, 070. But maybe in "
1,5,reasoning,prose,format_discussion,70,True,3952,"answer is 70,","f it's less than 100, just write it as is. But since the user says ""integer from 0 to 999"", and the answer is 70, which is an integer, so Answer: 070? But maybe they accept 70. However, in the AIME, answers are in"
1,5,reasoning,prose,hypothetical,7,False,4010,"answer is 7,","E, answers are integers between 0 and 999, and they are three-digit numbers. So for example, if the answer is 7, you write 007. However, in practice, when people take the AIME, they just write the number, but her"
1,5,reasoning,prose,hypothetical,70,True,4182,"answer is 70,","he user just wants the integer, and if it's less than 100, just write it as is. For example, if the answer is 70, then Answer: 070? Or Answer: 70? But the problem says ""integer from 0 to 999"", so 70 is acceptable."
1,5,reasoning,prose,asserted,70,True,4197,Answer: 70?," if it's less than 100, just write it as is. For example, if the answer is 70, then Answer: 070? Or Answer: 70? But the problem says ""integer from 0 to 999"", so 70 is acceptable. However, in the AIME, they requi"
1,5,reasoning,prose,hypothetical,70,True,4316,"answer is 70,","t format Answer: NNN"", maybe they want three digits. However, in the context of the problem, if the answer is 70, then Answer: 070. But I need to check if 70 is correct.

But given that the problem says ""integer f"
1,5,reasoning,prose,tentative,70,True,4370,Answer: 70,"rrect.

But given that the problem says ""integer from 0 to 999"", and 70 is an integer, I think that Answer: 70 is acceptable. However, since the user might be expecting the three-digit format, but in the AIME, t"
1,5,reasoning,prose,format_discussion,70,True,4398,"answer is 70,","acceptable. However, since the user might be expecting the three-digit format, but in the AIME, the answer is 70, and they just write 70. For example, if you check past problems, like 2023 AIME I Problem 1, the an"
1,5,reasoning,prose,hypothetical,70,True,4435,"answer is 70,","0, and they just write 70. For example, if you check past problems, like 2023 AIME I Problem 1, the answer is 70, and they write it as 70. So maybe the user just wants the integer, not necessarily with leading zer"
1,5,reasoning,prose,tentative,70,True,4469,Answer: 70,"0. So maybe the user just wants the integer, not necessarily with leading zeros. Therefore, I think Answer: 70 is correct.

But to be safe, since the problem says ""NNN"", maybe I should write 070. However, I need"
1,5,reasoning,prose,asserted,70,True,4570,answer is 70.,"hey mention ""integer from 0 to 999"", and 70 is an integer, I think 70 is acceptable. Therefore, the answer is 70.

But just to be thorough, let me check once again. Suppose there is another base. For example, let "
1,5,reasoning,prose,asserted,70,True,5117,answer is 70.," b= 63 / (-1) = -63. Not valid. So no. So no other solutions. Therefore, only 21 and 49. Therefore, answer is 70.

Therefore, I think the answer is 70. So Answer: 070? Or 70? Since the problem says ""integer from 0"
1,5,reasoning,prose,tentative,70,True,5128,answer is 70.," So no other solutions. Therefore, only 21 and 49. Therefore, answer is 70.

Therefore, I think the answer is 70. So Answer: 070? Or 70? Since the problem says ""integer from 0 to 999"", and 70 is an integer, I thin"
1,5,reasoning,prose,tentative,70,True,5172,Answer: 70,"o Answer: 070? Or 70? Since the problem says ""integer from 0 to 999"", and 70 is an integer, I think Answer: 70 is correct. However, to match the AIME format, which requires three digits, maybe 070. But since the"
1,5,reasoning,prose,hypothetical,70,True,5239,"answer is 70,","t they say ""the exact format Answer: NNN"", which is three digits. So NNN is three digits. So if the answer is 70, then NNN would be 070. But maybe the user is okay with 70. However, since the original problem says"
1,5,reasoning,prose,hypothetical,5,False,5304,"answer is 5,","m 0 to 999"", which includes numbers less than 100, but written as three digits. For example, if the answer is 5, then it's 005. However, in the context of the problem, maybe they just want the numerical value. Bu"
1,5,reasoning,prose,tentative,70,True,5444,Answer: 70,"xact format. However, since the problem says ""integer from 0 to 999"", and 70 is an integer, I think Answer: 70 is acceptable. But to be safe, I can check if 70 is correct. Since 21 + 49 = 70, and all steps check"
1,5,reasoning,prose,asserted,70,True,5496,final answer is 70.,"70 is correct. Since 21 + 49 = 70, and all steps check out, I think that is correct.

Therefore, my final answer is 70. So Answer: 70.

**Final Answer**
\boxed{70}
"
1,5,reasoning,boxed,asserted,70,True,5513,\boxed{70},"k out, I think that is correct.

Therefore, my final answer is 70. So Answer: 70.

**Final Answer**
\boxed{70}
"
1,5,content,boxed,asserted,70,True,6190,\boxed{70},"ute the Final Answer

The sum of the valid bases is:

$$
21 + 49 = 70
$$

---

### Final Answer

$$
\boxed{70}
$$"
1,6,reasoning,prose,asserted,70,True,4757,answer is 21 + 49 = 70.," numbers must be converted to decimal first. 

Therefore, my reasoning is correct. 

Therefore, the answer is 21 + 49 = 70. 

But wait, let me check once more if there are other divisors. For example, if 56 had more divisor"
1,6,reasoning,prose,asserted,70,True,4923,answer is 21 + 49 = 70.,"56/5 is 11.2. 6? 56/6 ≈ 9.33. So no. So no other divisors. 

Therefore, only 28 and 56. 

Thus, the answer is 21 + 49 = 70. 

I think that's solid. 

**Final Answer**
\boxed{70}
"
1,6,reasoning,boxed,asserted,70,True,4941,\boxed{70},"ore, only 28 and 56. 

Thus, the answer is 21 + 49 = 70. 

I think that's solid. 

**Final Answer**
\boxed{70}
"
1,6,content,boxed,asserted,70,True,5738,\boxed{70},"

### Step 5: Compute the Final Answer

We are to find the **sum** of all such bases:

$$
21 + 49 = \boxed{70}
$$

---

### Final Answer

$$
\boxed{70}
$$"
1,6,content,boxed,asserted,70,True,5753,\boxed{70},"e are to find the **sum** of all such bases:

$$
21 + 49 = \boxed{70}
$$

---

### Final Answer

$$
\boxed{70}
$$"
1,7,reasoning,prose,asserted,70,True,3407,answer is 21 + 49 = 70.,"hat's included. 

But when m = 7, b = 1, which is invalid. 

So, only m = 1 and 2. 

Therefore, the answer is 21 + 49 = 70. 

But let me check if there are other possibilities. For example, maybe m is a negative divisor of "
1,7,reasoning,prose,asserted,70,True,4001,answer is 21 + 49 = 70.,"7 = 21 (valid), 56 - 7 = 49 (valid). 

So, same result. Therefore, only 21 and 49. 

Therefore, the answer is 21 + 49 = 70. 

But wait, the problem says ""the sum of all integer bases b > 9"". So, 21 and 49. 

But just to mak"
1,7,reasoning,prose,tentative,70,True,4300,answer is 70.," 7) divides 9b + 7 iff (b + 7) divides 56. 

Therefore, that's a solid reasoning. 

So, I think the answer is 70. 

But to be thorough, let me check for another base. Let me try b = 14. 

Wait, b = 14 is not in ou"
1,7,reasoning,prose,asserted,70,True,4644,answer is 21 + 49 = 70.,"ur list. 

Another check: b = 21, which is valid. 

So, seems like only 21 and 49. 

Therefore, the answer is 21 + 49 = 70. 

But wait, the problem says ""the sum of all integer bases b > 9"". So, 70. 

But just to check once"
1,7,reasoning,boxed,asserted,70,True,4743,\boxed{70},"> 9, b + 7 is definitely positive, so no. 

Therefore, I think the answer is 70. 

**Final Answer**
\boxed{70}
"
1,7,content,boxed,asserted,70,True,5550,\boxed{70},"
We are to find the **sum** of all such valid bases:

$$
21 + 49 = 70
$$

---

### Final Answer

$$
\boxed{70}
$$"
1,8,reasoning,prose,tentative,70,True,1097,answer would be 21 + 49 = 70.," $ b + 7 $ is positive (since $ b > 9 $), we don't need to consider negative divisors.

So then the answer would be 21 + 49 = 70. But let me verify this with actual examples.

First, check base 21:

Convert 17_21 to decimal: 1*21"
1,8,reasoning,prose,asserted,70,True,1619,answer is 21 + 49 = 70.,"t, the problem says ""integer bases b > 9"". So 21 and 49 are both greater than 9, so that's okay. So answer is 21 + 49 = 70. So the answer is 70?

But wait, hold on. Let me check if there are any other divisors. For example,"
1,8,reasoning,prose,asserted,70,True,1627,answer is 70?,"ses b > 9"". So 21 and 49 are both greater than 9, so that's okay. So answer is 21 + 49 = 70. So the answer is 70?

But wait, hold on. Let me check if there are any other divisors. For example, maybe 56 has other d"
1,8,reasoning,prose,asserted,70,True,2174,answer is 21 + 49 = 70.,"= 1 $, invalid. Similarly for others. So no other bases.

Therefore, only 21 and 49. Therefore, the answer is 21 + 49 = 70.

But wait, let me check another angle. Suppose that in base b, the digits must be valid. For exampl"
1,8,reasoning,prose,asserted,70,True,2334,answer is 70.,"9) are valid, since 21 > 9 and 49 > 9, and digits 9 and 7 are valid in those bases.

Therefore, the answer is 70.

Wait, but let me check if there is a possible mistake in the initial step. For example, if I have "
1,8,reasoning,prose,asserted,70,True,2649,answer is 70.,"erefore, $ b + 7 $ divides 56. So same conclusion. Therefore, the logic is correct.

Therefore, the answer is 70.

But just to be thorough, let me check if there are any other divisors. For example, if 56 is divid"
1,8,reasoning,prose,tentative,70,True,2788,answer is 70.,"ut no, the problem says integer bases. So b must be integer greater than 9.

Therefore, I think the answer is 70. So the sum is 21 + 49 = 70. Therefore, Answer: 070? Wait, but AIME answers are integers from 0 to 9"
1,8,reasoning,prose,hypothetical,70,True,2928,"answer is 70,"," integer answer in the exact format Answer: NNN, where NNN is an integer from 0 to 999.""

So if the answer is 70, then it's 070? But I think in AIME, they usually don't require leading zeros. Wait, but the exact f"
1,8,reasoning,prose,hypothetical,70,True,2972,"answer is 70,","IME, they usually don't require leading zeros. Wait, but the exact format is Answer: NNN. So if the answer is 70, then it's 070? But maybe the problem expects 70. Wait, let me check previous problems.

But actuall"
1,8,reasoning,prose,hypothetical,7,False,3047,"answer is 7,","ou have to input them as three digits, padding with leading zeros if necessary. For example, if the answer is 7, you write 007. But sometimes, depending on the problem, maybe they accept 7. However, the user here"
1,8,reasoning,prose,tentative,70,True,3125,"answer is 70,","

But since the problem says ""sum of all integer bases"", which is 70, so Answer: 070? But maybe the answer is 70, and they accept it as 70. Wait, but in the AIME, they do require three digits. For example, if the "
1,8,reasoning,prose,hypothetical,7,False,3158,"answer is 7,"," and they accept it as 70. Wait, but in the AIME, they do require three digits. For example, if the answer is 7, you write 007. However, in the context of this problem, maybe the user just wants the integer, and "
1,8,reasoning,prose,asserted,70,True,3232,answer is 70.,"ck.

But looking at the problem statement again: ""Find the sum of all integer bases b>9..."". So the answer is 70. However, in the AIME, answers are integers from 0 to 999, so 70 is acceptable as 070? But maybe in "
1,8,reasoning,prose,hypothetical,70,True,3354,"answer is 70,","lems, the answer is an integer between 0 and 999, and you have to put it as three digits. So if the answer is 70, then it's 070. However, sometimes people might just write 70. But since the user says ""exact format"
1,8,reasoning,prose,asserted,70,True,3618,answer is 70.,"So $ b + 7 = 28 \implies b = 21 $, $ b + 7 = 56 \implies b = 49 $. So only two bases, sum is 70. So answer is 70. So in AIME format, it's 070. But maybe the system accepts 70? But since the user says ""exact format"
1,8,reasoning,prose,tentative,70,True,3677,"answer is 70,","says ""exact format Answer: NNN"", I need to write 070. But maybe the problem is designed so that the answer is 70, and the user just wants 70. But I need to check if there is any mistake here.

Wait, but maybe ther"
1,8,reasoning,answer_line,asserted,70,True,4666,Answer: 070,"e integer divisors.

Therefore, I think I can be confident that the answer is 70.

**Final Answer**
Answer: 070
"
1,8,content,boxed,asserted,70,True,5381,\boxed{070},"ep 5: Compute the Final Answer

Sum of valid bases:  
$$
21 + 49 = 70
$$

---

### Final Answer

$$
\boxed{070}
$$"
2,1,reasoning,prose,hypothetical,588,True,7873,"answer is 588,","588 which is the same as ABC. However, the problem says ""Find the area of heptagon AFNBCEM"". If the answer is 588, but the area of ABC is 588, then the heptagon would be the whole triangle. But that seems unlikely."
2,1,reasoning,prose,hypothetical,588,True,11688,answer is 588.,"ion, that was used to find q=42, leading to area ABC = 588. If the heptagon's area is 588, then the answer is 588. But I need to verify.

Wait, let me think about the diagram. If the heptagon includes the whole tri"
2,1,reasoning,prose,tentative,588,True,12791,answer is 588.,"to area ABC = 588, and the heptagon's area calculation gives 588, I might have to conclude that the answer is 588. But I need to check if this makes sense with the given data.

Wait, but the problem says ""quadrilat"
2,1,reasoning,prose,tentative,588,True,13816,answer is 588.," all calculations point to 588, and the problem is likely designed to have this answer, I think the answer is 588.

But wait, let me check with another approach.

Let me calculate the area of the heptagon AFNBCEM a"
2,1,reasoning,prose,asserted,588,True,16264,answer is 588.," line of thinking isn't helping.

Given the time I've spent and the calculations, I'll conclude the answer is 588.

But wait, the problem says ""heptagon AFNBCEM"". If the area is 588, which is the same as ABC, then "
2,2,reasoning,prose,tentative,588,True,9787,answer is indeed 588?,"th p=28, the area of DEGF is correct, and the calculation for the heptagon is consistent, maybe the answer is indeed 588? But the problem says ""Find the area of heptagon AFNBCEM"", and in the problem statement, it's possib"
2,2,reasoning,prose,tentative,588,True,10034,"answer is 588,",", with p=28, and area is 588, which is same as ABC, but maybe the problem is designed such that the answer is 588, but I need to check.

But let me think again: with p=28, the area of the heptagon is 588, which is "
2,2,reasoning,prose,hypothetical,588,True,10097,"answer is 588,","agon is 588, which is same as ABC. But the problem says ""Find the area of heptagon AFNBCEM"". If the answer is 588, then the answer is 588. However, let me check with another value of p to see if it's consistent.

L"
2,2,reasoning,prose,hypothetical,588,True,10106,answer is 588.,"me as ABC. But the problem says ""Find the area of heptagon AFNBCEM"". If the answer is 588, then the answer is 588. However, let me check with another value of p to see if it's consistent.

Let me choose another p. "
2,2,reasoning,prose,asserted,588,True,10949,answer must be 588.,". Which is same as area of ABC. So even though in different configurations, it's always 588. So the answer must be 588. However, the problem says ""Find the area of heptagon AFNBCEM"". But why is it equal to the area of A"
2,2,reasoning,prose,tentative,588,True,11135,answer is 588.," which we used to find q=42, leading to area ABC=588, and the heptagon's area also 588, I think the answer is 588.

But wait, the problem says ""heptagon AFNBCEM"". In the specific case with p=28, the area is 588. Bu"
2,2,reasoning,prose,tentative,588,True,11427,answer is 588.,"ng to the calculation, it's equal. Maybe the problem is designed such that the area is 588, and the answer is 588. However, AIME problems usually have answers less than 1000, and 588 is valid.

But let me check wit"
2,2,reasoning,prose,tentative,588,True,11579,answer is 588.,"below AB. However, since the problem didn't specify, and the calculation is consistent, I think the answer is 588.

But let me check with the initial data.

Wait, in the problem statement, the area of DEGF is 288, "
2,2,reasoning,prose,hypothetical,588,True,11647,answer is 588.,"is 288, and we found that with q=42, the area of ABC is 588. If the heptagon has area 588, then the answer is 588. But maybe the problem expects a different answer?

Alternatively, maybe I made a mistake in the sho"
2,2,reasoning,prose,tentative,588,True,12843,answer is 588.,"it so.

But given that the calculations are consistent and the area of DEGF is correct, I think the answer is 588.

But wait, the problem says ""heptagon AFNBCEM"". Let me check if I have the correct points.

In the "
2,2,reasoning,prose,tentative,588,True,12972,answer is 588.," as 288, and with that we found the area of ABC as 588, and the heptagon's area as 588, I think the answer is 588.

But to cross-verify, let me think of another approach.

Since the area of ABC is 588, and the area"
2,2,reasoning,prose,asserted,588,True,13143,answer is 588.,"eady calculated it via coordinates and it's 588, I think it's safe to go with that.

Therefore, the answer is 588. But let me check if 588 is the correct answer.

Wait, but the problem says ""Find the area of heptag"
2,2,reasoning,prose,hypothetical,588,True,13220,answer is 588.," the heptagon has the same area, but the heptagon is not the whole triangle, it's possible that the answer is 588. But maybe I made a mistake in the shoelace formula.

Wait, let me try to calculate the area of the "
2,2,reasoning,prose,asserted,588,True,13710,answer is 588.,"40 + 0 + 0 = 120

Area = 1/2 |1296 - 120| = 1/2 * 1176 = 588. Correct.

So it's correct. Hence, the answer is 588.

But I'm still confused why it's equal to the area of ABC. But since calculations are consistent, I"
2,2,reasoning,boxed,asserted,588,True,13749,\boxed{588}," to the area of ABC. But since calculations are consistent, I have to go with it.

**Final Answer**
\boxed{588}
"
2,2,content,boxed,asserted,588,True,15476,\boxed{588},"ut, and the result is:

$$
\text{Area} = \frac{1}{2} \cdot 1176 = 588
$$

---

### Final Answer

$$
\boxed{588}
$$"
2,3,reasoning,prose,asserted,588,True,10491,answer is 588.," of p, the area of ABC is 588, and the heptagon has the same area. But how?

This suggests that the answer is 588. But the problem says ""Find the area of heptagon AFNBCEM."" But if the area is 588, which is same as "
2,3,reasoning,prose,tentative,588,True,10628,answer would be 588.,"our calculation, with q=42, DEGF area is 288, and ABC area is 588, and heptagon area is 588. So the answer would be 588. But I need to check if this is correct.

But let me think differently. Suppose that the area of the"
2,3,reasoning,prose,hypothetical,588,True,10863,answer is 588.,"the problem might have a typo, but assuming it's correct, and my calculations are correct, then the answer is 588. But let me check with the given area of DEGF = 288.

Wait, in our calculation, with q=42, DEGF area"
2,3,reasoning,prose,hypothetical,588,True,11456,answer is 588.,"ound that with q = 42, this area is 288, and ABC area is 588. If the heptagon area is 588, then the answer is 588. But I need to confirm.

Alternatively, let me think of the area of the heptagon as the area of ABC "
2,3,reasoning,prose,tentative,588,True,12156,answer is 588.,"s used to find q=42, and with that, ABC area is 588, and the heptagon area is also 588, I think the answer is 588. But the problem might expect a different answer, so I need to verify.

Wait, let me think again: if"
2,3,reasoning,prose,asserted,588,True,12608,answer is 588.,"ea of ABC is fixed at 588, and the heptagon also has area 588. So this makes sense.

Therefore, the answer is 588. But let me check with the initial data.

Wait, the problem says ""Quadrilateral DEGF has area 288."" "
2,3,reasoning,prose,asserted,588,True,12679,answer is 588.,"e used this to find q=42, and with that, ABC area is 588, and the heptagon area is also 588. So the answer is 588. But let me check with the figure provided.

In the TikZ code, the coordinates are given as:

A(100,"
2,3,reasoning,prose,tentative,588,True,14803,answer is 588.," ABC, and the calculation was consistent across different p values.

Therefore, I think the correct answer is 588. However, since the problem is from AIME, which usually has answers less than 1000, and 588 is valid"
2,3,reasoning,boxed,asserted,588,True,15245,\boxed{588},"tions and consistency across different p values, I will conclude the area is 588.

**Final Answer**
\boxed{588}
"
2,3,content,boxed,asserted,588,True,16358,\boxed{588}," DEGF $, and the base $ AB = 28 $ is fixed by the given segment lengths.

---

### Final Answer

$$
\boxed{588}
$$"
2,4,reasoning,prose,asserted,588,True,5460,answer is 588?,"2 = 1416 - 30p/7 - 240 + 30p/7 = 1416 - 240 = 1176. Correct.

Therefore, area is 1176 / 2 = 588. So answer is 588? But wait, let me check if the shoelace formula was applied correctly.

But the problem is that in t"
2,4,reasoning,prose,hypothetical,588,True,8017,answer is 588.," the area of heptagon AFNBCEM."" But if ABC's area is 588, and the heptagon's area is also 588, then answer is 588. However, I need to make sure that there isn't a miscalculation.

But let me check with another valu"
2,4,reasoning,prose,asserted,588,True,8706,answer is 588.,"me.

Therefore, the area of the heptagon is indeed 588, which is same as ABC's area. Therefore, the answer is 588.

But wait, the problem says ""Find the area of heptagon AFNBCEM."" But if the area is same as ABC, bu"
2,4,reasoning,prose,tentative,588,True,9081,answer is 588.,"reflections.

But given that multiple calculations with different p give the same area, I think the answer is 588.

But let me check with the initial data. The problem says quadrilateral DEGF has area 288, which we"
2,4,reasoning,prose,asserted,588,True,9168,answer is 588.," is 1/2 * AB * height = 1/2 * 28 * 42 = 588. So the area of the heptagon is same as ABC. Therefore, answer is 588.

But the problem is from an AIME, which usually has answers between 0-999, and 588 is valid. Howeve"
2,4,reasoning,prose,tentative,588,True,9472,answer is 588.,"s, our calculations are based on the given lengths and area, leading to 588. Therefore, I think the answer is 588.

But to cross-verify, let me think of another approach.

Alternative approach:

Since we know coord"
2,4,reasoning,prose,asserted,588,True,9542,answer is 588.,"a of the heptagon is 588 regardless of p, which is same as ABC's area, which is 588. Therefore, the answer is 588.

But let me check if the problem says ""heptagon AFNBCEM"". Maybe I misread the order of the letters?"
2,4,reasoning,boxed,asserted,588,True,9966,\boxed{588},"cally, the shoelace formula is consistent.

Therefore, I think the answer is 588.

**Final Answer**
\boxed{588}
"
2,4,content,boxed,asserted,588,True,10899,\boxed{588}," $ ABC $, even though the heptagon includes points outside the triangle.

---

### Final Answer

$$
\boxed{588}
$$"
2,5,reasoning,prose,hypothetical,588,True,6147,answer is 588?,"lem says ""Find the area of heptagon AFNBCEM"". If the area is 588, same as ABC, but ABC is 588, then answer is 588? But the problem says ""quadrilateral DEGF has area 288"", which we used to find q=42, leading to ABC "
2,5,reasoning,prose,hypothetical,588,True,6658,"answer is 588,","area of DEGF given as 288? Because we used that to find q=42, which gave area ABC as 588. So if the answer is 588, but the problem is from AIME, which usually has answers between 0-999, and 588 is possible. But let"
2,5,reasoning,prose,hypothetical,588,True,9732,answer would be 588.,"simple. If so, then the area calculation is correct.

But if the area is 588, same as ABC, then the answer would be 588. But the problem says ""Find the area of heptagon AFNBCEM"", and since the area of ABC is 588, and the"
2,5,reasoning,prose,tentative,588,True,9808,answer is 588?,"not, because parts of the heptagon are outside. But according to the math, it's the same. Maybe the answer is 588?

But the problem gives that quadrilateral DEGF has area 288, which we used to find q=42. But if the"
2,5,reasoning,prose,hypothetical,588,True,9844,"answer is 588,","
But the problem gives that quadrilateral DEGF has area 288, which we used to find q=42. But if the answer is 588, then why give that information? It seems like the area of the heptagon is directly dependent on the"
2,5,reasoning,prose,asserted,588,True,10642,answer is 588?,"s that quadrilateral DEGF has area 288, which we used to find q=42, leading to ABC area 588. So the answer is 588?

But let me check if there is any mistake in the problem statement. The user says ""Quadrilateral DE"
2,5,reasoning,prose,tentative,588,True,11242,answer is 588.,"ferent coordinates, the area came out as 588, and the calculations are consistent, I think that the answer is 588. However, I need to check if there is a miscalculation in the shoelace formula.

Wait, in the first "
2,5,reasoning,prose,asserted,588,True,11904,answer is 588.,"288, correct. And the area of the heptagon is 588, same as ABC. So this is correct.

Therefore, the answer is 588. But let me check with another p. Take p=7, q=42.

DEGF points: D(4,0), E(20,0), G(5p/7, 5q/7) = (5*"
2,5,reasoning,prose,asserted,588,True,12029,answer is 588.,") = (1, 6). So same as before, DEGF area is 288. And heptagon area is 588. Correct.

Therefore, the answer is 588. But let me check if AIME accepts 588. Yes, it's between 0-999. But I need to check if I made a mist"
2,5,reasoning,boxed,asserted,588,True,12169,\boxed{588},"the area of ABC, but given the calculations are consistent, I think it's correct.

**Final Answer**
\boxed{588}
"
2,5,content,boxed,asserted,588,True,13469,\boxed{588},"s the expressions for the area of the heptagon are independent of $ p $.

---

### Final Answer

$$
\boxed{588}
$$"
2,6,reasoning,prose,asserted,588,True,5374,answer is 588.," So 588.

But wait, the problem says ""Find the area of heptagon AFNBCEM."" So according to this, the answer is 588. But let me check if this is correct.

But let me think again. Because in my coordinate system, I ha"
2,6,reasoning,prose,hypothetical,588,True,7415,answer is 588.,"the area of heptagon AFNBCEM"". But if the heptagon's area is equal to the triangle's area, then the answer is 588. However, the problem might have intended something else. But according to the calculations, with p="
2,6,reasoning,prose,asserted,588,True,7450,answer is 588.,"ething else. But according to the calculations, with p=0, which satisfies the given conditions, the answer is 588.

But let me check with another value of p. Let me choose p=7, for example.

Let me set p=7. Then po"
2,6,reasoning,prose,tentative,588,True,8638,answer is 588.,"
Alternatively, maybe the area of the heptagon is indeed equal to the area of the triangle, and the answer is 588. However, the problem says ""Find the area of heptagon AFNBCEM."" But if the area is same as the trian"
2,6,reasoning,prose,hypothetical,588,True,8674,answer is 588.,"the problem says ""Find the area of heptagon AFNBCEM."" But if the area is same as the triangle, then answer is 588. However, I need to check if there's an error in the logic.

But according to the problem statement,"
2,6,reasoning,prose,tentative,588,True,8974,answer is 588.," two different p values, the area is 588, and with p=0, the area of DEGF is correct. So I think the answer is 588.

But wait, the problem says ""Find the area of heptagon AFNBCEM."" However, in the initial diagram, t"
2,6,reasoning,prose,tentative,588,True,9503,answer is 588.,"configuration. However, given that with two different p values, the area is consistent, I think the answer is 588. However, the problem says ""heptagon AFNBCEM"". But maybe I have a miscalculation in the shoelace for"
2,6,reasoning,prose,hypothetical,588,True,10413,"answer is 588,"," it's safe to go with that.

But wait, the problem says ""Find the area of heptagon AFNBCEM."" If the answer is 588, then the answer is 588. However, the problem might have a different answer. But according to calcul"
2,6,reasoning,prose,hypothetical,588,True,10422,answer is 588.,"at.

But wait, the problem says ""Find the area of heptagon AFNBCEM."" If the answer is 588, then the answer is 588. However, the problem might have a different answer. But according to calculations, it's 588.

But w"
2,6,reasoning,prose,tentative,588,True,10562,answer is 588.,"is from AIME, the answer must be an integer between 0 and 999. 588 is such a number. So I think the answer is 588.

But I need to check once more. Maybe I made a mistake in assuming the area of ABC is 588? Let me c"
2,6,reasoning,prose,tentative,588,True,10902,answer is 588.,"e the heptagon into simpler shapes.

But given the time I've spent and multiple checks, I think the answer is 588.

But I need to check if 588 is the correct answer. However, I recall that in some problems, the are"
2,6,reasoning,boxed,asserted,588,True,10965,\boxed{588},"given the calculations, I think it's correct.

Therefore, my final answer is 588.

**Final Answer**
\boxed{588}
"
2,6,content,boxed,asserted,588,True,12364,\boxed{588}," which is consistent with the geometry and the shoelace calculation.

---

### **Final Answer**

$$
\boxed{588}
$$"
2,7,reasoning,prose,hypothetical,588,True,7588,"answer is 588,","ABC=588, which seems consistent.

But the problem asks for the area of the heptagon AFNBCEM. If the answer is 588, but the problem is from AIME, which usually has answers between 0-999, and 588 is possible. But may"
2,7,reasoning,prose,tentative,588,True,7926,answer is 588?,"lem gives that DEGF has area 288, and we used that to find q=42, leading to area ABC=588, maybe the answer is 588? But that seems too straightforward. However, let me check with another approach.

Alternative appro"
2,7,reasoning,prose,tentative,588,True,11252,answer is 588?,"is shows that my previous calculation where I got area of heptagon as 588 might be correct, and the answer is 588? But why does the problem give the area of DEGF as 288? Because in my calculation, I used that to fi"
2,7,reasoning,prose,hypothetical,588,True,11886,answer is 588.,"em, it's 48q/7 = 288 => q = 42, leading to area ABC = 588.

If the heptagon's area is 588, then the answer is 588. But I need to confirm.

Wait, let me think about the heptagon AFNBCEM. If I can express it as ABC p"
2,7,reasoning,prose,asserted,588,True,13335,answer is 588.," find q = 42, leading to area ABC = 588, and the heptagon also has area 588, it's possible that the answer is 588. However, I need to check if there's a miscalculation in the problem setup.

Wait, but the problem s"
2,7,reasoning,prose,tentative,588,True,13496,answer is 588.,"a accounts for it.

But since the calculation is consistent, and the steps are correct, I think the answer is 588. But I need to check if this is an AIME answer. AIME answers are integers between 0-999, so 588 is v"
2,7,reasoning,prose,tentative,588,True,13731,answer is 588.,"de. It's possible.

Alternatively, maybe the problem is designed such that the area is 588, and the answer is 588. But I need to check if there's any other constraints.

Wait, let me think about the reflection poin"
2,7,reasoning,prose,tentative,588,True,13829,answer is 588.,"ut I already used the area of DEGF to find q, and the rest follows.

Therefore, I think the correct answer is 588. So the final answer is 588.

But wait, the problem says ""heptagon AFNBCEM"". Let me check if I misre"
2,7,reasoning,prose,asserted,588,True,13839,final answer is 588.,"area of DEGF to find q, and the rest follows.

Therefore, I think the correct answer is 588. So the final answer is 588.

But wait, the problem says ""heptagon AFNBCEM"". Let me check if I misread the heptagon's vertices. "
2,7,reasoning,boxed,asserted,588,True,14056,\boxed{588},"e subtracted areas.

But given the calculations are consistent, I'll go with 588.

**Final Answer**
\boxed{588}
"
2,7,content,boxed,asserted,588,True,15360,\boxed{588},", which is consistent with the coordinates and the shoelace calculation.

---

### Final Answer

$$
\boxed{588}
$$"
2,8,reasoning,prose,hypothetical,588,True,6054,"answer is 588,","nd it, and the area of ABC is 588. But the problem says ""Find the area of heptagon AFNBCEM"". If the answer is 588, then it would be 588. But the problem gives that quadrilateral DEGF has area 288. However, accordin"
2,8,reasoning,prose,hypothetical,588,True,6383,answer is 588.,"ace formula might have considered the area as the entire triangle. But if that's the case, then the answer is 588. However, the problem says ""Find the area of heptagon AFNBCEM"". But maybe I made a mistake in the or"
2,8,reasoning,prose,hypothetical,588,True,6755,answer would be 588.,"ve us 588. However, if the area of the heptagon is equal to the area of ABC, which is 588, then the answer would be 588. However, the problem gives that quadrilateral DEGF has area 288, which is part of the triangle. But"
2,8,reasoning,prose,tentative,588,True,7584,answer is indeed 588.,"a of ABC, and the problem didn't specify any constraints that would make this impossible, maybe the answer is indeed 588. But the problem gives that DEGF has area 288, which is part of ABC. However, if the heptagon is the"
2,8,reasoning,prose,hypothetical,588,True,7625,answer is 588.," that DEGF has area 288, which is part of ABC. However, if the heptagon is the entire ABC, then the answer is 588. But I need to verify.

Wait, let me think about the area of DEGF. It is 288, and area of ABC is 588"
2,8,reasoning,prose,tentative,588,True,7904,answer is 588.,"triangle ABC with some overlapping.

Alternatively, maybe the heptagon is the triangle ABC, and the answer is 588. However, given that the problem gives the area of DEGF as 288, which is part of ABC, and asks for t"
2,8,reasoning,prose,hypothetical,588,True,7968,answer is 588.,"ptagon, which is presumably a part of ABC. However, if the heptagon is the whole triangle, then the answer is 588. But I need to check if that's possible.

But let me think: If I imagine the heptagon AFNBCEM, start"
2,8,reasoning,prose,tentative,588,True,8409,answer is 588.," 1:4:2.

Now, since DEGF has area 288, and we found that with q=42, area ABC is 588. Then maybe the answer is 588. But why is the problem giving the area of DEGF? Maybe to confirm that the coordinates are consisten"
2,8,reasoning,prose,tentative,588,True,8581,answer is 588.,"hat the heptagon has the same area, and the problem didn't specify any other constraints, maybe the answer is 588. However, I need to verify with another method.

Let me think about the heptagon AFNBCEM. Let me try"
2,8,reasoning,prose,tentative,588,True,8891,answer is 588.,"istent (since we used the given area of DEGF to find q=42, leading to area ABC=588), then maybe the answer is 588.

But I need to check if there's a possible error in the shoelace calculation. Let me recheck the sh"
2,8,reasoning,prose,asserted,588,True,9063,answer is 588.,"of p, the area is 588. So even though p is unknown, the area of the heptagon is 588. Therefore, the answer is 588. 

But the problem says ""Find the area of heptagon AFNBCEM."" Given that, and the calculations, I thi"
2,8,reasoning,prose,tentative,588,True,9098,answer is 588.,"the problem says ""Find the area of heptagon AFNBCEM."" Given that, and the calculations, I think the answer is 588. However, I need to check if the problem might have a different answer.

Wait, but the problem says "
2,8,reasoning,prose,tentative,588,True,9676,answer is 588.,"rts.

But since the shoelace formula already gave 588, and I can't find an error in it, I think the answer is 588.

But wait, the problem says ""heptagon AFNBCEM"". Let me check the number of sides: A-F-N-B-C-E-M-A. "
2,8,reasoning,prose,hypothetical,588,True,9747,answer is 588.,"sides, yes. 

But let me think, if I consider the area of the heptagon as the area of ABC, then the answer is 588. But the problem might expect a different answer. However, given the calculations, I think it's corr"
2,8,reasoning,prose,tentative,588,True,11357,answer is 588.,"of the heptagon. Hence, the shoelace formula is the correct method here.

Thus, I think the correct answer is 588. However, since the problem provides the area of DEGF as 288, which is part of the triangle, and if "
2,8,reasoning,prose,hypothetical,588,True,11401,answer is 588.," of DEGF as 288, which is part of the triangle, and if the heptagon is the whole triangle, then the answer is 588. But I need to check if there is a miscalculation.

Alternatively, let me think of the area of the h"
2,8,reasoning,prose,asserted,588,True,11586,answer is 588.,", and the area of ABC is 588, it must mean that the heptagon covers the entire triangle. Hence, the answer is 588.

But I'm still a bit uncertain because usually, such problems have more complex solutions. However,"
2,8,reasoning,boxed,asserted,588,True,11628,\boxed{588},"x solutions. However, given the calculations, I think this is the correct answer.

**Final Answer**
\boxed{588}
"
2,8,content,boxed,asserted,588,True,12683,\boxed{588}," ABC $. Therefore, the area of the heptagon is equal to the area of triangle $ ABC $, which is:

$$
\boxed{588}
$$"
3,1,reasoning,target_equation,target,16,True,2865,N = 2016?,"
So total N = 252 + 504 + 1260 = let's compute that.

252 + 504 = 756; 756 + 1260 = 2016.

Wait, so N = 2016?

But wait, hold on. Is that all? Wait, but the problem says ""the number of different assignments of"
3,1,reasoning,target_equation,target,16,True,3923,N=2016," matches our previous result. Therefore, there are 3 triples. Therefore, our initial calculation of N=2016 is correct?

But wait, but according to this substitution, there are 3 solutions. So that's consiste"
3,1,reasoning,target_equation,target,16,True,4073,N is 2016.,"ions (6,2,1), (5,3,1), (4,3,2), and for each, the number of assignments is 252, 504, 1260. So total N is 2016.

But then, the question says ""Find the remainder when N is divided by 1000."" So 2016 divided by 100"
3,1,reasoning,prose,tentative,16,True,4125,answer would be 16?,"nd the remainder when N is divided by 1000."" So 2016 divided by 1000 is 2 with remainder 16. So the answer would be 16? But that seems too easy. Wait, but maybe I made a mistake here. Because 2016 mod 1000 is 16. But I "
3,1,reasoning,target_equation,target,16,True,5977,N = 2016.,"ent, then divide by 6, I would get N.

But let me check with our previous result. Earlier, we found N = 2016. If I compute total number of assignments with all counts different, then divide by 6, I should get "
3,1,reasoning,target_equation,target,16,True,7099,N = 2016.,"are in the order c > v > s would be 12096 / 6 = 2016. Which matches our previous result. Therefore, N = 2016. Therefore, N mod 1000 is 2016 - 2*1000 = 16. So 16.

But wait, but 2016 divided by 1000 is 2 with r"
3,1,reasoning,prose,asserted,16,True,7165,answer is 16.,"00 is 2016 - 2*1000 = 16. So 16.

But wait, but 2016 divided by 1000 is 2 with remainder 16. So the answer is 16. However, I need to check if this is correct. But I have to make sure that my calculation of total o"
3,1,reasoning,target_equation,target,16,True,7422,N = 2016.,"wo counts equal: 4374. Then 18150 - 1680 - 4374 = 12096. Then 12096 / 6 = 2016. Correct. Therefore, N = 2016.

But now, why do I have a feeling that the answer might not be 16? Maybe I made a mistake in the pr"
3,1,reasoning,target_equation,target,0,False,7632,N=0.,"avors, each once. So counts are (1,1,1). But since they are equal, there's no c > v > s. Therefore, N=0. Which is correct.

Another example: 6 players. Let's say. Let me try with 6 players. Maybe compute "
3,1,reasoning,target_equation,target,16,True,7689,"N is 2016,","aybe this is too time-consuming. Alternatively, trust the math.

But according to the calculations, N is 2016, which mod 1000 is 16. However, I recall that sometimes in combinatorial problems, there might be an"
3,1,reasoning,target_equation,target,16,True,8150,"N=2016,","nditions. Find the remainder when N is divided by 1000.""

Yes, that's exactly what I considered. So N=2016, mod 1000 is 16. But I need to check if 2016 is correct. However, I remember that in some AIME probl"
3,1,reasoning,target_equation,target,16,True,8837,N = 252 + 504 + 1260 = 2016.,"57,600 = 17,280.

288 * 60 = 17,280. So total is 1000 + 200 + 60 = 1260. Correct. So 1260. So total N = 252 + 504 + 1260 = 2016. Correct.

So I think this is correct. Therefore, the answer is 2016 mod 1000 = 16.

But to be 100% "
3,1,reasoning,prose,asserted,16,True,8867,answer is 2016 mod 1000 = 16.,"So 1260. So total N = 252 + 504 + 1260 = 2016. Correct.

So I think this is correct. Therefore, the answer is 2016 mod 1000 = 16.

But to be 100% sure, maybe check with another method.

Alternatively, think of the three triples:
"
3,1,reasoning,prose,asserted,16,True,8965,answer is 16.,"52

(5,3,1): 504

(4,3,2): 1260

Total 2016. So 2016 divided by 1000 is 2 with remainder 16. So the answer is 16.

But I just want to check if the problem says ""different assignments of flavors to players"". So for"
3,1,reasoning,boxed,asserted,16,True,9043,\boxed{016},"e multinomial coefficients are correct.

Therefore, I think my answer is correct.

**Final Answer**
\boxed{016}

Wait, but the problem says ""Find the remainder when N is divided by 1000."" So 2016 divided by 1000"
3,1,reasoning,prose,hypothetical,16,True,9238,"answer is 16,","m statement, it says ""the remainder when N is divided by 1000,"" so if the remainder is 16, then the answer is 16, but in AIME format, it's written as 016? But the user instruction says ""Answer: NNN, where NNN is a"
3,1,reasoning,prose,hypothetical,16,True,9291,"answer is 16,"," user instruction says ""Answer: NNN, where NNN is an integer from 0 to 999."" So for example, if the answer is 16, then it's 016? But maybe in the AIME, they just write 16. Wait, but let me check.

Actually, accord"
3,1,reasoning,prose,hypothetical,16,True,9366,"answer is 16,",", and they are written as three-digit numbers, with leading zeros if necessary. For example, if the answer is 16, you write 016. However, in the problem statement here, the user says ""Answer: NNN, where NNN is an "
3,1,reasoning,prose,hypothetical,16,True,9414,"answer is 16,","oblem statement here, the user says ""Answer: NNN, where NNN is an integer from 0 to 999."" So if the answer is 16, then NNN is 016. However, in the context of the AIME, sometimes they accept 16 as well, but since t"
3,1,reasoning,prose,hypothetical,16,True,9564,"answer is 16,","ous problems, sometimes they just write the number, even if it's less than 100. For example, if the answer is 16, then it's 16, not 016. But the user says ""Answer: NNN, where NNN is an integer from 0 to 999."" So i"
3,1,reasoning,prose,hypothetical,16,True,9611,"answer is 16,","it's 16, not 016. But the user says ""Answer: NNN, where NNN is an integer from 0 to 999."" So if the answer is 16, then NNN is 016? But the user might expect 16. Wait, the original problem says ""Find the remainder "
3,1,reasoning,target_equation,hypothetical,16,True,9660,"N is 2016,","ht expect 16. Wait, the original problem says ""Find the remainder when N is divided by 1000."" So if N is 2016, then 2016 mod 1000 is 16. So the answer is 16, which is an integer from 0 to 999, so Answer: 016? O"
3,1,reasoning,prose,asserted,16,True,9685,"answer is 16,","s ""Find the remainder when N is divided by 1000."" So if N is 2016, then 2016 mod 1000 is 16. So the answer is 16, which is an integer from 0 to 999, so Answer: 016? Or 16?

But looking at the problem statement, th"
3,1,reasoning,prose,hypothetical,16,True,9754,"answer is 16,","ent, the user says ""the exact format Answer: NNN, where NNN is an integer from 0 to 999."" So if the answer is 16, then NNN is 016? But in the AIME, you have to write three digits. However, in the context of this p"
3,1,reasoning,prose,asserted,16,True,9970,answer is 16.,"he original problem statement from the user: ""Find the remainder when N is divided by 1000."" So the answer is 16. However, in the AIME, the answer is an integer between 0 and 999, and the answer should be given as"
3,1,reasoning,prose,hypothetical,16,True,10014,"answer is 16,","eger between 0 and 999, and the answer should be given as a three-digit number. For example, if the answer is 16, you write 016. But in many cases, people just write 16. However, since the user says ""Answer: NNN"","
3,1,reasoning,target_equation,hypothetical,123,False,10125,"N is 123,","ays ""NNN"", which is three digits, I should put 016.

But let me check with another example. Suppose N is 123, then answer is 123. If N is 12, then answer is 012. But I need to check if the system accepts leadi"
3,1,reasoning,prose,hypothetical,123,False,10133,answer is 123.,"h is three digits, I should put 016.

But let me check with another example. Suppose N is 123, then answer is 123. If N is 12, then answer is 012. But I need to check if the system accepts leading zeros. However, i"
3,1,reasoning,target_equation,hypothetical,12,False,10140,"N is 12,"," I should put 016.

But let me check with another example. Suppose N is 123, then answer is 123. If N is 12, then answer is 012. But I need to check if the system accepts leading zeros. However, in the AIME, "
3,1,reasoning,prose,asserted,16,True,10259,answer is 16.,"the problem again, the original problem says ""Find the remainder when N is divided by 1000."" So the answer is 16. But the user says ""Answer: NNN"". So if NNN is the remainder, then it's 16. However, if NNN is the n"
3,1,reasoning,prose,asserted,16,True,10402,answer is 16.,"ait, but I have to trust my calculation. Since my calculation is 2016, which mod 1000 is 16, so the answer is 16. However, to be safe, maybe check with another approach.

Alternatively, maybe I made a mistake in t"
3,1,reasoning,prose,asserted,16,True,10492,answer is 16.,"l number of assignments with c > v > s is 252 + 504 + 1260 = 2016. 2016 mod 1000 is 16. Yes. So the answer is 16. So I think the correct answer is 16, and in the required format, it's 016. But since the user might"
3,1,reasoning,prose,tentative,16,True,10503,"answer is 16,","s is 252 + 504 + 1260 = 2016. 2016 mod 1000 is 16. Yes. So the answer is 16. So I think the correct answer is 16, and in the required format, it's 016. But since the user might expect just 16, but the instruction "
3,1,reasoning,prose,hypothetical,16,True,10718,"answer is 16,","o I think it's 016.

But to check, let me think of the problem as from an AIME. For example, if the answer is 16, then the answer is 16, but in the AIME, you have to put 016. However, in the actual AIME, answers a"
3,1,reasoning,prose,hypothetical,16,True,10726,"answer is 16,","t to check, let me think of the problem as from an AIME. For example, if the answer is 16, then the answer is 16, but in the AIME, you have to put 016. However, in the actual AIME, answers are integers between 0 a"
3,1,reasoning,prose,tentative,16,True,10857,answer is 16.," might have a different answer. But given that I calculated 2016, which mod 1000 is 16, I think the answer is 16. However, since I'm not sure about the formatting, but the user might have intended 16. But to be sa"
3,1,reasoning,target_equation,target,16,True,11090,N=2016.,", 1, 1)? No. (3, 2, 4)? No, same as (4, 3, 2). So no. So no other triples. Hence, 3 triples. Hence, N=2016. Hence, 16.

But maybe the answer is different. Wait, I recall that in some cases, when you have c >"
3,1,reasoning,target_equation,target,16,True,11470,N=2016.,"c > v => 6 - v > v => 6 > 2v => v < 3. But v ≥ 4, so no solution.

Thus, only three triples. Hence, N=2016. Hence, 16.

Therefore, I think the answer is 16. So I will go with that.

**Final Answer**
\boxed{0"
3,1,reasoning,prose,tentative,16,True,11487,answer is 16.,"v ≥ 4, so no solution.

Thus, only three triples. Hence, N=2016. Hence, 16.

Therefore, I think the answer is 16. So I will go with that.

**Final Answer**
\boxed{016}

Wait, but in the initial problem statement, "
3,1,reasoning,boxed,asserted,16,True,11505,\boxed{016}," N=2016. Hence, 16.

Therefore, I think the answer is 16. So I will go with that.

**Final Answer**
\boxed{016}

Wait, but in the initial problem statement, the user might expect just 16. However, since they spe"
3,1,reasoning,prose,asserted,16,True,11554,answer is 16.,"xpect just 16. However, since they specified NNN, I think 016 is correct. However, in the AIME, the answer is 16. But I'm not sure. However, since I have to follow the exact format, and the user says ""Answer: NNN"""
3,1,reasoning,prose,hypothetical,16,True,11661,"answer is 16,","oking at other problems in the style of AIME, they usually expect three digits. For example, if the answer is 16, it's 016. However, in the context of this platform, maybe they accept 16. But since I can't be sure"
3,1,reasoning,boxed,asserted,16,True,11716,\boxed{016}," 16. But since I can't be sure, but given that the user explicitly says ""Answer: NNN"", I'll go with \boxed{016}.

But I just checked with the initial problem statement from the user: ""Find the remainder when N i"
3,1,reasoning,prose,asserted,16,True,11773,"answer is 16,","nder when N is divided by 1000."" The remainder is 16, which is an integer between 0 and 999. So the answer is 16, and the format is Answer: NNN. So if NNN is 16, then it's 016? Or is it 16? In the AIME, answers ar"
3,1,reasoning,prose,hypothetical,16,True,11843,"answer is 16,","rs are integers between 0 and 999, and they are entered as three-digit numbers. For example, if the answer is 16, you write 016. However, in many cases, people just write 16. But since the user says ""NNN"", I think"
3,1,reasoning,target_equation,hypothetical,16,True,11953,"N is 2016,","AIME, which requires three digits, I think 016 is the correct answer.

But to check, let me see: if N is 2016, then 2016 divided by 1000 is 2 with remainder 16. So the remainder is 16, which is less than 1000. "
3,1,reasoning,prose,asserted,16,True,12001,answer is 16.,"016 divided by 1000 is 2 with remainder 16. So the remainder is 16, which is less than 1000. So the answer is 16. However, in the AIME, the answer would be 016. But since the user hasn't specified, and the problem"
3,1,reasoning,prose,tentative,16,True,12058,"answer is 16,","specified, and the problem says ""the remainder when N is divided by 1000"", which is 16, I think the answer is 16, and the format is just the number. Hence, \boxed{016} or \boxed{16}?

But looking at previous probl"
3,1,reasoning,boxed,asserted,16,True,12075,\boxed{016}," divided by 1000"", which is 16, I think the answer is 16, and the format is just the number. Hence, \boxed{016} or \boxed{16}?

But looking at previous problems in the style of AIME, for example, if the answer i"
3,1,reasoning,boxed,asserted,16,True,12082,\boxed{16},"0"", which is 16, I think the answer is 16, and the format is just the number. Hence, \boxed{016} or \boxed{16}?

But looking at previous problems in the style of AIME, for example, if the answer is 16, it's wri"
3,1,reasoning,prose,hypothetical,16,True,12106,"answer is 16,","xed{016} or \boxed{16}?

But looking at previous problems in the style of AIME, for example, if the answer is 16, it's written as 16. But in the AIME, you have to write it as 016. However, since the user hasn't sp"
3,1,reasoning,prose,tentative,16,True,12229,answer is 16.,"given that the user might have a different expectation, but since my calculation is 16, I think the answer is 16. However, to match the exact format, I will put 016.

But in the end, I think that in most cases, th"
3,1,reasoning,prose,tentative,16,True,12264,answer is 16.,"owever, to match the exact format, I will put 016.

But in the end, I think that in most cases, the answer is 16. So I'll go with \boxed{016} as per the user's instruction of NNN.

**Final Answer**
\boxed{016}
"
3,1,reasoning,boxed,asserted,16,True,12276,\boxed{016},"mat, I will put 016.

But in the end, I think that in most cases, the answer is 16. So I'll go with \boxed{016} as per the user's instruction of NNN.

**Final Answer**
\boxed{016}
"
3,1,reasoning,boxed,asserted,16,True,12297,\boxed{016},"e answer is 16. So I'll go with \boxed{016} as per the user's instruction of NNN.

**Final Answer**
\boxed{016}
"
3,1,content,boxed,asserted,16,True,13199,\boxed{016},"tep 4: Compute the Remainder

We are to find:

$$
2016 \mod 1000 = 16
$$

---

### Final Answer

$$
\boxed{016}
$$"
3,2,reasoning,target_equation,target,16,True,2319,N is 2016?,"erefore, total N = 252 + 504 + 1260 = let's compute:

252 + 504 = 756; 756 + 1260 = 2016.

Wait, so N is 2016? Then the problem says to find N mod 1000. So 2016 mod 1000 is 16. But wait, that seems low. But let"
3,2,reasoning,target_equation,target,16,True,2834,N = 252 + 504 + 1260 = 2016.,"80

288 * 60 = 17,280

So total is 1000 + 200 + 60 = 1260. Correct. So third term is 1260. So total N = 252 + 504 + 1260 = 2016. Then 2016 mod 1000 is 16. But that seems too small. Wait, but maybe I missed some triples?

Wait, h"
3,2,reasoning,target_equation,target,16,True,3332,"N = 2016,","radiction. So no solutions.

s = 4: even worse. So only three triples.

So that seems correct. Then N = 2016, which mod 1000 is 16. But 2016 divided by 1000 is 2 with remainder 16. So answer is 016? But AIME a"
3,2,reasoning,target_equation,hypothetical,16,True,3436,"N is 2016,","tten as 016? Wait, no. Wait, the problem says ""Find the remainder when N is divided by 1000."" So if N is 2016, then 2016 mod 1000 is 16. But AIME answers are integers between 0 and 999, so 16 is written as 016?"
3,2,reasoning,prose,hypothetical,16,True,3629,"answer is 16,","statement, it says ""the exact format Answer: NNN, where NNN is an integer from 0 to 999."" So if the answer is 16, then it's 016? But maybe not. Wait, let me check.

Wait, actually, no. The AIME answers are integer"
3,2,reasoning,prose,hypothetical,16,True,3727,"answer is 16,"," says ""the exact format Answer: NNN, where NNN is an integer from 0 to 999."" So for example, if the answer is 16, you write 016. But sometimes, in some contexts, they might accept 16, but according to the problem'"
3,2,reasoning,prose,hypothetical,16,True,3809,"answer is 16,",", the user says ""Find the remainder when N is divided by 1000."" So if the remainder is 16, then the answer is 16, but since AIME answers are three digits, you need to write 016. However, in the context of the prob"
3,2,reasoning,prose,hypothetical,16,True,3993,"answer is 16,","r in the exact format Answer: NNN, where NNN is an integer from 0 to 999.""

So, for example, if the answer is 16, then Answer: 016. But maybe in the context of the problem, they accept 16. But to be safe, let me c"
3,2,reasoning,target_equation,target,16,True,4253,N = 252 + 504 + 1260 = 2016.," 9! / (6!2!1!) = 252. For (5,3,1): 9! / (5!3!1!) = 504. For (4,3,2): 9! / (4!3!2!) = 1260. So total N = 252 + 504 + 1260 = 2016. That seems correct.

But let me think again: are there other triples?

Wait, suppose someone consid"
3,2,reasoning,target_equation,target,16,True,7922,N = 2016,"54):

18150 - 6054 = 12096.

Which matches 6 * 2016 = 12096. Therefore, our original calculation of N = 2016 is correct. Therefore, 2016 mod 1000 is 16. However, AIME answers are integers from 0 to 999, so 16 "
3,2,reasoning,prose,hypothetical,16,True,7992,"answer is 16,"," to 999, so 16 is acceptable as 016? But the problem says ""the exact format Answer: NNN"", so if the answer is 16, then it's 016? But maybe in the context of the problem, they just want the numerical value, and 16 "
3,2,reasoning,target_equation,target,16,True,8154,N = 2016.," assignments where c > v > s is 12096 / 6 = 2016, which matches. Therefore, that seems correct.

So N = 2016. Therefore, 2016 mod 1000 is 16. But wait, 2016 divided by 1000 is 2 with remainder 16. So 16 is cor"
3,2,reasoning,prose,tentative,16,True,9183,answer is 16.," of the possible distributions.

But I think my previous reasoning is solid. Therefore, I think the answer is 16. However, to be 100% sure, let me check if there's a miscalculation in the initial step.

Wait, the "
3,2,reasoning,prose,asserted,16,True,9318,answer is 16.," so the calculation is correct. Therefore, 2016 is correct, and 2016 mod 1000 is 16. Therefore, the answer is 16.

But wait, I just thought of something. The problem says ""the number of different assignments of fl"
3,2,reasoning,prose,asserted,16,True,9482,answer is 16.,"= 84 * 3 * 1 = 252. Correct. Similarly for others.

Therefore, calculations are correct. Therefore, answer is 16.

But I recall that in some cases, when the problem says ""assignments"", sometimes it's considered up"
3,2,reasoning,prose,tentative,16,True,9560,answer is 16.,"different even if they have the same counts. So our calculation is correct.

Therefore, I think the answer is 16. However, I have a lingering doubt because sometimes problems can have more cases. But I can't find "
3,2,reasoning,boxed,asserted,16,True,9605,\boxed{016},"n have more cases. But I can't find any other triplets. So I think 16 is correct.

**Final Answer**
\boxed{016}

Wait, but the system might not accept leading zeros. However, according to the problem's instructi"
3,2,reasoning,prose,hypothetical,16,True,9660,"answer is 16,","struction, it says ""the exact format Answer: NNN, where NNN is an integer from 0 to 999."" So if the answer is 16, then NNN is 016. But in the AIME, answers are integers between 0 and 999, and they are written as t"
3,2,reasoning,prose,asserted,16,True,9832,"answer is 16,","ivided by 1000."" So the remainder is 16, which is an integer between 0 and 999. So technically, the answer is 16, and the format should be Answer: 016. However, in the context of the AIME, the answer would be 016."
3,2,reasoning,prose,hypothetical,16,True,10094,"answer is 16,"," of the AIME, they do require three digits, but the answer is still an integer. For example, if the answer is 16, you write 016. However, in the context of this problem, since the user says ""Answer: NNN"", and NNN "
3,2,reasoning,prose,hypothetical,16,True,10178,"answer is 16,","ious problems in the style of AIME, the answer is always given as three digits. For example, if the answer is 16, then it's 016. However, in some cases, the problem might have a different answer. However, given th"
3,2,reasoning,prose,asserted,16,True,10251,"answer is 16,"," to 2016, which mod 1000 is 16, and the problem says ""the remainder when N is divided by 1000"", the answer is 16, and in the required format, it's 016.

But to check, let me think about the value of 2016 mod 1000."
3,2,reasoning,prose,asserted,16,True,10325,answer is 16.," 2016 mod 1000. 2016 divided by 1000 is 2 with remainder 16, so the remainder is 16. Therefore, the answer is 16. However, since the problem says ""the exact format Answer: NNN"", and NNN is an integer from 0 to 999"
3,2,reasoning,prose,tentative,16,True,10404,"answer is 16,","t in the context of this problem, maybe they just want the numerical value. Given that, I think the answer is 16, and the user might expect \boxed{016} or \boxed{16}. But since the user hasn't specified, and in ma"
3,2,reasoning,boxed,tentative,16,True,10416,\boxed{016},"they just want the numerical value. Given that, I think the answer is 16, and the user might expect \boxed{016} or \boxed{16}. But since the user hasn't specified, and in many cases, on platforms like AIME, 16 i"
3,2,reasoning,boxed,tentative,16,True,10423,\boxed{16},"the numerical value. Given that, I think the answer is 16, and the user might expect \boxed{016} or \boxed{16}. But since the user hasn't specified, and in many cases, on platforms like AIME, 16 is acceptable a"
3,2,reasoning,prose,asserted,16,True,10566,answer is 16.," the remainder when N is divided by 1000."" The remainder is 16, which is an integer. Therefore, the answer is 16. Hence, the final answer is \boxed{016} or \boxed{16}?

In the context of the AIME, the answer is 01"
3,2,reasoning,boxed,asserted,16,True,10579,\boxed{016},""" The remainder is 16, which is an integer. Therefore, the answer is 16. Hence, the final answer is \boxed{016} or \boxed{16}?

In the context of the AIME, the answer is 016. However, in many mathematical contex"
3,2,reasoning,boxed,asserted,16,True,10586,\boxed{16}," is 16, which is an integer. Therefore, the answer is 16. Hence, the final answer is \boxed{016} or \boxed{16}?

In the context of the AIME, the answer is 016. However, in many mathematical contexts, the remain"
3,2,reasoning,prose,tentative,16,True,10708,answer is 16.,"m 0 to 999."" So if NNN is an integer, then 16 is an integer, and 016 is not. Therefore, I think the answer is 16. But this is conflicting.

Wait, the problem says ""the exact format Answer: NNN, where NNN is an int"
3,2,reasoning,prose,hypothetical,16,True,10770,"answer is 16,","where NNN is an integer from 0 to 999."" So NNN is an integer, which can be from 0 to 999. So if the answer is 16, then NNN is 16, which is an integer. Therefore, the answer is \boxed{016}? Or \boxed{16}? The wordi"
3,2,reasoning,boxed,asserted,16,True,10795,\boxed{016},"rom 0 to 999. So if the answer is 16, then NNN is 16, which is an integer. Therefore, the answer is \boxed{016}? Or \boxed{16}? The wording is confusing. If NNN is an integer, then 16 is correct. But in AIME, it"
3,2,reasoning,boxed,asserted,16,True,10802,\boxed{16}," if the answer is 16, then NNN is 16, which is an integer. Therefore, the answer is \boxed{016}? Or \boxed{16}? The wording is confusing. If NNN is an integer, then 16 is correct. But in AIME, it's three digits"
3,2,reasoning,prose,hypothetical,16,True,10893,"answer is 16,","igits, I think it's safer to write 016.

But I need to check previous problems. For example, if the answer is 16, then on AIME, it's 016. However, in the context of this problem, since it's a math problem asking f"
3,2,reasoning,boxed,asserted,16,True,10986,\boxed{016},", and since the user might be expecting the three-digit answer, I'll go with 016.

**Final Answer**
\boxed{016}
"
3,2,content,target_equation,target,16,True,11911,N = 252 + 504 + 1260 = 2016,"t 6 \cdot 2} = \frac{362880}{288} = 1260
$$

---

### Step 3: Total number of valid assignments

$$
N = 252 + 504 + 1260 = 2016
$$

---

### Step 4: Compute $ N \mod 1000 $

$$
2016 \mod 1000 = 16
$$

---

### Final Answer

$$
\"
3,2,content,boxed,asserted,16,True,11964,\boxed{016},"
$$

---

### Step 4: Compute $ N \mod 1000 $

$$
2016 \mod 1000 = 16
$$

---

### Final Answer

$$
\boxed{016}
$$"
3,3,reasoning,target_equation,target,16,True,2462,N is 2016?,"252, 504, 1260.

So total N is 252 + 504 + 1260 = ?

252 + 504 is 756, plus 1260 is 2016.

Wait, so N is 2016?

But wait, hold on. Is that all?

Wait, but the problem says ""the number of different assignments o"
3,3,reasoning,target_equation,target,16,True,2946,N = 252 + 504 + 1260 = 2016.,"4 = 9, which is already more than 6. So impossible.

So indeed, only three triples. Therefore total N = 252 + 504 + 1260 = 2016.

But wait, the problem says ""the number of different assignments of flavors to players that meet th"
3,3,reasoning,target_equation,target,16,True,3264,N = 252 + 504 + 1260 = 2016.,"

Alternatively, S=1, V=2, C=6; S=1, V=3, C=5; S=2, V=3, C=4. So those are the only ones.

So total N = 252 + 504 + 1260 = 2016. Then the question is to find N mod 1000. So 2016 divided by 1000 is 2 with remainder 16. So the ans"
3,3,reasoning,prose,tentative,16,True,3309,answer would be 16?,"16. Then the question is to find N mod 1000. So 2016 divided by 1000 is 2 with remainder 16. So the answer would be 16? But wait, that seems too easy. But let me check again.

Wait, but maybe I made a mistake in the cal"
3,3,reasoning,target_equation,target,16,True,3580,N = 2016.," = 362880 / (24 * 6 * 2) = 362880 / 288 = 1260. Correct.

So 252 + 504 = 756, 756 + 1260 = 2016. So N = 2016. Then 2016 mod 1000 is 16. So the answer is 016? But AIME answers are integers from 0 to 999, so 16 "
3,3,reasoning,prose,asserted,16,True,3694,answer is 16.,"mainder when N is divided by 1000"", so 2016 divided by 1000 is 2*1000 + 16, so remainder 16. So the answer is 16. But AIME answers are three digits, so 016? Wait, but in the instructions, it says ""Answer: NNN, whe"
3,3,reasoning,prose,hypothetical,16,True,3747,"answer is 16,","t, but in the instructions, it says ""Answer: NNN, where NNN is an integer from 0 to 999."" So if the answer is 16, it's 016? But maybe the system accepts 16 as 016? Wait, but in AIME problems, the answer is an inte"
3,3,reasoning,prose,hypothetical,16,True,3843,answer is 16.,", in the problem statement, they say ""the remainder when N is divided by 1000"", which is 16, so the answer is 16. But in AIME, they usually require three digits. But the user instruction here says ""Answer: NNN, wh"
3,3,reasoning,prose,hypothetical,16,True,3890,"answer is 16,"," But the user instruction here says ""Answer: NNN, where NNN is an integer from 0 to 999."" So if the answer is 16, then it's 016? But maybe the system just wants 16. Wait, but let me check if my calculation is corr"
3,3,reasoning,target_equation,target,16,True,5108,N = 2016.,"So same as before. Therefore, same counts.

So that confirms that there are three distributions. So N = 2016. Then 2016 mod 1000 is 16. But wait, but I have a feeling that maybe there's a mistake here. Because"
3,3,reasoning,target_equation,hypothetical,16,True,9556,"N = 2016,","er of assignments with all counts distinct is 6 * N. Therefore, in our original problem, if we have N = 2016, then total assignments with all counts distinct would be 6 * 2016? But that can't be, since in the "
3,3,reasoning,prose,asserted,16,True,9832,answer is 2016 mod 1000 = 16.,"mple, our approach worked, I think that the original calculation of 2016 is correct. Therefore, the answer is 2016 mod 1000 = 16.

But now I need to check if there is any mistake in the calculation of the multinomial coefficients"
3,3,reasoning,target_equation,target,0,False,9942,"N = 0,"," S would be (1, 1, 1), but since they are not distinct, there are no such distributions. Therefore, N = 0, which is correct, since you can't have C > V > S when all counts are equal. Which matches.

Another"
3,3,reasoning,target_equation,target,0,False,10059,N = 0.," ≥ 1.

Minimum S = 1, V ≥ 2, C ≥ 3. Then C + V + S ≥ 3 + 2 + 1 = 6 > 4. Therefore, no solutions. So N = 0. Correct.

Another example: 6 players.

Find distributions where C > V > S ≥ 1, C + V + S = 6.

Mini"
3,3,reasoning,target_equation,target,60,False,10156,"N = 60,","ssignments is 6! / (3! 2! 1!) = 60. Which matches our previous example. So according to our method, N = 60, which is correct.

Therefore, returning to our original problem, the answer should be 2016, which m"
3,3,reasoning,prose,asserted,16,True,10413,answer is 2016 mod 1000 = 16.,"ents for each solution. Which we did.

Therefore, I think my calculation is correct. Therefore, the answer is 2016 mod 1000 = 16.

But to be 100% sure, let me check if there is an official solution or similar problem.

Wait, but "
3,3,reasoning,prose,hypothetical,16,True,10826,"answer is 16,"," However, the user instruction says ""Answer: NNN, where NNN is an integer from 0 to 999."" So if the answer is 16, it should be written as 016? But in the context of AIME, answers are integers between 0 and 999, an"
3,3,reasoning,prose,hypothetical,16,True,10874,"answer is 16,","f AIME, answers are integers between 0 and 999, and leading zeros are not used. For example, if the answer is 16, you write 16. However, sometimes problems specify to put three digits, but in the original problem "
3,3,reasoning,prose,asserted,16,True,10927,answer is 16.," original problem statement, it says ""the remainder when N is divided by 1000,"" which is 16, so the answer is 16. However, to make sure, let me check with the calculation.

Wait, 2016 divided by 1000 is 2 with rem"
3,3,reasoning,prose,asserted,16,True,11031,answer is 16.," the problem statement: ""Find the remainder when N is divided by 1000."" The remainder is 16, so the answer is 16. However, in the AIME, answers are integers from 0 to 999, and they are written as three digits, so "
3,3,reasoning,prose,hypothetical,16,True,11103,"answer is 16,","rmat. But the user instruction says ""Answer: NNN, where NNN is an integer from 0 to 999."" So if the answer is 16, then NNN is 016? But the user might expect 16. However, since the problem says ""the remainder when "
3,3,reasoning,target_equation,target,16,True,11472,"N is 2016,","0 / (24 * 6 * 2) = 362880 / 288 = 1260. Correct.

Total: 252 + 504 + 1260 = 2016. Correct.

Yes, so N is 2016, mod 1000 is 16. So Answer: 016? Or 16?

But looking at previous AIME problems, for example, if the "
3,3,reasoning,prose,hypothetical,16,True,11515,"answer is 16,"," mod 1000 is 16. So Answer: 016? Or 16?

But looking at previous AIME problems, for example, if the answer is 16, it's written as 016? Or just 16? But in the AIME, answers are integers from 0 to 999, and they are "
3,4,reasoning,target_equation,target,16,True,2156,N = 2016.,"r of assignments is 252 + 504 + 1260.

Let me compute that: 252 + 504 = 756; 756 + 1260 = 2016.

So N = 2016.

Wait, but hold on. Is that all? Let me check again.

Wait, the problem says ""the number of differe"
3,4,reasoning,target_equation,target,16,True,3003,N is 252 + 504 + 1260 = 2016.,"If S=3, V=4, C=2 (invalid). So no, no other possibilities. So only three triples.

Therefore, total N is 252 + 504 + 1260 = 2016.

But wait, 252 + 504 is 756, plus 1260 is 2016. So N = 2016. Then the problem says to find N mod 10"
3,4,reasoning,target_equation,target,16,True,3043,N = 2016.,"

Therefore, total N is 252 + 504 + 1260 = 2016.

But wait, 252 + 504 is 756, plus 1260 is 2016. So N = 2016. Then the problem says to find N mod 1000. 2016 divided by 1000 is 2 with remainder 16. So the answe"
3,4,reasoning,prose,asserted,16,True,3086,answer is 16?,"2016. Then the problem says to find N mod 1000. 2016 divided by 1000 is 2 with remainder 16. So the answer is 16? But wait, that seems too easy. Wait, but let me check again.

Wait, maybe I made a mistake in calcu"
3,4,reasoning,target_equation,target,16,True,3635,N = 252 + 504 + 1260 = 2016.,"74,880 - 57,600 = 17,280. 288 * 60 = 17,280. So total is 1000 + 200 + 60 = 1260. Correct.

So total N = 252 + 504 + 1260 = 2016. Then 2016 mod 1000 is 16. So the answer is 016? But AIME answers are integers from 0 to 999, and th"
3,4,reasoning,prose,asserted,16,True,3749,answer is 16.,"e remainder when N is divided by 1000,"" so 2016 divided by 1000 is 2*1000 + 16, so remainder 16. So answer is 16. But AIME answers are integers between 0 and 999, so 16 is written as 016? But maybe the problem exp"
3,4,reasoning,prose,hypothetical,16,True,3859,"answer is 16,","ons, the user says ""the exact format Answer: NNN, where NNN is an integer from 0 to 999."" So if the answer is 16, then it's 016? But maybe the problem expects 16. However, in the AIME, answers are integers from 0 "
3,4,reasoning,prose,asserted,16,True,4506,answer is 16.,"e triples. So my previous calculation is correct.

Therefore, N = 2016. 2016 mod 1000 is 16. So the answer is 16. But wait, I'm a bit unsure because sometimes problems like this have more cases. Let me check once "
3,4,reasoning,prose,asserted,16,True,4943,answer is 16.," * 1 = 1260. Correct. So that's correct.

So total 252 + 504 + 1260 = 2016. 2016 mod 1000 is 16. So answer is 16. But I need to check if there's a mistake here. Wait, maybe the problem says ""at least one player ch"
3,4,reasoning,prose,tentative,16,True,5582,answer is 16.,"nd three such partitions, and calculated the total as 2016, and 2016 mod 1000 is 16, then maybe the answer is 16.

But I remember that sometimes in combinatorial problems, especially with constraints, there might "
3,4,reasoning,target_equation,target,16,True,6677,"N = 2016,","ut this seems complicated. However, maybe we can compute it.

Alternatively, since we already found N = 2016, then X = 2016 * 6 = 12096. Let me check if that is consistent with the total number of onto functio"
3,4,reasoning,target_equation,target,16,True,7418,"N = 2016,","t) equals 18150.

But let's check if this approach is correct. However, since we already calculated N = 2016, and according to this, X = 12096, which would mean that N = X / 6 = 2016. Which matches our previou"
3,4,reasoning,target_equation,target,16,True,7620,"N = 2016,","sense. Alternatively, maybe I can compute X directly.

But since we already have two methods giving N = 2016, which is 2016, and 2016 mod 1000 is 16, I think that is the answer.

But just to make sure, let me "
3,4,reasoning,prose,tentative,16,True,7779,answer is 16.,"nly three triples, and the calculation seems consistent, I think it's safe.

Therefore, I think the answer is 16.

But wait, hold on. Wait, the problem says ""the number of different assignments of flavors to playe"
3,4,reasoning,target_equation,target,0,False,8210,N = 0.,"ers, the only possible triple is (1, 1, 1), but that doesn't satisfy C > V > S. So no solutions. So N = 0. Which makes sense.

Another test case: 6 players. Let's see.

Find N for 6 players, same conditions"
3,4,reasoning,target_equation,target,60,False,8535,N = 60.," triple: (3, 2, 1).

Number of assignments: 6! / (3! 2! 1!) = 720 / (6 * 2 * 1) = 720 / 12 = 60. So N = 60.

If I use the formula N = X / 6, where X is the number of onto functions with all counts distinct. "
3,4,reasoning,target_equation,target,16,True,8761,"N = 2016,","the method works for smaller numbers. So likely correct.

Therefore, returning to original problem, N = 2016, mod 1000 is 16. So answer is 16. But I need to check if the problem says ""the number of different a"
3,4,reasoning,prose,asserted,16,True,8779,answer is 16.,"numbers. So likely correct.

Therefore, returning to original problem, N = 2016, mod 1000 is 16. So answer is 16. But I need to check if the problem says ""the number of different assignments of flavors to players "
3,4,reasoning,prose,tentative,16,True,8868,answer is 16.," are different. Which is what we considered. So our calculation is correct.

Therefore, I think the answer is 16.

But just to check once more, let me compute 2016 divided by 1000. 1000*2 = 2000, 2016 - 2000 = 16."
3,4,reasoning,prose,asserted,16,True,8980,final answer is 16.,"traightforward. But given that the smaller case checks out, I think this is correct.

Therefore, my final answer is 16. So Answer: 016? But AIME answers are integers from 0 to 999, and they are written as three digits. "
3,4,reasoning,target_equation,hypothetical,16,True,9044,"N is 2016,","digits. However, in the problem statement, it says ""the remainder when N is divided by 1000,"" so if N is 2016, then 2016 mod 1000 is 16, which is 16. But AIME answers are integers between 0 and 999, so 16 is ac"
3,4,reasoning,prose,hypothetical,16,True,9143,"answer is 16,","ons, the user says ""the exact format Answer: NNN, where NNN is an integer from 0 to 999."" So if the answer is 16, then it should be written as 016? But maybe not. Wait, the AIME requires answers to be integers bet"
3,4,reasoning,prose,hypothetical,16,True,9257,"answer is 16,",", and they are entered as three-digit numbers, with leading zeros if necessary. For example, if the answer is 16, you would write 016. But I need to check the exact instructions.

But the user says: ""Find the rema"
3,4,reasoning,prose,asserted,16,True,9387,answer is 16.,", the problem says ""NNN is an integer from 0 to 999."" So 16 is an integer between 0 and 999. So the answer is 16. However, sometimes in AIME problems, they specify that leading zeros are not required, but since th"
3,4,reasoning,prose,hypothetical,16,True,9499,"answer is 16,","16. However, since the user says ""Answer: NNN"", I think they want three digits. For example, if the answer is 16, write 016. However, I need to check the problem statement again.

Wait, the original problem says """
3,4,reasoning,prose,asserted,16,True,9565,"answer is 16,","nder when N is divided by 1000."" The remainder is 16, which is an integer between 0 and 999. So the answer is 16, and the format is Answer: NNN where NNN is that integer. Therefore, if the answer is 16, then Answe"
3,4,reasoning,prose,hypothetical,16,True,9590,"answer is 16,","99. So the answer is 16, and the format is Answer: NNN where NNN is that integer. Therefore, if the answer is 16, then Answer: 016? But in the context of the AIME, they usually accept 16 as the answer. However, si"
3,4,reasoning,prose,hypothetical,16,True,9683,Answer: 16.,"t format Answer: NNN, where NNN is an integer from 0 to 999."" So 16 is an integer from 0 to 999, so Answer: 16. However, in the AIME, answers are integers from 0 to 999, and you have to enter three digits, so 01"
3,4,reasoning,prose,hypothetical,16,True,9763,Answer: 16,"problem statement, they say ""Find the remainder when N is divided by 1000,"" which is 16, so I think Answer: 16 is acceptable. But to be safe, since the problem says ""the exact format Answer: NNN"", and NNN is an "
3,4,reasoning,prose,tentative,16,True,9833,answer is 16.," I think it's safest to write 016. However, in the AIME, they don't use leading zeros, so maybe the answer is 16. But since I don't have specific instructions, but the user says ""the exact format Answer: NNN"", I t"
3,4,reasoning,prose,hypothetical,16,True,9890,"answer is 16,",", I think they want three digits. But the problem says ""NNN is an integer from 0 to 999"". So if the answer is 16, then NNN is 16, which is an integer from 0 to 999. So Answer: 16.

But to check, let me look at pre"
3,4,reasoning,prose,asserted,16,True,9918,Answer: 16.,"teger from 0 to 999"". So if the answer is 16, then NNN is 16, which is an integer from 0 to 999. So Answer: 16.

But to check, let me look at previous problems. For example, if the answer is 16, then the AIME an"
3,4,reasoning,prose,hypothetical,16,True,9940,"answer is 16,"," from 0 to 999. So Answer: 16.

But to check, let me look at previous problems. For example, if the answer is 16, then the AIME answer is 16, written as 16, not 016. So I think the answer is 16. Hence, Answer: 16."
3,4,reasoning,prose,hypothetical,16,True,9950,"answer is 16,","6.

But to check, let me look at previous problems. For example, if the answer is 16, then the AIME answer is 16, written as 16, not 016. So I think the answer is 16. Hence, Answer: 16.

But to confirm, let me che"
3,4,reasoning,prose,tentative,16,True,9972,answer is 16.,"or example, if the answer is 16, then the AIME answer is 16, written as 16, not 016. So I think the answer is 16. Hence, Answer: 16.

But to confirm, let me check with the total N = 2016. 2016 divided by 1000 is 2"
3,4,reasoning,prose,asserted,16,True,9980,Answer: 16.,"swer is 16, then the AIME answer is 16, written as 16, not 016. So I think the answer is 16. Hence, Answer: 16.

But to confirm, let me check with the total N = 2016. 2016 divided by 1000 is 2 with remainder 16."
3,4,reasoning,boxed,asserted,16,True,10045,\boxed{016},"16 divided by 1000 is 2 with remainder 16. So remainder is 16. Hence, Answer: 16.

**Final Answer**
\boxed{016}

Wait, but in my final conclusion I thought 16, but I wrote 016. Which is correct?

Actually, looki"
3,4,reasoning,prose,hypothetical,16,True,10112,"answer is 16,","k, the user wrote: ""the exact format Answer: NNN, where NNN is an integer from 0 to 999."" So if the answer is 16, then NNN is 16, which is an integer from 0 to 999. However, in the AIME, answers are three-digit nu"
3,4,reasoning,prose,hypothetical,16,True,10202,"answer is 16,","NN is an integer"", which is 16, not 016. But maybe the user wants three digits. For example, if the answer is 16, then 016 is the three-digit representation. However, since the problem says ""the remainder when N i"
3,4,reasoning,boxed,format_discussion,16,True,10269,\boxed{016},"s divided by 1000"", which is 16, and 16 is an integer between 0 and 999, I think it's safe to write \boxed{016} if required, but in standard practice, it's \boxed{16}. However, to adhere strictly to the instruct"
3,4,reasoning,boxed,hypothetical,16,True,10285,\boxed{16},"tween 0 and 999, I think it's safe to write \boxed{016} if required, but in standard practice, it's \boxed{16}. However, to adhere strictly to the instruction ""Answer: NNN"", which is three digits, I should writ"
3,4,reasoning,boxed,format_discussion,16,True,10314,\boxed{016},"However, to adhere strictly to the instruction ""Answer: NNN"", which is three digits, I should write \boxed{016}. But I'm not sure. However, in the original problem statement, the user might have intended the ans"
3,4,reasoning,boxed,tentative,16,True,10395,\boxed{16},"ut given that in the AIME, answers are integers from 0 to 999, and 16 is within that range, I think \boxed{16} is acceptable. However, in the initial problem, the user might have a specific format. But since th"
3,4,reasoning,prose,asserted,16,True,10506,"answer is 16,","n N is divided by 1000."" The remainder is 16, which is an integer between 0 and 999. Therefore, the answer is 16, and the format is Answer: NNN where NNN is 16. But since NNN is three digits, maybe leading zeros a"
3,4,reasoning,prose,hypothetical,16,True,10583,"answer is 16,","9, and they are entered as three-digit numbers with leading zeros if necessary. For example, if the answer is 16, you write 016. But in the context of this platform, maybe they accept 16. However, since the user h"
3,4,reasoning,boxed,tentative,16,True,10687,\boxed{016},"culation says 16, and I initially thought 16, but then second-guessed, I think safest is to go with \boxed{016} as per the exact format. But I need to check the original problem's instructions.

Wait, the origin"
3,4,reasoning,prose,asserted,16,True,10787,Answer: 16.,"r from 0 to 999."" So if the remainder is 16, then NNN is 16. But 16 is an integer from 0 to 999. So Answer: 16. However, if the system is expecting three digits, it might require 016. But since the user hasn't s"
3,4,reasoning,boxed,tentative,16,True,10834,\boxed{16}," since the user hasn't specified, and given that in many cases, leading zeros are not used, I think \boxed{16} is correct. However, in the initial problem statement, the user might have intended 016. But I'm no"
3,4,reasoning,prose,asserted,16,True,10910,answer is 16.,"ays ""the remainder when N is divided by 1000."" The remainder is 16, which is less than 1000, so the answer is 16. Hence, I think \boxed{16} is correct. However, to match the format, if it's required to have three "
3,4,reasoning,boxed,tentative,16,True,10920,\boxed{16},"divided by 1000."" The remainder is 16, which is less than 1000, so the answer is 16. Hence, I think \boxed{16} is correct. However, to match the format, if it's required to have three digits, then 016. But sinc"
3,4,reasoning,boxed,tentative,16,True,10982,\boxed{16},"6. But since the problem says ""NNN is an integer from 0 to 999,"" and 16 is such an integer, I think \boxed{16} is correct. Hence, I'll go with that.

**Final Answer**
\boxed{16}
"
3,4,reasoning,boxed,asserted,16,True,11003,\boxed{16},"d 16 is such an integer, I think \boxed{16} is correct. Hence, I'll go with that.

**Final Answer**
\boxed{16}
"
3,4,content,target_equation,target,16,True,11805,N = 252 + 504 + 1260 = 2016,"2880}{288} = 1260
   $$

---

### Step 3: Total Number of Valid Assignments

Add up the counts:

$$
N = 252 + 504 + 1260 = 2016
$$

---

### Step 4: Find the Remainder When Divided by 1000

$$
2016 \mod 1000 = 16
$$

---

### Fi"
3,4,content,boxed,asserted,16,True,11860,\boxed{16},"ep 4: Find the Remainder When Divided by 1000

$$
2016 \mod 1000 = 16
$$

---

### Final Answer

$$
\boxed{16}
$$"
3,5,reasoning,target_equation,target,16,True,2927,N = 2016?,"erefore, total N = 252 + 504 + 1260 = let's compute:

252 + 504 = 756; 756 + 1260 = 2016.

Wait, so N = 2016?

But then the problem says ""the number of different assignments of flavors to players that meet the"
3,5,reasoning,prose,hypothetical,16,True,3131,"answer is 16,","tructions, it says ""the exact format Answer: NNN, where NNN is an integer from 0 to 999."" So if the answer is 16, then it's 016? But I need to check if my calculation is correct.

But wait, maybe I made a mistake "
3,5,reasoning,target_equation,target,16,True,3704,N=2016.,"ates the condition C > V > S. So no.

Wait, so the only possible triples are the three we found. So N=2016.

But let me check another way. Let me think of the total number of onto functions from 9 players to"
3,5,reasoning,target_equation,target,16,True,4177,"N = 2016,","ssignments with distinct counts.

But maybe not. Let me check. However, given that we already found N = 2016, let me check if that is correct. Let me compute the total number of onto functions:

Total onto fun"
3,5,reasoning,target_equation,target,16,True,4692,"N is 2016,","that sum.

But in our problem, we have already calculated that sum as 2016 * 6? Wait, no. Wait, our N is 2016, which is the number of assignments where C > V > S. Therefore, the total number of assignments with"
3,5,reasoning,target_equation,hypothetical,430,False,7116,N = 14580 / 6 = 2430.,"N, where N is the number of assignments with C > V > S. Therefore, if total distinct is 14580, then N = 14580 / 6 = 2430. But according to our previous calculation, it's 2016. Therefore, there is a contradiction.

Therefo"
3,5,reasoning,target_equation,target,0,False,10540,N=0.,"avor must be at least 1, so only possible if each has 1, which is not distinct. So no solutions. So N=0.

But according to the formula: total onto functions is 3! = 6. Number with all counts equal: 1 (eac"
3,5,reasoning,target_equation,target,16,True,15306,N = 2016.,"y two equal counts.

Therefore, the correct number of assignments where C > V > S is 2016, and thus N = 2016.

Therefore, the answer is 2016 mod 1000 = 16. But since AIME answers are three digits, it would be "
3,5,reasoning,prose,asserted,16,True,15327,answer is 2016 mod 1000 = 16.,"fore, the correct number of assignments where C > V > S is 2016, and thus N = 2016.

Therefore, the answer is 2016 mod 1000 = 16. But since AIME answers are three digits, it would be 016. However, in the AIME, leading zeros are n"
3,5,reasoning,prose,hypothetical,16,True,15467,"answer is 16,",", the problem says ""the exact format Answer: NNN, where NNN is an integer from 0 to 999."" So if the answer is 16, it should be written as 016? But in reality, AIME answers are integers between 0 and 999, and they "
3,5,reasoning,prose,hypothetical,16,True,15654,"answer is 16,","s from 0 to 999, and they are written as three digits, including leading zeros. For example, if the answer is 16, it's written as 016. But sometimes, depending on the problem's instructions, they might accept 16. "
3,5,reasoning,target_equation,target,16,True,15861,N = 2016.,"504, 1260, adding to 2016. And the second approach, after correcting the error, also gives 2016. So N = 2016.

Thus, the answer is 2016 mod 1000 = 16. But since AIME answers are three-digit numbers, it's 016. "
3,5,reasoning,prose,asserted,16,True,15882,answer is 2016 mod 1000 = 16.,"2016. And the second approach, after correcting the error, also gives 2016. So N = 2016.

Thus, the answer is 2016 mod 1000 = 16. But since AIME answers are three-digit numbers, it's 016. However, in many cases, leading zeros are"
3,5,reasoning,prose,asserted,16,True,15919,answer is 16.,"wers are three-digit numbers, it's 016. However, in many cases, leading zeros are not used, and the answer is 16. But I need to check if the problem specifies.

The original problem says: ""Find the remainder when "
3,5,reasoning,prose,hypothetical,16,True,16115,"answer is 16,"," to 999, and they are written as three digits, with leading zeros if necessary. For example, if the answer is 16, you write 016. However, in the context of this problem, since it's a free response, and the user sa"
3,6,reasoning,target_equation,target,16,True,3083,N = 2016.,"r of assignments is 252 + 504 + 1260 = let's compute that.

252 + 504 = 756; 756 + 1260 = 2016.

So N = 2016. Then, the problem says to find N mod 1000. So 2016 divided by 1000 is 2 with remainder 16. Therefor"
3,6,reasoning,prose,asserted,16,True,3129,answer is 16?,"the problem says to find N mod 1000. So 2016 divided by 1000 is 2 with remainder 16. Therefore, the answer is 16? Wait, but let me check again.

Wait, but hold on. Wait, is that all? Wait, but hold on. Wait, the p"
3,6,reasoning,target_equation,target,16,True,5887,"N = 2016,","}, {5, 3, 1}, {4, 3, 2}. Each of these has 6 permutations. However, in our case, when we calculated N = 2016, that was the sum over the three ordered triples (C > V > S) of 9! / (C! V! S!). Therefore, if we co"
3,6,reasoning,target_equation,target,16,True,6277,N = 12096 / 6 = 2016.,"6.

So total assignments with all counts distinct is 12096.

Then, according to the previous logic, N = 12096 / 6 = 2016. Which matches our previous result. So that seems correct.

But then, according to this, N = 2016, w"
3,6,reasoning,target_equation,target,16,True,6303,"N = 2016,","/ 6 = 2016. Which matches our previous result. So that seems correct.

But then, according to this, N = 2016, which mod 1000 is 16. But I need to check if that is correct.

But let me check with the total numb"
3,6,reasoning,target_equation,target,16,True,6785,N = 2016.,"

Therefore, the calculation seems correct.

But let me check with another approach. Let me compute N = 2016. Then 2016 mod 1000 is 16. But I need to check if that's correct. However, I remember that in some c"
3,6,reasoning,prose,asserted,16,True,7072,answer is 16.,"ples are correct.

Therefore, N = 2016. 2016 divided by 1000 is 2 with remainder 16. Therefore, the answer is 16.

But wait, I have a doubt because 2016 seems a bit straightforward. Maybe I made a mistake in the m"
3,6,reasoning,prose,asserted,16,True,7355,answer is 16.,"
Sum is 252 + 504 + 1260 = 2016. Correct.

Therefore, N = 2016. 2016 mod 1000 is 16. Therefore, the answer is 16.

But I need to check if there's any other condition that I missed. For example, the problem says ""t"
3,6,reasoning,prose,tentative,16,True,7614,answer is 16.,"n 6 players to chocolate, 2 to vanilla, 1 to strawberry. So that's correct.

Therefore, I think the answer is 16. However, to be 100% sure, let me check with another approach.

Alternative approach:

Let me comput"
3,6,reasoning,prose,asserted,16,True,9383,answer is 16.,"e of 2016 mod 1000.

2016 divided by 1000 is 2*1000=2000, 2016-2000=16. So remainder 16. Therefore, answer is 16.

But to be 100% sure, let me check the total number of assignments with all counts distinct is 1209"
3,6,reasoning,boxed,asserted,16,True,9512,\boxed{016},"erent flavors. Which is what we considered.

Therefore, I think the answer is 16.

**Final Answer**
\boxed{016}

Wait, but the problem says ""Find the remainder when N is divided by 1000."" So 2016 divided by 1000"
3,6,reasoning,prose,asserted,16,True,9564,answer is 16.,"emainder when N is divided by 1000."" So 2016 divided by 1000 is 2 with remainder 16. Therefore, the answer is 16. But in AIME answers, they require three digits, so 016? But usually, they write it as 16, but the i"
3,6,reasoning,prose,hypothetical,16,True,9785,"answer is 16,","d practice for AIME is that you enter the integer as is, without leading zeros. For example, if the answer is 16, you enter 16. But the problem says ""the exact format Answer: NNN, where NNN is an integer from 0 to"
3,6,reasoning,prose,asserted,16,True,9879,"answer is 16,","r when N is divided by 1000."" So the remainder is 16, which is an integer between 0 and 999. So the answer is 16, and in the required format, Answer: 016? Or Answer: 16?

But looking at previous AIME problems, the"
3,6,reasoning,prose,asserted,16,True,9899,Answer: 16?,"h is an integer between 0 and 999. So the answer is 16, and in the required format, Answer: 016? Or Answer: 16?

But looking at previous AIME problems, they usually expect three digits, but sometimes they accept"
3,6,reasoning,prose,hypothetical,16,True,9959,"answer is 16,","e user specifies ""the exact format Answer: NNN"", with NNN being an integer from 0 to 999, so if the answer is 16, then it's 016? But maybe not. For example, if the answer is 16, then Answer: 016? Or Answer: 16?

B"
3,6,reasoning,prose,hypothetical,16,True,9982,"answer is 16,","an integer from 0 to 999, so if the answer is 16, then it's 016? But maybe not. For example, if the answer is 16, then Answer: 016? Or Answer: 16?

But in the instructions, the user says ""the exact format Answer: "
3,6,reasoning,prose,asserted,16,True,9997,Answer: 16?," answer is 16, then it's 016? But maybe not. For example, if the answer is 16, then Answer: 016? Or Answer: 16?

But in the instructions, the user says ""the exact format Answer: NNN, where NNN is an integer from"
3,6,reasoning,prose,hypothetical,16,True,10038,"answer is 16,","ons, the user says ""the exact format Answer: NNN, where NNN is an integer from 0 to 999."" So if the answer is 16, then NNN is 016? But 016 is not an integer, it's a string. However, in the context of AIME, answers"
3,6,reasoning,prose,hypothetical,16,True,10122,"answer is 16,","ros if necessary. However, when entering the answer, you just write the number. For example, if the answer is 16, you write 16, not 016. Because 16 is an integer between 0 and 999. So I think the answer should be "
3,6,reasoning,prose,tentative,16,True,10161,answer should be 16.,"the answer is 16, you write 16, not 016. Because 16 is an integer between 0 and 999. So I think the answer should be 16. However, in some cases, people might write 016, but according to the problem's instruction, it's NN"
3,6,reasoning,prose,asserted,16,True,10209,Answer: 16.,"t according to the problem's instruction, it's NNN where NNN is an integer. So 16 is an integer, so Answer: 16. However, in the initial problem statement, the user might have an example where they expect three d"
3,6,reasoning,prose,tentative,16,True,10256,answer is 16.,"s. But since the user hasn't specified, and the standard is to put the integer, I think the correct answer is 16.

But in the initial problem statement, the user wrote ""the exact format Answer: NNN, where NNN is a"
3,6,reasoning,prose,hypothetical,16,True,10299,"answer is 16,","nt, the user wrote ""the exact format Answer: NNN, where NNN is an integer from 0 to 999."" So if the answer is 16, then NNN is 016? But 016 is not an integer, it's a string. But integers don't have leading zeros. T"
3,6,reasoning,prose,tentative,16,True,10342,"answer is 16,","016 is not an integer, it's a string. But integers don't have leading zeros. Therefore, I think the answer is 16, and the correct format is Answer: 016? Or Answer: 16?

Wait, looking at the problem statement again"
3,6,reasoning,prose,asserted,16,True,10361,Answer: 16?," have leading zeros. Therefore, I think the answer is 16, and the correct format is Answer: 016? Or Answer: 16?

Wait, looking at the problem statement again: ""Find the remainder when N is divided by 1000."" The "
3,6,reasoning,prose,asserted,16,True,10414,"answer is 16,","n N is divided by 1000."" The remainder is 16, which is an integer between 0 and 999. Therefore, the answer is 16, and the exact format is Answer: 16. But in AIME, answers are integers from 0 to 999, and they are w"
3,6,reasoning,prose,format_discussion,16,True,10425,Answer: 16.," is 16, which is an integer between 0 and 999. Therefore, the answer is 16, and the exact format is Answer: 16. But in AIME, answers are integers from 0 to 999, and they are written as three-digit numbers, but t"
3,6,reasoning,prose,hypothetical,16,True,10489,"answer is 16,","the user here says ""the exact format Answer: NNN, where NNN is an integer from 0 to 999."" So if the answer is 16, then NNN is 16, which is an integer. So I think the correct answer is 16, and the box should be \bo"
3,6,reasoning,prose,tentative,16,True,10513,"answer is 16,","from 0 to 999."" So if the answer is 16, then NNN is 16, which is an integer. So I think the correct answer is 16, and the box should be \boxed{016} or \boxed{16}? But in standard practice, it's \boxed{16}. However"
3,6,reasoning,boxed,tentative,16,True,10525,\boxed{016},"16, then NNN is 16, which is an integer. So I think the correct answer is 16, and the box should be \boxed{016} or \boxed{16}? But in standard practice, it's \boxed{16}. However, to match the exact format, if th"
3,6,reasoning,boxed,tentative,16,True,10532,\boxed{16}," 16, which is an integer. So I think the correct answer is 16, and the box should be \boxed{016} or \boxed{16}? But in standard practice, it's \boxed{16}. However, to match the exact format, if the system requi"
3,6,reasoning,boxed,asserted,16,True,10545,\boxed{16},"rrect answer is 16, and the box should be \boxed{016} or \boxed{16}? But in standard practice, it's \boxed{16}. However, to match the exact format, if the system requires three digits, then 016. But since the u"
3,6,reasoning,prose,tentative,16,True,10642,"answer is 16,","ction here. However, since in mathematics, 16 is an integer, and 016 is not. Therefore, I think the answer is 16, and the box is \boxed{16}.

But looking at previous AIME problems, for example, if the answer is 16"
3,6,reasoning,boxed,tentative,16,True,10652,\boxed{16}," mathematics, 16 is an integer, and 016 is not. Therefore, I think the answer is 16, and the box is \boxed{16}.

But looking at previous AIME problems, for example, if the answer is 16, you write 16, not 016. T"
3,6,reasoning,prose,hypothetical,16,True,10672,"answer is 16,","nswer is 16, and the box is \boxed{16}.

But looking at previous AIME problems, for example, if the answer is 16, you write 16, not 016. Therefore, I think the correct answer is 16.

But in my initial answer above"
3,6,reasoning,prose,tentative,16,True,10696,answer is 16.,"E problems, for example, if the answer is 16, you write 16, not 016. Therefore, I think the correct answer is 16.

But in my initial answer above, I wrote \boxed{016}, but that might be incorrect. Wait, the user s"
3,6,reasoning,boxed,asserted,16,True,10712,\boxed{016}," 16, not 016. Therefore, I think the correct answer is 16.

But in my initial answer above, I wrote \boxed{016}, but that might be incorrect. Wait, the user says ""the exact format Answer: NNN, where NNN is an in"
3,6,reasoning,prose,hypothetical,16,True,10756,"answer is 16,","ait, the user says ""the exact format Answer: NNN, where NNN is an integer from 0 to 999."" So if the answer is 16, then NNN is 16. But 16 is an integer. Therefore, Answer: 16. However, sometimes, in some contexts, "
3,6,reasoning,prose,asserted,16,True,10780,Answer: 16.,"an integer from 0 to 999."" So if the answer is 16, then NNN is 16. But 16 is an integer. Therefore, Answer: 16. However, sometimes, in some contexts, they might expect three digits, but since it's specified as a"
3,6,reasoning,prose,hypothetical,5,False,10831,"answer is 5,","s specified as an integer, not a string, it's 16.

But to check, let me think of an example. If the answer is 5, then Answer: 005? Or 5? In AIME, it's 005? No, in AIME, you write 005? No, no. In AIME, you have to"
3,6,reasoning,prose,hypothetical,5,False,10909,"answer is 5,",", you have to write the integer, and if it's less than 100, you write it as is. For example, if the answer is 5, you write 5. But the AIME problems have answers from 0 to 999, and you enter them as three-digit nu"
3,6,reasoning,boxed,asserted,16,True,11010,\boxed{016},"N is an integer from 0 to 999, I think they just want the integer, so 16. Therefore, I will go with \boxed{016} if required, but since the user might have a different expectation, but given the initial problem s"
3,6,reasoning,boxed,tentative,16,True,11126,\boxed{016}," should be an integer between 0 and 999, so 16 is correct. Therefore, I think the correct answer is \boxed{016} or \boxed{16}? 

Wait, looking at the problem statement again: ""Find the remainder when N is divide"
3,6,reasoning,boxed,tentative,16,True,11133,\boxed{16},"nteger between 0 and 999, so 16 is correct. Therefore, I think the correct answer is \boxed{016} or \boxed{16}? 

Wait, looking at the problem statement again: ""Find the remainder when N is divided by 1000."" Th"
3,6,reasoning,prose,asserted,16,True,11178,answer is 16.,"n: ""Find the remainder when N is divided by 1000."" The remainder is 16, which is an integer. So the answer is 16. So I think the correct answer is \boxed{016} if leading zeros are required, but since the problem s"
3,6,reasoning,boxed,tentative,16,True,11192,\boxed{016},"0."" The remainder is 16, which is an integer. So the answer is 16. So I think the correct answer is \boxed{016} if leading zeros are required, but since the problem says ""NNN is an integer from 0 to 999"", and 16"
3,6,reasoning,boxed,hypothetical,16,True,11233,\boxed{16}," required, but since the problem says ""NNN is an integer from 0 to 999"", and 16 is an integer, then \boxed{16} is correct. However, in AIME, answers are three-digit numbers, so 016. But since the user hasn't sp"
3,6,reasoning,prose,asserted,16,True,11350,answer is 16.,"nder when N is divided by 1000."" The remainder is 16, which is an integer between 0 and 999. So the answer is 16. Therefore, Answer: 16. However, in the context of AIME, they might require three digits, but since "
3,6,reasoning,prose,asserted,16,True,11358,Answer: 16.," 1000."" The remainder is 16, which is an integer between 0 and 999. So the answer is 16. Therefore, Answer: 16. However, in the context of AIME, they might require three digits, but since the user hasn't specifi"
3,6,reasoning,prose,asserted,16,True,11430,Answer: 16.,"at Answer: NNN, where NNN is an integer from 0 to 999"", then NNN is 16, which is an integer. Hence, Answer: 16.

But to make sure, let me check the original problem's source. However, since I don't have that, I'"
3,6,reasoning,prose,asserted,16,True,11464,answer is 16.," let me check the original problem's source. However, since I don't have that, I'll assume that the answer is 16.

But in my first answer, I wrote \boxed{016}, but now I think it's \boxed{16}. But since the proble"
3,6,reasoning,boxed,asserted,16,True,11479,\boxed{016},"wever, since I don't have that, I'll assume that the answer is 16.

But in my first answer, I wrote \boxed{016}, but now I think it's \boxed{16}. But since the problem says ""the remainder when N is divided by 10"
3,6,reasoning,boxed,tentative,16,True,11491,\boxed{16},"ll assume that the answer is 16.

But in my first answer, I wrote \boxed{016}, but now I think it's \boxed{16}. But since the problem says ""the remainder when N is divided by 1000"", which is 16, and the answer "
3,6,reasoning,boxed,asserted,16,True,11582,\boxed{16}," divided by 1000 is 2 with remainder 16. So 16 is correct. Therefore, Answer: 16.

**Final Answer**
\boxed{16}
"
3,6,content,target_equation,target,16,True,12376,N = 2016$,"16**.

---

### Step 4: Compute the Remainder Modulo 1000

We are asked to find the remainder when $N = 2016$ is divided by 1000:

$$
2016 \mod 1000 = 16
$$

---

### Final Answer

$$
\boxed{16}
$$"
3,6,content,boxed,asserted,16,True,12418,\boxed{16},"remainder when $N = 2016$ is divided by 1000:

$$
2016 \mod 1000 = 16
$$

---

### Final Answer

$$
\boxed{16}
$$"
3,7,reasoning,target_equation,target,16,True,3176,N = 2016.," 1260.

Therefore, total N is 252 + 504 + 1260 = ?

Compute 252 + 504 = 756; 756 + 1260 = 2016.

So N = 2016. Then the problem says to find N mod 1000. So 2016 divided by 1000 is 2 with remainder 16. Therefore"
3,7,reasoning,prose,asserted,16,True,3381,answer is 16.,"6 as 016? Wait, but the problem says ""the remainder when N is divided by 1000"", which is 16, so the answer is 16. However, AIME requires answers to be integers between 0 and 999, inclusive, and they are written as"
3,7,reasoning,prose,hypothetical,16,True,3448,"answer is 16,","ess than 100, you add leading zeros. But the problem says ""the exact format Answer: NNN"", so if the answer is 16, then Answer: 016? But I need to check if my calculation is correct. Wait, but maybe I made a mistak"
3,7,reasoning,prose,asserted,16,True,4106,answer is 16.,"nder when N is divided by 1000"", so 2016 divided by 1000 is 2*1000 + 16, so remainder is 16. So the answer is 16. But AIME problems usually have answers from 0 to 999, and if the answer is less than 100, you write"
3,7,reasoning,prose,hypothetical,16,True,4187,"answer is 16,","ons, the user says ""the exact format Answer: NNN, where NNN is an integer from 0 to 999"". So if the answer is 16, then Answer: 016? But I need to check if maybe my calculation is wrong. Wait, but let me think agai"
3,7,reasoning,target_equation,target,16,True,7611,N = 2016.,"+ 504 + 1260 = 2016, which matches our previous result.

Therefore, this seems correct.

Therefore, N = 2016. Then N mod 1000 is 16. But the problem says ""Find the remainder when N is divided by 1000."" So 2016"
3,7,reasoning,prose,asserted,16,True,7963,answer is 16.,"1260. Correct.

Total: 252 + 504 = 756; 756 + 1260 = 2016. Correct.

So 2016 mod 1000 is 16. So the answer is 16. But wait, I need to check if the problem says ""the number of different assignments of flavors to pl"
3,7,reasoning,target_equation,target,16,True,11698,"N = 2016,"," consistent.

Therefore, this confirms that our initial calculation of 2016 is correct.

Therefore, N = 2016, and 2016 mod 1000 is 16. So the answer is 16.

But I need to check if there's any chance that I mad"
3,7,reasoning,prose,asserted,16,True,11723,answer is 16.,"t our initial calculation of 2016 is correct.

Therefore, N = 2016, and 2016 mod 1000 is 16. So the answer is 16.

But I need to check if there's any chance that I made a mistake in the problem constraints. For ex"
3,7,reasoning,prose,hypothetical,16,True,11930,"answer is 16,","statement, it says ""the exact format Answer: NNN, where NNN is an integer from 0 to 999."" So if the answer is 16, then it's 016. But in the context of AIME problems, usually, answers are three digits, so leading z"
3,7,reasoning,prose,asserted,16,True,12015,"answer is 16,","hen N is divided by 1000,"" which is 16, and 16 is an integer between 0 and 999. So technically, the answer is 16, and the format is Answer: 016? Or is it just 16?

But looking at the problem statement: ""Find the r"
3,7,reasoning,prose,asserted,16,True,12309,answer is 16.,"16 mod 1000 is 16, and the problem says ""the remainder when N is divided by 1000"", which is 16, the answer is 16. Hence, Answer: 016? Or 16?

But looking at previous AIME problems, for example, if the answer is 16"
3,7,reasoning,prose,hypothetical,16,True,12342,"answer is 16,","nswer is 16. Hence, Answer: 016? Or 16?

But looking at previous AIME problems, for example, if the answer is 16, you write 016? Or just 16? According to the official rules, answers are integers between 0 and 999,"
3,7,reasoning,prose,tentative,16,True,13097,"answer is 16,"," C=4. Yes, those are the only ones.

Therefore, the calculation is correct.

Therefore, I think the answer is 16, and since the problem says ""the exact format Answer: NNN"", I should write it as 016. However, I nee"
3,7,reasoning,target_equation,target,16,True,13359,"N = 2016,","17,280. 288 * 60 = 17,280. So total is 1000 + 200 + 60 = 1260. Correct.

Yes, so that's correct. So N = 2016, mod 1000 is 16. So I think that is the correct answer.

**Final Answer**
\boxed{016}
"
3,7,reasoning,boxed,asserted,16,True,13390,\boxed{016},"at's correct. So N = 2016, mod 1000 is 16. So I think that is the correct answer.

**Final Answer**
\boxed{016}
"
3,7,content,boxed,asserted,16,True,14128,\boxed{016},"---

### Step 5: Compute Remainder Modulo 1000

$$
2016 \mod 1000 = 16
$$

Thus, the answer is:

$$
\boxed{016}
$$"
3,8,reasoning,target_equation,target,16,True,2193,N = 2016?," of assignments is 252 + 504 + 1260 = let's compute:

252 + 504 = 756; 756 + 1260 = 2016.

Wait, so N = 2016? Then the problem says ""Find the remainder when N is divided by 1000."" So 2016 divided by 1000 is 2 "
3,8,reasoning,target_equation,hypothetical,16,True,2304,"N is 2016,","might require three digits. Wait, the problem says ""the remainder when N is divided by 1000"", so if N is 2016, then 2016 mod 1000 is 16. But AIME answers are three-digit numbers, so 016? But usually, they just "
3,8,reasoning,prose,hypothetical,16,True,2392,"answer is 16,",", the problem says ""the exact format Answer: NNN, where NNN is an integer from 0 to 999."" So if the answer is 16, then it's 016? But maybe the problem expects just 16. However, in AIME, answers are integers betwee"
3,8,reasoning,prose,tentative,16,True,2488,"answer is 16,","NNN"", so maybe we need to write three digits. However, in the original problem statement, maybe the answer is 16, but I need to check my calculations again because 2016 seems a bit straightforward, but maybe I mis"
3,8,reasoning,target_equation,target,16,True,3920,N = 2016.,"ow, 288 * 60 = 17,280. So total is 1000 + 200 + 60 = 1260. Correct.

So 252 + 504 + 1260 = 2016. So N = 2016. Then 2016 mod 1000 is 16. So answer is 016? But AIME answers are integers from 0 to 999, so 16 is a"
3,8,reasoning,prose,hypothetical,16,True,4017,"answer is 16,","statement, it says ""the exact format Answer: NNN, where NNN is an integer from 0 to 999."" So if the answer is 16, then it's 016? But maybe in the AIME, leading zeros are not used, and you just write 16. However, s"
3,8,reasoning,prose,asserted,16,True,4079,answer is 16.,"rite 16. However, since the problem says ""the remainder when N is divided by 1000,"" which is 16, so answer is 16. However, let me check again if my total N is correct.

But wait, another thought: the problem says "
3,8,reasoning,target_equation,target,16,True,5646,"N = 2016,"," this is just for verification.

But how does this relate to our problem? Our problem is asking for N = 2016, which is the number of assignments with C > V > S. So if that is correct, then 2016 mod 1000 is 16."
3,8,reasoning,prose,asserted,16,True,7459,answer is 16.,"ms sound, and the calculation checks out, maybe 2016 is correct. So 2016 mod 1000 is 16. Therefore, answer is 16. However, I recall that sometimes in combinatorial problems, there might be an oversight.

Wait, but"
3,8,reasoning,prose,asserted,16,True,8272,answer is 16.," 2016. Therefore, this confirms that the answer is 2016.

Thus, 2016 mod 1000 is 16. Therefore, the answer is 16.

But just to be thorough, let me check with another method. Suppose I use generating functions. The"
3,8,reasoning,prose,tentative,16,True,9229,answer is 2016 mod 1000 = 16.,"e: 252 + 504 + 1260 = 2016. Therefore, confirms the result.

Therefore, I think 2016 is correct, so answer is 2016 mod 1000 = 16.

But to be 100% sure, let me check if 2016 is the correct number. Maybe I can check with a smaller "
3,8,reasoning,prose,tentative,16,True,9343,answer is 16.,"e have three triples, and their counts add up to 2016, which seems correct.

Therefore, I think the answer is 16. So the remainder when 2016 is divided by 1000 is 16. Therefore, Answer: 016? But in AIME, answers a"
3,8,reasoning,prose,hypothetical,16,True,9450,"answer is 16,","statement, it says ""the exact format Answer: NNN, where NNN is an integer from 0 to 999."" So if the answer is 16, then it should be written as 016. However, in practice, AIME answers are three-digit numbers, so le"
3,8,reasoning,prose,hypothetical,16,True,9687,"answer is 16,","rs are integers between 0 and 999, so 16 is acceptable. However, the exact format is NNN, so if the answer is 16, then it's 016. But I need to check if the original problem (which is from somewhere?) expects that."
3,8,reasoning,prose,hypothetical,16,True,9904,"answer is 16,","000=16. Yes. So 16. So Answer: 016? Or 16? If I look at previous AIME problems, for example, if the answer is 16, they write 016? Or just 16? Actually, in AIME, answers are integers from 0 to 999, and they are wri"
3,8,reasoning,prose,hypothetical,16,True,10205,"answer is 16,","that the user says ""the exact format Answer: NNN"", and NNN is an integer from 0 to 999, then if the answer is 16, it's 016. However, in the context of the AIME, they usually require three digits. For example, if t"
3,8,reasoning,prose,hypothetical,16,True,10239,"answer is 16,","'s 016. However, in the context of the AIME, they usually require three digits. For example, if the answer is 16, you write 016. But sometimes, people just write 16. However, since the user hasn't specified, but i"
3,8,reasoning,target_equation,target,16,True,10336,N = 2016.,"be an integer between 0 and 999. So 16 is correct. But to make sure, let me check with the value of N = 2016.

But 2016 mod 1000 is 16. So the answer is 16. Therefore, Answer: 016 or 16? Since in the AIME, you"
3,8,reasoning,prose,asserted,16,True,10361,answer is 16.,"orrect. But to make sure, let me check with the value of N = 2016.

But 2016 mod 1000 is 16. So the answer is 16. Therefore, Answer: 016 or 16? Since in the AIME, you have to put three digits, but in the context o"
3,8,reasoning,target_equation,hypothetical,16,True,10971,"N = 2016,"," go with 16. But I'm a bit conflicted.

Wait, looking up similar problems, for example, if you have N = 2016, then N mod 1000 is 16. So Answer: 16. However, in the context of the AIME, they require three digit"
3,8,reasoning,prose,asserted,16,True,10991,Answer: 16.,"d.

Wait, looking up similar problems, for example, if you have N = 2016, then N mod 1000 is 16. So Answer: 16. However, in the context of the AIME, they require three digits, so 016. But since the user hasn't s"
3,8,reasoning,prose,hypothetical,16,True,11062,"answer is 16,","t Answer: NNN"", I think they want three digits. Hence, Answer: 016.

But to check, suppose that the answer is 16, and if I write 16, is that acceptable? In the context of the user's instruction, since they said ""t"
3,8,reasoning,prose,hypothetical,16,True,11119,"answer is 16,","n, since they said ""the exact format Answer: NNN"", where NNN is an integer from 0 to 999, so if the answer is 16, then NNN is 016. Therefore, Answer: 016.

However, in many cases, people just write 16. But since t"
3,8,reasoning,prose,asserted,16,True,11245,"answer is 16,","with 016.

But to confirm, let me check if 2016 mod 1000 is 16. Yes. So the remainder is 16, so the answer is 16, and in the format NNN, it's 016. However, in the AIME, if you write 16, it's considered correct. Bu"
3,8,reasoning,prose,asserted,16,True,11415,Answer: 16.,"method. For example, compute 2016 divided by 1000:

2016 - 2*1000 = 16. Yes. So remainder is 16. So Answer: 16.

Therefore, I think the answer is 16, and the exact format is \boxed{016} or \boxed{16}. Given that"
3,8,reasoning,prose,tentative,16,True,11426,"answer is 16,","vided by 1000:

2016 - 2*1000 = 16. Yes. So remainder is 16. So Answer: 16.

Therefore, I think the answer is 16, and the exact format is \boxed{016} or \boxed{16}. Given that the problem says ""the remainder when "
3,8,reasoning,boxed,format_discussion,16,True,11438,\boxed{016},"s. So remainder is 16. So Answer: 16.

Therefore, I think the answer is 16, and the exact format is \boxed{016} or \boxed{16}. Given that the problem says ""the remainder when N is divided by 1000,"" which is 16, "
3,8,reasoning,boxed,format_discussion,16,True,11445,\boxed{16}," is 16. So Answer: 16.

Therefore, I think the answer is 16, and the exact format is \boxed{016} or \boxed{16}. Given that the problem says ""the remainder when N is divided by 1000,"" which is 16, and the answer"
3,8,reasoning,prose,asserted,16,True,11493,answer is 16.,"when N is divided by 1000,"" which is 16, and the answer should be an integer between 0 and 999, the answer is 16. In many cases, leading zeros are not required, so \boxed{16} is acceptable. However, since the prob"
3,8,reasoning,boxed,asserted,16,True,11510,\boxed{16},"e an integer between 0 and 999, the answer is 16. In many cases, leading zeros are not required, so \boxed{16} is acceptable. However, since the problem says ""NNN"", which is three digits, maybe \boxed{016}. But"
3,8,reasoning,boxed,tentative,16,True,11536,\boxed{016},"d, so \boxed{16} is acceptable. However, since the problem says ""NNN"", which is three digits, maybe \boxed{016}. But I need to check standard conventions.

In the AIME, answers are integers from 0 to 999, and th"
3,8,reasoning,boxed,asserted,16,True,11654,\boxed{16},"n that the user hasn't specified, and in many mathematical contexts, 16 is acceptable, I'll go with \boxed{16}.

**Final Answer**
\boxed{016}

Wait, but I just contradicted myself. Earlier I thought 16 is accep"
3,8,reasoning,boxed,asserted,16,True,11666,\boxed{016},"ed, and in many mathematical contexts, 16 is acceptable, I'll go with \boxed{16}.

**Final Answer**
\boxed{016}

Wait, but I just contradicted myself. Earlier I thought 16 is acceptable, but then wrote 016. To r"
3,8,reasoning,prose,hypothetical,16,True,11737,"answer is 16,","ME, answers are integers from 0 to 999, and they are entered as three-digit numbers. So even if the answer is 16, it's written as 016. However, in the context of this problem, since the user hasn't specified, but "
3,8,reasoning,boxed,asserted,16,True,11795,\boxed{016},"uction says ""the exact format Answer: NNN"", I think they expect three digits. Hence, I will go with \boxed{016}.

**Final Answer**
\boxed{016}
"
3,8,reasoning,boxed,asserted,16,True,11807,\boxed{016},"nswer: NNN"", I think they expect three digits. Hence, I will go with \boxed{016}.

**Final Answer**
\boxed{016}
"
3,8,content,boxed,asserted,16,True,12647,\boxed{016},"nteger between 0 and 999, we present the result in **three-digit form**.

---

### Final Answer

$$
\boxed{016}
$$"
4,1,reasoning,prose,asserted,117,True,6381,answer is 117?,"33 inclusive: 33 - (-33) +1 = 67. Correct.

Therefore, 51 + 67 = 118, minus 1 overlap gives 117. So answer is 117?

But let me check if there are other overlaps. Suppose there is a solution that is in both Case 1 a"
4,1,reasoning,prose,asserted,117,True,8125,answer is 117.,"must satisfy one of them. Therefore, there are no solutions outside of these two cases.

Therefore, answer is 117.

But wait, hold on. Let me check the total number of solutions again. Maybe I made a miscalculation"
4,1,reasoning,prose,asserted,117,True,8758,answer is 117.,"3 to 33. Therefore, 67 solutions. Correct.

So 51 + 67 = 118. Minus 1 duplicate (0,0) gives 117. So answer is 117.

But wait, I just thought of something. What if there are solutions where x or y is outside the ran"
4,1,reasoning,prose,asserted,117,True,9053,answer is 117.," than (0,0). But we already proved that only (0,0) satisfies both equations. So no.

Therefore, the answer is 117.

But wait, I just thought of another thing. What if k or m is such that x or y is outside the range"
4,1,reasoning,prose,asserted,117,True,9274,answer is 117.," 33 - (-33) + 1 = 67. Yes. 33 + 33 + 1 = 67. Correct.

Therefore, 51 + 67 - 1 = 117. Therefore, the answer is 117. But let me check with another approach.

Alternative approach:

Let me think of all possible soluti"
4,1,reasoning,prose,asserted,117,True,10775,answer is 117.,"formula works here.

Therefore, seems like the formula is correct.

Thus, for the original problem, answer is 117.

But wait, the problem says ""ordered pairs (x,y), where both x and y are integers between -100 and "
4,1,reasoning,boxed,asserted,117,True,10879,\boxed{117},"ning k and m ranges. So I think it's safe.

Therefore, I think the answer is 117.

**Final Answer**
\boxed{117}
"
4,1,content,boxed,asserted,117,True,12016,\boxed{117},"s
- Overlap: 1 solution

Thus, the total number of **distinct** ordered pairs is:

$$
51 + 67 - 1 = \boxed{117}
$$

---

### Final Answer

$$
\boxed{117}
$$"
4,1,content,boxed,asserted,117,True,12032,\boxed{117},"umber of **distinct** ordered pairs is:

$$
51 + 67 - 1 = \boxed{117}
$$

---

### Final Answer

$$
\boxed{117}
$$"
4,2,reasoning,prose,asserted,117,True,3950,answer is 117?," m from -25 to 25 inclusive. 25 - (-25) + 1 = 51. Correct.

So 67 + 51 = 118, minus 1 gives 117. So answer is 117?

Wait, but let me check if there are any constraints that I missed. For example, in the first equat"
4,2,reasoning,prose,tentative,117,True,5851,answer should be 117.,"second equation, m=25: x=75, y=100. Okay. m=-25: x=-75, y=-100. Okay.

So all good.

Therefore, the answer should be 117. But wait, wait. Wait, the problem says ""ordered pairs (x, y), where both x and y are integers betwe"
4,2,reasoning,prose,asserted,117,True,6662,answer is 117.,"So m between -25 and 25.

Therefore, the counts are correct.

So, 67 + 51 - 1 = 117. Therefore, the answer is 117. But wait, let me check once again.

But maybe there is a mistake in the number of solutions for eac"
4,2,reasoning,prose,asserted,117,True,9586,answer is 117.,"rks here.

Therefore, seems that our formula is correct.

Therefore, returning to original problem, answer is 117. Therefore, I think the answer is 117.

But wait, but let me check if there is a possible mistake in"
4,2,reasoning,prose,tentative,117,True,9598,answer is 117.,"ormula is correct.

Therefore, returning to original problem, answer is 117. Therefore, I think the answer is 117.

But wait, but let me check if there is a possible mistake in considering that for the first equati"
4,2,reasoning,prose,asserted,117,True,10118,answer is 117.,"1 -1 = 3. Correct.

Therefore, formula works here.

Therefore, confident that for original problem, answer is 117.

But wait, the problem says ""ordered pairs (x, y)"", so (x, y) where both are between -100 and 100 i"
4,2,reasoning,prose,asserted,117,True,10162,answer is 117.,"roblem says ""ordered pairs (x, y)"", so (x, y) where both are between -100 and 100 inclusive. So our answer is 117. But let me check once again.

But maybe I made a mistake in the number of k's for the first equatio"
4,2,reasoning,prose,tentative,117,True,10642,answer is 117.,"s before.

Similarly for the second equation.

Therefore, 67 + 51 -1 = 117.

Therefore, I think the answer is 117.

But to be 100% sure, let me check if there are other solutions outside of these parametrizations.
"
4,2,reasoning,prose,tentative,117,True,10780,answer is 117.," Therefore, there are no other solutions. Therefore, our count is complete.

Therefore, I think the answer is 117.

But just to check, let me think of another way. For example, for the first equation 3x + 2y = 0, t"
4,2,reasoning,prose,tentative,117,True,10885,answer is 117.,"t since we already did that, and the counts are correct, I think it's safe.

Therefore, I think the answer is 117. So the final answer is \boxed{117}.

**Final Answer**
\boxed{117}
"
4,2,reasoning,boxed,asserted,117,True,10897,\boxed{117},"ounts are correct, I think it's safe.

Therefore, I think the answer is 117. So the final answer is \boxed{117}.

**Final Answer**
\boxed{117}
"
4,2,reasoning,boxed,asserted,117,True,10909,\boxed{117}," safe.

Therefore, I think the answer is 117. So the final answer is \boxed{117}.

**Final Answer**
\boxed{117}
"
4,2,content,boxed,asserted,117,True,12105,\boxed{117},"rlap: 1 (the pair $ (0, 0) $)

$$
\text{Total number of distinct integer solutions} = 67 + 51 - 1 = \boxed{117}
$$

---

### ✅ Final Answer:
$$
\boxed{117}
$$"
4,2,content,boxed,asserted,117,True,12123,\boxed{117},"l number of distinct integer solutions} = 67 + 51 - 1 = \boxed{117}
$$

---

### ✅ Final Answer:
$$
\boxed{117}
$$"
4,3,reasoning,prose,asserted,117,True,3355,answer is 117?,"ique (x, y). Similarly for the second case. But (0,0) is in both. So total is 51 + 67 - 1 = 117. So answer is 117? But let me check again.

But let me check if there are other overlaps? For example, suppose there i"
4,3,reasoning,prose,asserted,117,True,5444,answer is 117.," 33 inclusive: 33 - (-33) + 1 = 67. Correct.

So 51 + 67 = 118. Subtract 1 for the overlap, 117. So answer is 117.

But wait, let me check if there are other overlaps. Suppose there is a pair (x, y) that is in both"
4,3,reasoning,prose,asserted,117,True,5683,answer is 117?,"). So only one overlapping solution. So that's correct.

Therefore, the total number is 117. So the answer is 117?

But wait, let me check with another approach. Let me think about parametrizing all solutions.

Fro"
4,3,reasoning,prose,asserted,117,True,6908,answer is 117.," constraints on y limit the range of m.

So this shows that my initial approach was correct. So the answer is 117.

But let me check with another way. Let me think of the first case: y = (4/3)x. So for each x divis"
4,3,reasoning,prose,tentative,117,True,7722,answer is 117.,"o cases. So no, there are no other solutions. So all solutions are covered.

Therefore, I think the answer is 117.

But wait, the problem says ""ordered pairs (x, y), where both x and y are integers between -100 and"
4,3,reasoning,prose,asserted,117,True,8029,answer is 117.,", 33 positive. Total 33 + 1 + 33 = 67. Correct.

So 51 + 67 = 118. Minus 1 for (0, 0) gives 117. So answer is 117.

But I want to check if maybe there are more overlapping solutions. Suppose, for example, if there "
4,3,reasoning,prose,tentative,117,True,8096,answer is 117.,"But we saw that only (0, 0) satisfies both equations. So no other overlaps.

Therefore, I think the answer is 117.

But to be 100% sure, let me check with small numbers. Let me take a smaller range, say x and y bet"
4,3,reasoning,prose,tentative,117,True,8817,answer should be 117.,"is smaller case, the formula works. Therefore, applying the same logic to the original problem, the answer should be 117. Therefore, I think that is correct.

**Final Answer**
\boxed{117}
"
4,3,reasoning,boxed,asserted,117,True,8836,\boxed{117},"e original problem, the answer should be 117. Therefore, I think that is correct.

**Final Answer**
\boxed{117}
"
4,3,content,boxed,asserted,117,True,9762,\boxed{117},"lap: 1 solution (only $ (0, 0) $)

$$
\text{Total number of distinct ordered pairs} = 51 + 67 - 1 = \boxed{117}
$$

---

### Final Answer

$$
\boxed{117}
$$"
4,3,content,boxed,asserted,117,True,9778,\boxed{117},"t{Total number of distinct ordered pairs} = 51 + 67 - 1 = \boxed{117}
$$

---

### Final Answer

$$
\boxed{117}
$$"
4,4,reasoning,prose,tentative,117,True,9537,answer should be 117.,"66 solutions.

Total solutions for y ≠ 0: 50 + 66 = 116.

Plus (0,0): 1. Total 117.

Therefore, the answer should be 117. But I need to check again.

But let me check the numbers again.

Number of y divisible by 4 between"
4,4,reasoning,prose,asserted,117,True,11008,answer is 117.,"oo time-consuming, but since the small case worked, I think our formula is correct.

Therefore, the answer is 117.

Wait, but I need to make sure that in our original calculation, the numbers for Case A and Case B "
4,4,reasoning,prose,tentative,117,True,11521,answer should be 117.,"e within range. Hence, all 50 + 66 = 116 solutions for y ≠ 0 are valid, plus (0,0).

Therefore, the answer should be 117.

But I need to check if there are any other solutions. For example, suppose there is a solution whe"
4,4,reasoning,prose,tentative,117,True,11883,answer is 117.,"12*9 - 3*4 -6*16 = 108 - 12 - 96 = 0. Correct.

Therefore, all these are valid.

Hence, I think the answer is 117.

But I recall that in some cases, when you have equations, sometimes there might be solutions that "
4,4,reasoning,prose,asserted,117,True,12107,answer is 117.,"ut if y is 0 and x is not 0? But equation says 12x² = 0, so x must be 0. So only (0,0).

Therefore, answer is 117.

But I just want to check if the original problem says integers between -100 and 100 inclusive. So "
4,4,reasoning,prose,tentative,117,True,12325,answer is 117.,"4.75). So no solution from Case A.

Therefore, all these are accounted for.

Therefore, I think the answer is 117.

But wait, hold on. Let me check the exact count of numbers divisible by 4 between -100 and 100 inc"
4,4,reasoning,prose,tentative,117,True,12663,answer should be 117.,"8/3) +1 = 66 +1 = 67. Excluding 0: 66. Correct.

Therefore, the counts are correct.

Therefore, the answer should be 117.

But I just want to check if AIME answers can be 117. Yes, AIME answers are integers from 0 to 999."
4,4,reasoning,boxed,asserted,117,True,12902,\boxed{117},"e y's are handled properly.

Therefore, I think confident that the answer is 117.

**Final Answer**
\boxed{117}
"
4,4,content,boxed,asserted,117,True,14016,\boxed{117}," Case 2A: 50 solutions
- Case 2B: 66 solutions

$$
\text{Total number of solutions} = 1 + 50 + 66 = \boxed{117}
$$

---

### Final Answer

$$
\boxed{117}
$$"
4,4,content,boxed,asserted,117,True,14032,\boxed{117},"ions

$$
\text{Total number of solutions} = 1 + 50 + 66 = \boxed{117}
$$

---

### Final Answer

$$
\boxed{117}
$$"
4,5,reasoning,prose,tentative,117,True,5186,answer should be 117.,"hes, we get the same counts.

So the total number of solutions is 67 + 51 - 1 = 117. Therefore, the answer should be 117. However, let me check again for possible errors.

Wait, but in this second approach, when consideri"
4,5,reasoning,prose,asserted,117,True,7396,answer is 117.,"nclusive):

Number of integers: 25 - (-25) + 1 = 51. Correct.

So 67 + 51 = 118, minus 1 is 117. So answer is 117.

But let me check if there are any restrictions on y in the first case. For example, when x = 2k an"
4,5,reasoning,prose,tentative,117,True,8617,answer is 117.,"75, 100). m = -25: (-75, -100). So 51 solutions. So yes, 67 + 51 - 1 = 117.

Therefore, I think the answer is 117. However, to make sure, let me check if there's any possible mistake in the calculation of the numbe"
4,5,reasoning,boxed,asserted,117,True,8775,\boxed{117}," 50 + 1 = 51. Correct.

Yes, that's right.

Therefore, I think the answer is 117.

**Final Answer**
\boxed{117}
"
4,5,content,boxed,asserted,117,True,9731,\boxed{117},"rlap (double-counted): 1 solution

$$
\text{Total number of distinct ordered pairs} = 67 + 51 - 1 = \boxed{117}
$$"
4,6,reasoning,prose,tentative,117,True,3593,answer would be 117.,"utions. The system only has (0, 0) as a solution. So only one overlapping solution.

Therefore, the answer would be 117. But wait, let me check again.

But hold on, let me verify the counts again because sometimes when y"
4,6,reasoning,prose,asserted,117,True,3806,answer is 117?,"ers. Total 25 + 1 + 25 = 51. Correct.

So 67 + 51 = 118, minus 1 for the overlap, gives 117. So the answer is 117? But wait, let me check if there are other overlaps. Suppose there is another solution where both eq"
4,6,reasoning,prose,asserted,117,True,5584,answer is 117?," 25}, 51 values. For m=25, x=75, y=100. For m=-25, x=-75, y=-100. So okay.

So 67 + 51 -1 = 117. So answer is 117?

But wait, I just thought of something. What if there are solutions where x or y is outside the ran"
4,6,reasoning,prose,asserted,117,True,6855,answer is 67 + 51 -1 = 117.," -17/2 m = 0 ⇒ m = 0 ⇒ k = 0. So only (0, 0). Therefore, only one overlapping solution.

Therefore, answer is 67 + 51 -1 = 117. But wait, let me check if maybe in the counts of 67 and 51, (0, 0) is counted once in each, so tota"
4,6,reasoning,prose,asserted,117,True,8247,answer is 117.,"rks here. So seems correct.

Therefore, returning to original problem, 67 + 51 -1 = 117. Therefore, answer is 117.

But wait, hold on! Wait, in the original problem statement, it says ""integers between -100 and 100"
4,6,reasoning,prose,asserted,117,True,8459,Answer: 117.,"om -25 to 25 inclusive. 25 - (-25) + 1 = 51. Correct.

So 67 + 51 = 118, minus 1 is 117. Therefore, Answer: 117.

But wait, I just thought of something. What if there are solutions where x or y is outside of the "
4,6,reasoning,prose,tentative,117,True,9034,answer is 117.," 3), (0, 0), (2, -3). Correct.

So our formula works here. So seems correct.

Therefore, I think my answer is 117. However, to be 100% sure, let me check if there is any possible mistake in the calculation of the n"
4,6,reasoning,prose,asserted,117,True,9176,Answer: 117.,"second equation, m from -25 to 25 inclusive: 25 - (-25) + 1 = 51. Correct.

So 67 + 51 -1 = 117. So Answer: 117.

But wait, hold on! Wait, I just realized that when I calculated for the first equation, the range "
4,6,reasoning,prose,tentative,117,True,9470,answer is 117.," Allowed. For m=-26: x=-78, y=-104. Not allowed. So m=-25 to 25 is correct.

Therefore, I think the answer is 117. However, I just want to check if the original problem says ""integers between -100 and 100 inclusive"
4,6,reasoning,prose,tentative,117,True,9562,answer is 117.,"d, which occurs when m=25. Similarly, y=-100 is allowed. So that's correct.

Therefore, I think the answer is 117. However, I just want to check once more for any possible miscalculations.

Another way: For the fir"
4,6,reasoning,prose,tentative,117,True,9865,answer is 117.,"tersection is -25 ≤ m ≤ 25. 51 numbers. Correct.

So yes, 67 + 51 -1 = 117.

Therefore, I think the answer is 117. However, since AIME answers are integers between 0 and 999, 117 is valid.

But just to be thorough,"
4,6,reasoning,boxed,asserted,117,True,9990,\boxed{117},"o it's counted twice, hence subtract once.

Therefore, I think the answer is 117.

**Final Answer**
\boxed{117}
"
4,6,content,boxed,asserted,117,True,11113,\boxed{117},"utions:

$$
67 \text{ (from } 3x + 2y = 0) + 51 \text{ (from } 4x - 3y = 0) - 1 \text{ (overlap)} = \boxed{117}
$$

---

### Final Answer

$$
\boxed{117}
$$"
4,6,content,boxed,asserted,117,True,11129,\boxed{117}," + 51 \text{ (from } 4x - 3y = 0) - 1 \text{ (overlap)} = \boxed{117}
$$

---

### Final Answer

$$
\boxed{117}
$$"
4,7,reasoning,prose,asserted,117,True,3714,answer is 117?," Therefore, m from -33 to 33 inclusive. Which is 67 numbers. Correct.

So 51 + 67 - 1 = 117. So the answer is 117? But wait, let me check if there are any other constraints or if I missed something.

Wait, but mayb"
4,7,reasoning,prose,tentative,117,True,4157,answer should be 117?,"ore, the counts are correct.

Therefore, total number of ordered pairs is 51 + 67 - 1 = 117. So the answer should be 117? Wait, but let me check once more.

But hold on, let me check for k = 0. In the first case, (0, 0). "
4,7,reasoning,prose,asserted,117,True,5479,answer is 117.,"ck if (0, 0) is included in both cases. Yes, when k=0 and m=0. So that's one duplicate.

Therefore, answer is 117. But wait, the problem says ""ordered pairs (x, y)"", so (x, y) where both are between -100 and 100 in"
4,7,reasoning,prose,asserted,117,True,6096,answer is 117.,"hen m = 0. Therefore, only (0, 0). So no other overlaps.

Therefore, 117 is correct. Therefore, the answer is 117.

But wait, hold on. Let me check if there are solutions where x or y is outside the range when k or"
4,7,reasoning,prose,tentative,117,True,7106,answer is 117.,"mbers. Total 34 + 33 = 67. Correct.

Yes. So 51 + 67 = 118. Minus 1 is 117.

Therefore, I think the answer is 117.

But wait, I just thought of something. What if there are solutions where x or y is outside the ran"
4,7,reasoning,prose,tentative,117,True,7196,answer is 117.," that both x and y are within the range. Therefore, the counts are correct.

Therefore, I think the answer is 117.

But to be 100% sure, let me check with specific numbers.

For the first case:

Take k = 25: x = 75"
4,7,reasoning,boxed,asserted,117,True,8512,\boxed{117},"ng to 117. Therefore, confirms the result.

Therefore, I think the answer is 117.

**Final Answer**
\boxed{117}
"
4,7,content,boxed,asserted,117,True,9473,\boxed{117},"d double-counting.

---

### Step 4: Total Number of Ordered Pairs

$$
\text{Total} = 51 + 67 - 1 = \boxed{117}
$$

---

### Final Answer

$$
\boxed{117}
$$"
4,7,content,boxed,asserted,117,True,9489,\boxed{117}," Number of Ordered Pairs

$$
\text{Total} = 51 + 67 - 1 = \boxed{117}
$$

---

### Final Answer

$$
\boxed{117}
$$"
4,8,reasoning,prose,tentative,117,True,3746,answer should be 117?,"from -33 to 33. 67 solutions.

So 51 + 67 = 118, minus 1 for the overlap, gives 117. Therefore, the answer should be 117?

Wait, but let me check again. Wait, is (0, 0) included in both cases? Yes, when k = 0 in the first"
4,8,reasoning,prose,asserted,117,True,4363,answer is 117?,"e numbers. Total 33 + 1 + 33 = 67. Correct.

So 51 + 67 = 118. Minus 1 for (0, 0) gives 117. So the answer is 117?

But let me check if there is a mistake in the range for the second case. For example, m from -33 t"
4,8,reasoning,prose,asserted,117,True,4883,answer is 117?,"that's correct.

Therefore, 67 solutions for the second case.

So 51 + 67 - 1 = 117. Therefore, the answer is 117?

Wait, but let me check with another approach. Maybe I can compute the number of solutions for each"
4,8,reasoning,prose,asserted,117,True,5564,answer is 117?,", 67 solutions. So that's correct.

So the counts are correct. Therefore, 51 + 67 - 1 = 117. So the answer is 117?

But let me check with another approach. Let me think of all possible solutions.

Alternatively, fo"
4,8,reasoning,prose,tentative,117,True,6244,answer should be 117.,"f the equations. Therefore, there are no other solutions. So our count is complete.

Therefore, the answer should be 117. However, let me check with actual enumeration for smaller ranges to see if the logic holds.

For ex"
4,8,reasoning,prose,toy_example,5,False,7278,"answer is 5,","4), (-2,3), (2,-3). That's 5 solutions. Correct. So our formula works here.

So with range -4 to 4, answer is 5, which is 3 + 3 -1 = 5. So that works. So our formula seems correct.

Therefore, returning to origin"
4,8,reasoning,prose,asserted,117,True,7316,answer is 117.,"-1 = 5. So that works. So our formula seems correct.

Therefore, returning to original problem, the answer is 117. But let me check once more.

Wait, but let me check if in the original problem, for the first case,"
4,8,reasoning,prose,tentative,117,True,7933,answer is 117.,"3 and 33 inclusive. So 67 solutions. Correct.

So again, 51 + 67 - 1 = 117.

Therefore, I think the answer is 117.

But wait, hold on. Let me check if there are solutions where x or y is outside the range when cons"
4,8,reasoning,prose,tentative,117,True,8341,answer is correct: 117.,"or x = -100.

So all the edge cases are covered by the ranges we considered.

Therefore, I think my answer is correct: 117.

But just to be thorough, let me check another small example where there are multiple solutions.

S"
4,8,reasoning,prose,asserted,117,True,8981,answer is 117.,"solutions. Correct. So formula works here.

Therefore, confident that for the original problem, the answer is 117.

But just to make sure, let me check the exact counts again.

First case: k from -25 to 25 inclusiv"
4,8,reasoning,boxed,asserted,117,True,9112,\boxed{117},"rrect.

Overlap: 1. Total: 51 + 67 -1 = 117.

Yes.

Therefore, the answer is 117.

**Final Answer**
\boxed{117}
"
4,8,content,boxed,asserted,117,True,10146,\boxed{117},"
- Overlap: 1 (i.e., $(0, 0)$)

So the total number of **distinct** solutions is:

$$
51 + 67 - 1 = \boxed{117}
$$

---

### Final Answer

$$
\boxed{117}
$$"
4,8,content,boxed,asserted,117,True,10162,\boxed{117},"al number of **distinct** solutions is:

$$
51 + 67 - 1 = \boxed{117}
$$

---

### Final Answer

$$
\boxed{117}
$$"
5,1,reasoning,target_equation,target,279,True,6070,N = 2304.," 24. Let me compute that:

96 * 24 = (100 - 4) * 24 = 100*24 - 4*24 = 2400 - 96 = 2304.

Therefore, N = 2304.

But wait, hold on. Is that correct?

Wait, but let me think again. Because each subset S is a spec"
5,1,reasoning,target_equation,target,279,True,6378,"N is 2304,"," so half of that is 20160. Which makes sense, since half the numbers end with even digits.

But our N is 2304, which is less than 20160, which makes sense because we have the additional constraint of divisibili"
5,1,reasoning,target_equation,target,279,True,7151,N = 2304.,"/ 4 * 4! * 4! = 4 * 24 * 24 = 4 * 576 = 2304. Same result. So that seems to confirm it.

Therefore, N = 2304.

But the question says ""Find the difference between N and 2025.""

So, 2304 - 2025 = ?

Compute 2304"
5,1,reasoning,prose,asserted,279,True,7235,answer is 279.,"25.""

So, 2304 - 2025 = ?

Compute 2304 - 2025:

2304 - 2000 = 304

304 - 25 = 279.

Therefore, the answer is 279.

But wait, let me check the calculation again:

2304 minus 2025:

Let me do 2304 - 2025:

2025 + 27"
5,1,reasoning,target_equation,target,279,True,7423,N = 2304.,"

Alternatively, since divisibility by 22 requires divisibility by 2 and 11, and we have calculated N = 2304. But let me check with another approach.

Alternatively, think about the total number of permutation"
5,1,reasoning,target_equation,target,279,True,7714,N = 2304.,"mber is 4608 * 1/2 = 2304. Which matches our previous result. Therefore, that seems to confirm that N = 2304.

Therefore, 2304 - 2025 = 279.

But let me check if 2304 is correct with another angle.

Let me che"
5,1,reasoning,prose,asserted,279,True,8352,answer is 2304 - 2025 = 279.,"ber.

But given that the logic seems consistent, I think it's safe to go with 2304.

Therefore, the answer is 2304 - 2025 = 279.

But just to be 100% sure, let me check the number of subsets again.

Earlier, I found 8 subsets:

"
5,1,reasoning,boxed,asserted,279,True,8612,\boxed{279},"eems correct.

Therefore, the difference between N and 2025 is 2304 - 2025 = 279.

**Final Answer**
\boxed{279}
"
5,1,content,boxed,asserted,279,True,9912,\boxed{279},"nal Answer

We are asked to find the **difference between this number and 2025**:

$$
2304 - 2025 = \boxed{279}
$$

---

### Final Answer

$$
\boxed{279}
$$"
5,1,content,boxed,asserted,279,True,9928,\boxed{279},"ference between this number and 2025**:

$$
2304 - 2025 = \boxed{279}
$$

---

### Final Answer

$$
\boxed{279}
$$"
5,2,reasoning,target_equation,target,279,True,7247,N = 2304.,"= 6.

So, 8 × 24 × 2 × 6.

Compute step by step:

8 × 24 = 192

192 × 2 = 384

384 × 6 = 2304.

So, N = 2304.

But let me verify this because it seems straightforward, but let me check if my assumption that al"
5,2,reasoning,target_equation,target,279,True,7707,N is 2304.," = 4608 × 1/2 = 2304. Which matches the previous result. Therefore, this seems correct.

Therefore, N is 2304. Then, the problem says to find the difference between N and 2025. So, 2304 - 2025 = ?

Compute 2304"
5,2,reasoning,prose,asserted,279,True,7792,answer is 279.,"2025. So, 2304 - 2025 = ?

Compute 2304 - 2025:

2304 - 2000 = 304

304 - 25 = 279.

Therefore, the answer is 279.

But let me check my calculations again to be sure.

First, verifying the number of splits: 8 subse"
5,2,reasoning,prose,asserted,279,True,8276,answer is 279.,"Therefore, I think N is indeed 2304. Therefore, the difference is 2304 - 2025 = 279. Therefore, the answer is 279.

But to be thorough, let me check with another approach.

Alternative approach:

Total number of pe"
5,2,reasoning,target_equation,target,279,True,8681,N = 2304.," * 20160)/35.

Compute 20160 / 35 = 576. Then 4 * 576 = 2304. Same result. Therefore, this confirms N = 2304. Therefore, difference is 2304 - 2025 = 279. Therefore, the answer is 279.

But just to make sure, l"
5,2,reasoning,prose,asserted,279,True,8712,answer is 279.,"sult. Therefore, this confirms N = 2304. Therefore, difference is 2304 - 2025 = 279. Therefore, the answer is 279.

But just to make sure, let me compute 2304 - 2025:

2025 + 279 = 2304. Let me check 2025 + 200 = 2"
5,2,reasoning,answer_line,asserted,279,True,8808,Answer: 279,"heck 2025 + 200 = 2225, 2225 + 79 = 2304. Correct.

Therefore, the answer is 279.

**Final Answer**
Answer: 279
"
5,2,content,boxed,asserted,279,True,9896,\boxed{279},"ulation

We are asked to compute the **difference** between this number and 2025:

$$
2304 - 2025 = \boxed{279}
$$

---

### Final Answer

Answer: 279"
5,2,content,answer_line,asserted,279,True,9909,Answer: 279,"*difference** between this number and 2025:

$$
2304 - 2025 = \boxed{279}
$$

---

### Final Answer

Answer: 279"
5,3,reasoning,target_equation,target,279,True,6750,N = 8 * 2 * 6 * 24.,"Therefore, total N = 8 splits * 2 * 3! * 4!.

But let me compute that:

First, 3! = 6, 4! = 24.

So N = 8 * 2 * 6 * 24.

But wait, no. Wait, for each split, it's 2 * 3! * 4!.

So total N = sum over splits (2 * 3! * 4!) "
5,3,reasoning,target_equation,target,279,True,7045,N = 2304.," 24 = ?

Compute 96 * 24:

Well, 100 * 24 = 2400, minus 4 * 24 = 96 → 2400 - 96 = 2304.

Therefore, N = 2304.

But wait, is this correct? Let me think again.

But hold on, is there an overcounting?

Wait, no. "
5,3,reasoning,target_equation,target,279,True,7859,N = 8 * 288 = 2304.,"s split is 24 * 12 = 288. Similarly, for each split, 24 * 12 = 288. Since there are 8 splits, total N = 8 * 288 = 2304. Yes, same as before.

Therefore, N = 2304.

But let me check with another approach. Let me think ab"
5,3,reasoning,target_equation,target,279,True,7875,N = 2304.,"24 * 12 = 288. Since there are 8 splits, total N = 8 * 288 = 2304. Yes, same as before.

Therefore, N = 2304.

But let me check with another approach. Let me think about the total number of numbers divisible b"
5,3,reasoning,target_equation,target,279,True,12065,N=2304.,"that:

4 * 4 = 16

16 * 6 = 96

96 * 24 = 2304. Same as before. Therefore, same result.

Therefore, N=2304.

But let me check with the previous approach where we had 8 splits, each contributing 2 * 3! * 4! ="
5,3,reasoning,target_equation,target,279,True,12126,N=2304.," 2 * 3! * 4! = 288, and 8 splits gives 2304. Same result.

Therefore, seems consistent.

Therefore, N=2304.

But the problem says ""Find the difference between N and 2025.""

Therefore, 2304 - 2025 = ?

Comput"
5,3,reasoning,prose,asserted,279,True,12219,answer is 279.,"
Compute 2304 - 2025:

2304 - 2000 = 304

304 - 25 = 279

So the difference is 279.

Therefore, the answer is 279. So Answer: 279.

But let me check once again if my calculation of N is correct.

Alternative way: L"
5,3,reasoning,prose,asserted,279,True,12227,Answer: 279.,"25:

2304 - 2000 = 304

304 - 25 = 279

So the difference is 279.

Therefore, the answer is 279. So Answer: 279.

But let me check once again if my calculation of N is correct.

Alternative way: Let me check tota"
5,3,reasoning,prose,asserted,279,True,13004,answer is 279.," 4608. So that seems plausible.

Therefore, 2304 is correct. Then 2304 - 2025 = 279. Therefore, the answer is 279.

But to make sure, let me check with small numbers.

Alternatively, think about the total number of"
5,3,reasoning,boxed,asserted,279,True,13119,\boxed{279},"re. Therefore, 8 * 2 * 6 * 24 = 2304. Yes.

Therefore, I think the answer is 279.

**Final Answer**
\boxed{279}
"
5,3,content,boxed,asserted,279,True,14039,\boxed{279},"he **difference** between this number and 2025:

$$
2304 - 2025 = 279
$$

---

### Final Answer

$$
\boxed{279}
$$"
5,4,reasoning,target_equation,target,279,True,4727,N = 2304.,"* 3! 

Compute that:

First, 4! * 3! = 24 * 6 = 144. Then, 144 * 2 = 288. Then 288 * 8 = 2304. 

So N = 2304. 

But wait, let me check again. 

But hold on, is this correct? Because for each subset, we have 4!"
5,4,reasoning,target_equation,target,279,True,5450,N is 2304.," * 24 = 4 * 576 = 2304. 

Which matches the previous result. 

So that seems consistent. Therefore, N is 2304. 

But then the problem says to find the difference between N and 2025. 

So, 2304 - 2025 = 279. 

W"
5,4,reasoning,prose,asserted,279,True,5558,answer is 279.,"us 2025. Let me compute that. 

2304 - 2000 = 304, then subtract 25 more: 304 - 25 = 279. 

So, the answer is 279. 

But let me check again if my calculation of N is correct. 

Another way: total numbers divisible "
5,4,reasoning,target_equation,target,279,True,5837,N = 2304.,"umbers divisible by 2 would be 4608 * 1/2 = 2304. 

Yes, that's another way to see it. 

Therefore, N = 2304. 

Then, 2304 - 2025 = 279. 

But wait, before I conclude, let me check if there is any mistake in t"
5,4,reasoning,target_equation,target,279,True,6483,N=2304.," {1, 3, 5, 9}? No. 

How about {1, 2, 4, 11}? No. 

I think we have all. So 8 subsets. 

Therefore, N=2304. 

So 2304 - 2025 = 279. 

But let me check with another approach. 

Suppose that the total number o"
5,4,reasoning,prose,asserted,279,True,6910,answer is 2304 - 2025 = 279.,"e there are 8 subsets, 8 * 288 = 2304. 

Yes, same as before. 

So, seems correct. 

Therefore, the answer is 2304 - 2025 = 279. 

But wait, the problem says ""the difference between N and 2025"". So, if N is 2304, then 2304 - 202"
5,4,reasoning,target_equation,hypothetical,279,True,6940,"N is 2304,","swer is 2304 - 2025 = 279. 

But wait, the problem says ""the difference between N and 2025"". So, if N is 2304, then 2304 - 2025 = 279. 

But let me check 2304 - 2025:

2025 + 279 = 2304? Let me compute 2025 + 2"
5,4,reasoning,prose,asserted,279,True,7040,answer is 279.,"2025:

2025 + 279 = 2304? Let me compute 2025 + 200 = 2225, 2225 + 79 = 2304. Yes. 

Therefore, the answer is 279. 

But let me check once more if N is indeed 2304. 

Alternatively, think of total numbers divisible"
5,4,reasoning,boxed,asserted,279,True,7235,\boxed{279},"* 1/2 = 2304. 

Yes, that seems correct. 

Therefore, I think the answer is 279. 

**Final Answer**
\boxed{279}
"
5,4,content,boxed,asserted,279,True,8012,\boxed{279},"ind the difference between this number and 2025:
$$
2304 - 2025 = 279
$$

---

### Final Answer

$$
\boxed{279}
$$"
5,5,reasoning,target_equation,target,279,True,6812,N = 96 * 24.," all subsets of k*3! = 8 * 2 * 6 = 8 * 12 = 96. Then multiply by 4! (which is 24) to get N. 

Wait, N = 96 * 24. Let me compute that. 

But wait, let me check again. 

Earlier, I said that for each subset, the nu"
5,5,reasoning,target_equation,target,279,True,7043,N = 2304.," 96 * 24. 

Compute 96 * 24:

Well, 100*24 = 2400, minus 4*24=96, so 2400 - 96 = 2304. 

Therefore, N = 2304. 

But wait, let me check again. Because the logic is:

For each subset E (which is the set of even "
5,5,reasoning,target_equation,target,279,True,7282,N = 8 * 12 * 24?,"t, the number of permutations is 12 (for even positions) * 4! (for odd positions). Therefore, total N = 8 * 12 * 24? No, that would be overcounting. Wait, no. Wait, no. Wait, no, for each subset, once you fix the sub"
5,5,reasoning,target_equation,target,279,True,7635,N = 96 * 24 = 2304.,"ch contributing 2 * 6 = 12. Therefore, sum is 8 * 12 = 96. Then multiply by 4! (which is 24) to get N = 96 * 24 = 2304. Yes, as before. 

But let me think again. Suppose I have one subset. For example, subset {2,4,5,7}."
5,5,reasoning,target_equation,target,279,True,8700,N = 8 * 12 * 24.,"ers is 12 * 24 = 288. 

Similarly, for each of the 8 subsets, it would be 12 * 24. Therefore, total N = 8 * 12 * 24. Wait, but hold on. Wait, no. Wait, for each subset, it's 12 * 24? No, no. For each subset, it's 12 "
5,5,reasoning,target_equation,target,279,True,8790,N is 8 * 12 * 24?,"plied by 24 (arrangements for odd positions). Therefore, for each subset, 12 * 24. Therefore, total N is 8 * 12 * 24? Wait, no, no. Wait, no, the 8 subsets are different, and for each subset, we have 12 * 24. Therefor"
5,5,reasoning,target_equation,target,279,True,8837,N = 8 * 12 * 24?,"it, no, no. Wait, no, the 8 subsets are different, and for each subset, we have 12 * 24. Therefore, N = 8 * 12 * 24? But that would be 8 * 288 = 2304. Which is what I had before. 

But let me check with another examp"
5,5,reasoning,target_equation,target,279,True,8987,N is 8 * 12 * 24?,"are 1,4,5,8. These can be arranged in 4! = 24 ways. So, 12 * 24. Same as before. 

Therefore, total N is 8 * 12 * 24? Wait, no, no. Wait, no, the 8 subsets are different, but for each subset, we have 12 * 24? No, no. "
5,5,reasoning,target_equation,target,279,True,9102,N is 8 * 12 * 24?,"ons) multiplied by 24 (for odd positions). Therefore, for each subset, it's 12*24. Therefore, total N is 8 * 12 * 24? No, no. Wait, no, no. Wait, no, the 8 subsets are different, but for each subset, you calculate 12 "
5,5,reasoning,target_equation,target,279,True,9153,N = 8 * (12 * 24).,", no. Wait, no, the 8 subsets are different, but for each subset, you calculate 12 * 24. Therefore, N = 8 * (12 * 24). But that would be 8 * 288 = 2304. 

But wait, let me think of the total number of permutations. The"
5,5,reasoning,target_equation,target,279,True,9296,"N is 2304,","umber of those with last digit even is 4 * 7! = 4 * 5040 = 20160. But according to our calculation, N is 2304, which is much less than 20160, which makes sense because we have the additional constraint of divis"
5,5,reasoning,target_equation,target,279,True,10430,N = 8 * 12 * 24 = 2304.,"Therefore, total for all subsets: 8 * 12. Then, the odd positions are arranged in 4! ways. So total N = 8 * 12 * 24 = 2304. 

Alternatively, if I think of the entire permutation: the number of ways is equal to:

(number of "
5,5,reasoning,target_equation,target,279,True,10576,N = 2304.,"nd that there are 8 subsets, and for each subset, the number of valid arrangements is 12 * 24, then N = 2304. 

But let me check if 2304 is correct. 

Alternatively, let me think of the total number of permuta"
5,5,reasoning,target_equation,target,279,True,11124,N = 2304.,"n positions) = 8 * 24 * 12 = same as before, 2304. 

Therefore, this seems consistent. 

Therefore, N = 2304. 

Then, the problem asks for the difference between N and 2025. So, 2304 - 2025 = 279. 

But let me"
5,5,reasoning,target_equation,target,279,True,11835,N = 2304.,"en would be 4608 * (1/2) = 2304. Which matches our previous result. 

Therefore, this confirms that N = 2304. 

Therefore, the answer is 2304 - 2025 = 279. 

But just to be 100% sure, let me check with another"
5,5,reasoning,prose,asserted,279,True,11858,answer is 2304 - 2025 = 279.,"2304. Which matches our previous result. 

Therefore, this confirms that N = 2304. 

Therefore, the answer is 2304 - 2025 = 279. 

But just to be 100% sure, let me check with another angle. 

Total number of permutations divisib"
5,5,reasoning,target_equation,target,279,True,12083,"N = 2304,","5...) = 20160 * (1/8.75) = ... but this is messy. However, since we already have two methods giving N = 2304, and the logic seems consistent, I think it's safe. 

Therefore, the difference between N and 2025 i"
5,5,reasoning,boxed,asserted,279,True,12138,\boxed{279}," it's safe. 

Therefore, the difference between N and 2025 is 2304 - 2025 = 279. 

**Final Answer**
\boxed{279}
"
5,5,content,target_equation,target,279,True,13518,N = 8 \times 288 = 2304,"mutations = $ 12 \times 24 = 288 $

With 8 such subsets, total number of valid permutations is:

$$
N = 8 \times 288 = 2304
$$

---

### Step 3: Final Answer

We are asked to compute the **difference between $ N $ and 2025**"
5,5,content,boxed,asserted,279,True,13583,\boxed{279},"pute the **difference between $ N $ and 2025**:

$$
2304 - 2025 = 279
$$

---

### Final Answer

$$
\boxed{279}
$$"
5,6,reasoning,target_equation,target,279,True,4835,N = 8 * 12 * 24.,"N = 8 subsets * 12 (even arrangements) * 4! (odd arrangements).

Compute that:

First, 4! = 24.

So N = 8 * 12 * 24.

Calculate 8 * 12 = 96; 96 * 24.

Compute 96 * 24:

Well, 100*24 = 2400, minus 4*24=96, so 2400 - 9"
5,6,reasoning,target_equation,target,279,True,4916,N = 2304.,"* 12 = 96; 96 * 24.

Compute 96 * 24:

Well, 100*24 = 2400, minus 4*24=96, so 2400 - 96 = 2304.

So N = 2304.

But wait, let me check again. Wait, 8 subsets, each contributing 12 * 24. So 8*12*24. 8*12 is 96, "
5,6,reasoning,target_equation,target,279,True,5034,N is 2304.," Let me compute 96*24:

Breakdown:

96 * 20 = 1920

96 * 4 = 384

Total: 1920 + 384 = 2304. Yes. So N is 2304.

But wait, the question says ""the number of these integers that are divisible by 22"". So N is 2304."
5,6,reasoning,target_equation,target,279,True,5063,N is 2304.,"N is 2304.

But wait, the question says ""the number of these integers that are divisible by 22"". So N is 2304. Then, the problem says ""Find the difference between N and 2025.""

So, 2304 - 2025 = ?

Compute 2304"
5,6,reasoning,prose,asserted,279,True,5144,answer is 279.,", 2304 - 2025 = ?

Compute 2304 - 2000 = 304, then subtract 25 more: 304 -25 = 279.

Therefore, the answer is 279.

Wait, but let me check my reasoning again because sometimes there might be an error in counting.

"
5,6,reasoning,prose,asserted,279,True,7375,answer is 279.,"let me check the arithmetic:

2304 - 2025:

2304 - 2000 = 304

304 - 25 = 279. Yes.

Therefore, the answer is 279. 

But just to be thorough, let me check if there is a mistake in the number of subsets. 

Earlier, "
5,6,reasoning,target_equation,target,279,True,8351,N = 2304," I think we have all 8 subsets. Therefore, the count of 8 is correct.

Therefore, my calculation of N = 2304 is correct. Therefore, the answer is 2304 - 2025 = 279.

But just to be 100% sure, let me check with"
5,6,reasoning,prose,asserted,279,True,8375,answer is 2304 - 2025 = 279.,"efore, the count of 8 is correct.

Therefore, my calculation of N = 2304 is correct. Therefore, the answer is 2304 - 2025 = 279.

But just to be 100% sure, let me check with another approach.

Alternative approach:

Total number"
5,6,reasoning,target_equation,target,279,True,11336,N = 2304.," 4 cases * 576 = 4 * 576 = 2304. Which matches our previous result. 

Therefore, this confirms that N = 2304. 

Therefore, the difference between N and 2025 is 2304 - 2025 = 279. 

Therefore, the answer is 279"
5,6,reasoning,boxed,asserted,279,True,11390,\boxed{279},"ference between N and 2025 is 2304 - 2025 = 279. 

Therefore, the answer is 279. 

**Final Answer**
\boxed{279}
"
5,6,content,boxed,asserted,279,True,12435,\boxed{279},"al Calculation

We are asked to find the difference between this number and 2025:

$$
2304 - 2025 = \boxed{279}
$$"
5,7,reasoning,target_equation,target,279,True,6163,N = 2304?,"has 2 even digits, that would be 2 * 6 * 24 = 288 per subset. 8 subsets would be 8 * 288 = 2304. So N = 2304?

But wait, let me verify this with an example.

Take subset 1: {1,2,7,8}. The even digits are 2 and"
5,7,reasoning,target_equation,target,279,True,6444,N is 8*288=2304.," is 4!.

So, for this subset, it's 2 * 3! * 4! = 2*6*24=288. Same for all subsets. Therefore, total N is 8*288=2304.

But wait, the total number of permutations divisible by 2 is 20160, and N is 2304? That seems poss"
5,7,reasoning,target_equation,target,279,True,6473,N is 2304?,"re, total N is 8*288=2304.

But wait, the total number of permutations divisible by 2 is 20160, and N is 2304? That seems possible. Let me check if that's correct.

But let me check another subset. Take subset "
5,7,reasoning,target_equation,target,279,True,6634,N=8*288=2304.,": {1,2,7,8}. Which can be arranged in 4! ways. So again 2*6*24=288. So yes, same.

Therefore, total N=8*288=2304. Therefore, the answer is N - 2025 = 2304 - 2025 = 279.

Wait, 2304 - 2025: 2304 - 2000 = 304, then "
5,7,reasoning,prose,tentative,279,True,6730,answer would be 279.,"25 = 279.

Wait, 2304 - 2025: 2304 - 2000 = 304, then subtract 25 more: 304 -25=279. So 279. So the answer would be 279. But let me check again.

But wait, before I accept that, let me make sure that there are indeed 8 s"
5,7,reasoning,target_equation,target,279,True,7084,N=8*288=2304.," about {1, 2, 3, 12}? No. How about {2, 3, 4, 9}? No. So, I think 8 subsets is correct.

Therefore, N=8*288=2304.

But let me check another way. Since the total number of permutations divisible by 11 and 2 is N. B"
5,7,reasoning,target_equation,target,279,True,7198,N=2304.,"ry for divisibility by 11. So, given that, and that we have considered the last digit is even, then N=2304.

But let me check with another approach. Let me calculate the total number of permutations divisibl"
5,7,reasoning,target_equation,target,279,True,8043,N=2304.,"be 4608 * 1/2 = 2304. Which matches our previous result. Therefore, that seems correct.

Therefore, N=2304. Therefore, the difference between N and 2025 is 2304 - 2025 = 279. Therefore, the answer is 279.

B"
5,7,reasoning,prose,asserted,279,True,8083,answer is 279.,"herefore, N=2304. Therefore, the difference between N and 2025 is 2304 - 2025 = 279. Therefore, the answer is 279.

But let me check once more with another approach. Let me think about the total number of permutati"
5,7,reasoning,target_equation,target,279,True,8446,N=2304,"Therefore, total is half of 4608, which is 2304. Therefore, that seems correct.

Therefore, I think N=2304 is correct. Therefore, the answer is 2304 - 2025 = 279.

But just to be thorough, let me check with "
5,7,reasoning,prose,asserted,279,True,8470,answer is 2304 - 2025 = 279.,"which is 2304. Therefore, that seems correct.

Therefore, I think N=2304 is correct. Therefore, the answer is 2304 - 2025 = 279.

But just to be thorough, let me check with a small example. Let's take one subset and calculate ma"
5,7,reasoning,prose,asserted,279,True,8793,answer is 2304 - 2025 = 279.,"*24=288. Correct.

Therefore, seems correct. Therefore, 8 subsets, 288 each, total 2304. Therefore, answer is 2304 - 2025 = 279.

But let me check 2304 - 2025. 2304 - 2000 = 304. 304 - 25 = 279. Yes. So 279.

But let me check if"
5,7,reasoning,boxed,asserted,279,True,9091,\boxed{279}," and cross-verified, I think it's correct.

Therefore, I think the answer is 279.

**Final Answer**
\boxed{279}
"
5,7,content,boxed,asserted,279,True,10271,\boxed{279},"d the difference between this number and 2025:
$$
2304 - 2025 = 279
$$

---

### ✅ Final Answer

$$
\boxed{279}
$$"
5,8,reasoning,target_equation,target,279,True,5782,N is 2304?,"6 * 144 = ?

Let me compute 16 * 144. 10*144=1440, 6*144=864, so total 1440 + 864 = 2304.

Wait, so N is 2304?

But let me check again. Each subset contributes 2 even digits, and there are 8 subsets, so total i"
5,8,reasoning,target_equation,target,279,True,5892,N = 2304.," 144. Let me compute 144 * 16:

144 * 10 = 1440

144 * 6 = 864

1440 + 864 = 2304. Yes.

Therefore, N = 2304.

But wait, the problem says ""the number of these integers that are divisible by 22"". So N is 2304.
"
5,8,reasoning,target_equation,target,279,True,5921,N is 2304.,", N = 2304.

But wait, the problem says ""the number of these integers that are divisible by 22"". So N is 2304.

But then the question says ""Find the difference between N and 2025.""

So, 2304 - 2025 = ?

Compute"
5,8,reasoning,prose,asserted,279,True,6002,answer is 279.,", 2304 - 2025 = ?

Compute 2304 - 2000 = 304, then subtract 25 more: 304 -25 = 279.

Therefore, the answer is 279.

But let me double-check my reasoning because it's easy to make a mistake here.

First, verifying t"
5,8,reasoning,prose,asserted,279,True,6337,answer is 279.,"gits. Therefore, total number is 8 * 2 = 16. Multiply by 144 gives 2304. Then 2304 - 2025 = 279. So answer is 279. But let me check again if there's a mistake in the logic.

Wait, but another thought: when I consid"
5,8,reasoning,prose,asserted,279,True,7061,answer is 279.,"e logic is correct.

Therefore, the number N is indeed 2304. Then 2304 - 2025 = 279. Therefore, the answer is 279.

But to be thorough, let me check if there's a different approach that could lead to a different an"
5,8,reasoning,target_equation,target,279,True,7387,"N = 2304,","rward. However, our previous approach is more concrete.

Alternatively, since we have already found N = 2304, let me check if 2304 is a reasonable number.

Total numbers divisible by 2: 20160. Numbers divisibl"
5,8,reasoning,target_equation,target,279,True,9445,"N = 2304,","re of the problem, it's exactly half.

Therefore, my original calculation seems correct. Therefore, N = 2304, difference with 2025 is 2304 - 2025 = 279.

But to be 100% sure, let me check with a smaller case.
"
5,8,reasoning,boxed,asserted,279,True,10039,\boxed{279},"r is correct.

Therefore, the difference between N and 2025 is 2304 - 2025 = 279.

**Final Answer**
\boxed{279}
"
5,8,content,target_equation,target,279,True,11372,N = 8 \cdot 288 = 2304,"utations is:
$$
2 \cdot 3! \cdot 4! = 2 \cdot 6 \cdot 24 = 288
$$

There are 8 such subsets, so:
$$
N = 8 \cdot 288 = 2304
$$

---

### Step 5: Final Calculation

Now compute the difference between $ N $ and 2025:
$$
2304 -"
5,8,content,boxed,asserted,279,True,11418,\boxed{279},"
### Step 5: Final Calculation

Now compute the difference between $ N $ and 2025:
$$
2304 - 2025 = \boxed{279}
$$

---

### Final Answer

$$
\boxed{279}
$$"
5,8,content,boxed,asserted,279,True,11434,\boxed{279},"e the difference between $ N $ and 2025:
$$
2304 - 2025 = \boxed{279}
$$

---

### Final Answer

$$
\boxed{279}
$$"
6,1,reasoning,prose,asserted,504,True,2268,answer is 504.,"= 432

Adding them: 576 + 432 = 1008

Divide by 2: 1008 / 2 = 504

Therefore, r² + s² = 504. So the answer is 504. Let me check if this makes sense.

Alternatively, I can compute r² and s² individually. Let me try "
6,1,reasoning,prose,asserted,504,True,2981,answer is 504.," s = 24, which also matches. So both approaches are consistent. So that seems good.

Therefore, the answer is 504. Let me check once again if there's any possible mistake. For example, maybe I confused the formula "
6,1,reasoning,answer_line,asserted,504,True,3165,Answer: 504,"orrect.

So, all steps check out. Therefore, r² + s² = 504. So the answer is 504.

**Final Answer**
Answer: 504
"
6,1,content,boxed,asserted,504,True,4085,\boxed{504},"2 = 432
$$

$$
r^2 + s^2 = \frac{576 + 432}{2} = \frac{1008}{2} = 504
$$

---

### Final Answer

$$
\boxed{504}
$$"
6,2,reasoning,prose,asserted,504,True,1410,answer is 504.,"- 144√3) + (252 + 144√3) = 252 + 252 = 504.

Wait, that's nice! The cross terms cancel out. So, the answer is 504. Let me check my steps again to make sure I didn't make a mistake.

First, the area formula: yes, ar"
6,2,reasoning,prose,asserted,504,True,1877,answer is 504.,"r² + s² = (576 + 432)/2 = 1008 / 2 = 504. Yep, same result. So that's a good check.

Therefore, the answer is 504. So, the AIME answer is 504. Let me check if that's an integer between 0 and 999. Yes, 504 is an int"
6,2,reasoning,prose,asserted,504,True,1889,answer is 504.,"08 / 2 = 504. Yep, same result. So that's a good check.

Therefore, the answer is 504. So, the AIME answer is 504. Let me check if that's an integer between 0 and 999. Yes, 504 is an integer and within the range. S"
6,2,reasoning,answer_line,asserted,504,True,2639,Answer: 504,"
Therefore, my answer of 504 seems correct. Therefore, I think the answer is 504.

**Final Answer**
Answer: 504
"
6,2,content,target_equation,target,504,True,3536,r^2 + s^2 = 576 - 2 \cdot 36 = 576 - 72 = 504,"t{3}, \quad s = 12 + 6\sqrt{3}
\Rightarrow rs = (12)^2 - (6\sqrt{3})^2 = 144 - 108 = 36
$$

So:

$$
r^2 + s^2 = 576 - 2 \cdot 36 = 576 - 72 = 504
$$

---

### Final Answer

$$
\boxed{504}
$$"
6,2,content,boxed,asserted,504,True,3552,\boxed{504}," - 108 = 36
$$

So:

$$
r^2 + s^2 = 576 - 2 \cdot 36 = 576 - 72 = 504
$$

---

### Final Answer

$$
\boxed{504}
$$"
6,3,reasoning,prose,asserted,504,True,1843,answer is 504.,"adding r² + s²:

(252 - 144√3) + (252 + 144√3) = 252 + 252 = 504

So, r² + s² = 504. Therefore, the answer is 504.

Wait, but let me check my steps again to make sure.

First, the height: since the trapezoid has an"
6,3,reasoning,prose,asserted,504,True,2409,answer is 504.,"108) = 2*(252) = 504. So that's a quicker way. Yep, same result. So that's correct.

Therefore, the answer is 504. So I think that's correct. Let me check if there's another way someone might approach this problem "
6,3,reasoning,prose,tentative,504,True,3041,answer is 504.,"hat. But it's good to know.

But regardless, my previous steps seem correct. Therefore, I think the answer is 504.

But just to make sure, let me check with actual numbers. Let me compute r and s:

r = 12 - 6√3 ≈ 1"
6,3,reasoning,answer_line,asserted,504,True,3329,Answer: 504,"re, calculations are consistent.

Therefore, r² + s² = 504. So the answer is 504.

**Final Answer**
Answer: 504
"
6,3,content,boxed,asserted,504,True,4319,\boxed{504},"sqrt{3})^2)
$$
$$
= 2(144 + 36 \cdot 3) = 2(144 + 108) = 2(252) = 504
$$

---

### Final Answer

$$
\boxed{504}
$$"
6,4,reasoning,prose,asserted,504,True,2463,answer is 504.,"est of the steps are okay. Therefore, r + s = 24, (r - s)^2 = 432, so r² + s² = 504. Therefore, the answer is 504.

But let me check with actual numbers. Let me try to find r and s.

We have r + s = 24 and r - s = "
6,4,reasoning,prose,asserted,504,True,3009,answer is 504.," (252 - 144√3) = 504. Perfect, that matches our previous result. So that's correct.

Therefore, the answer is 504. So I think that's solid.

But just to make sure there isn't any missing step or misinterpretation. "
6,4,reasoning,answer_line,asserted,504,True,3164,Answer: 504,"hen used algebra to find r² + s². All steps check out. So I think 504 is correct.

**Final Answer**
Answer: 504
"
6,4,content,boxed,asserted,504,True,4040,\boxed{504},"2 = \frac{24^2 + 432}{2} = \frac{576 + 432}{2} = \frac{1008}{2} = 504
$$

---

### Final Answer

$$
\boxed{504}
$$"
6,5,reasoning,prose,asserted,504,True,2009,answer is 504.," - 144√3

Adding them together:

r² + s² = (252 + 144√3) + (252 - 144√3) = 252 + 252 = 504

So, the answer is 504. But let me check if this is correct. Wait, but let me verify my steps again to make sure I didn't m"
6,5,reasoning,prose,asserted,504,True,2705,answer is 504.,"entity, expanding the squares as I did earlier also gives 504. So that seems solid.

Therefore, the answer is 504. But let me check if there's another way someone might approach this problem and maybe get confused."
6,5,reasoning,prose,asserted,504,True,3128,answer is 504.,"= sqrt(144) = 12, which is correct. So all the numbers check out.

Therefore, r² + s² = 504. So the answer is 504. Therefore, I think that's correct.

**Final Answer**
Answer: 504
"
6,5,reasoning,answer_line,asserted,504,True,3147,Answer: 504,"herefore, r² + s² = 504. So the answer is 504. Therefore, I think that's correct.

**Final Answer**
Answer: 504
"
6,5,content,target_equation,target,504,True,4307,r^2 + s^2 = 576 - 2 \cdot 36 = 576 - 72 = 504,"rt{3},\quad s = 12 - 6\sqrt{3} \Rightarrow rs = (12)^2 - (6\sqrt{3})^2 = 144 - 108 = 36
$$

So:

$$
r^2 + s^2 = 576 - 2 \cdot 36 = 576 - 72 = 504
$$

---

### Final Answer

$$
\boxed{504}
$$"
6,5,content,boxed,asserted,504,True,4323,\boxed{504}," - 108 = 36
$$

So:

$$
r^2 + s^2 = 576 - 2 \cdot 36 = 576 - 72 = 504
$$

---

### Final Answer

$$
\boxed{504}
$$"
6,6,reasoning,prose,asserted,504,True,2175,answer is 504?," = 24² = 576.

(r - s)^2 = 432.

Therefore, r² + s² = (576 + 432)/2 = 1008 / 2 = 504.

Wait, so the answer is 504? Let me check my steps again to make sure.

First, the trapezoid is tangential, so r + s = 2l. Then,"
6,6,reasoning,prose,asserted,504,True,3103,answer is 504.," + 2l = 4l = 48 => l = 12. So that's consistent.

Therefore, all steps seem correct. Therefore, the answer is 504.

But let me check if the problem says ""the radius of the circle is 3"", so inradius is 3, and area i"
6,6,reasoning,prose,tentative,504,True,3833,answer is 504.,"erms: 252 + 144√3 + 252 - 144√3 = 504. Yep, same result. So that's correct.

Therefore, I think the answer is 504. So I should put that as the final answer.

**Final Answer**
Answer: 504
"
6,6,reasoning,answer_line,asserted,504,True,3854,Answer: 504,"

Therefore, I think the answer is 504. So I should put that as the final answer.

**Final Answer**
Answer: 504
"
6,6,content,boxed,asserted,504,True,4800,\boxed{504},"2 = \frac{24^2 + 432}{2} = \frac{576 + 432}{2} = \frac{1008}{2} = 504
$$

---

### Final Answer

$$
\boxed{504}
$$"
6,7,reasoning,prose,asserted,504,True,1651,answer is 504.," them together:

(252 - 144√3) + (252 + 144√3) = 252 + 252 = 504

So, r² + s² = 504. Therefore, the answer is 504. Wait, but let me check my steps again to make sure I didn't make any mistakes.

First, the area for"
6,7,reasoning,prose,asserted,504,True,2173,answer is 504.,"04. So that's another way to see it. Therefore, same answer. So that seems correct.

Therefore, the answer is 504. But wait, the problem says ""Find r² + s²"". So 504 is the answer? Let me check if that's correct.

B"
6,7,reasoning,prose,asserted,504,True,2666,answer is 504.,"= 12. Correct. So that's correct.

Therefore, all steps check out. Therefore, r² + s² = 504. So the answer is 504.

But wait, the problem says ""the radius of the circle is 3"", so maybe I need to check if there is a"
6,7,reasoning,boxed,asserted,504,True,3772,\boxed{504},"re, I think my answer is correct. So r² + s² = 504. Therefore, the answer is 504.

**Final Answer**
\boxed{504}
"
6,7,content,boxed,asserted,504,True,4781,\boxed{504},"qrt{3})^2)
$$

$$
= 2(144 + 36 \cdot 3) = 2(144 + 108) = 2(252) = 504
$$

---

### Final Answer

$$
\boxed{504}
$$"
6,8,reasoning,prose,asserted,504,True,2106,answer is 504.," - 144√3

Adding them together:

r² + s² = (252 + 144√3) + (252 - 144√3) = 252 + 252 = 504.

So the answer is 504. Let me check if that makes sense.

Alternatively, there's a formula for r² + s² in terms of (r + s)"
6,8,reasoning,prose,asserted,504,True,2375,answer is 504.,"fore, r² + s² = (r + s)^2 - 2rs = 576 - 72 = 504. Yep, same result. So that's good.

Therefore, the answer is 504. Let me check if there's any possible mistake here.

Wait, the problem says ""an isosceles trapezoid "
6,8,reasoning,prose,asserted,504,True,2836,answer is 504.," 24/2 * 6 = 12 * 6 = 72. Correct. 

So all the numbers check out. Therefore, r² + s² is 504. So the answer is 504. 

But let me check again if I didn't make a mistake in the calculation of r² + s². For example, whe"
6,8,reasoning,answer_line,asserted,504,True,3027,Answer: 504,"nother way to see it. So that's correct. 

Therefore, I think the answer is 504. 

**Final Answer**
Answer: 504
"
6,8,content,boxed,asserted,504,True,4039,\boxed{504}," 36
$$

Now compute:

$$
r^2 + s^2 = (r + s)^2 - 2rs = 576 - 72 = 504
$$

---

### Final Answer

$$
\boxed{504}
$$"
7,1,reasoning,target_equation,target,271,False,9334,m + n = 271.,"tors of 231 are 3 * 7 * 11. No common factors, so 40/231 is reduced. Therefore, m = 40, n = 231, so m + n = 271.

Wait, but wait. Let me check again. Is 40/231 the correct probability?

But let me think again. Be"
7,2,reasoning,target_equation,target,271,False,8388,m + n = 271.,"factors of 231 are 3 * 7 * 11. No common factors. Therefore, 40/231 is reduced, so m = 40, n = 231, m + n = 271.

Wait, but let me check my calculation again because 5/11 * 8/21 is indeed 40/231. However, I need "
7,2,reasoning,target_equation,target,271,False,8841,m + n = 40 + 231 = 271.," So GCD is 1? Wait, 231 is 3*7*11. 40 is 2^3*5. No common factors. Therefore, 40/231 is reduced. So m + n = 40 + 231 = 271.

But wait, the problem says ""the last word listed contains G"". But is there a possibility that the "
7,2,reasoning,target_equation,target,271,False,13612,m + n = 40 + 231 = 271.,"ur previous result. Therefore, this confirms the result.

Therefore, the probability is 40/231, and m + n = 40 + 231 = 271.

But wait, let me check if 40 and 231 are coprime. As before, 231 = 3 * 7 * 11. 40 = 2^3 * 5. No co"
7,2,reasoning,prose,asserted,271,False,13689,answer is 271.,"efore, 231 = 3 * 7 * 11. 40 = 2^3 * 5. No common factors, so yes, 40/231 is reduced. Therefore, the answer is 271.

However, I recall that in some cases, there might be other ways for the pair containing G to be th"
7,2,reasoning,target_equation,target,271,False,14991,m + n = 40 + 231 = 271.," 8/231 = 40/231, same as before. So this confirms the result.

Therefore, the answer is 40/231, and m + n = 40 + 231 = 271.

But just to be 100% sure, let me check with another method.

Another approach: For the last word t"
7,2,reasoning,boxed,asserted,271,False,15746,\boxed{271},"fore, I'm confident that 40/231 is correct.

Hence, the answer is 40 + 231 = 271.

**Final Answer**
\boxed{271}
"
7,3,reasoning,target_equation,target,271,False,7872,m + n = 271.,", 40 and 231: 231 is 3*7*11, and 40 is 2^3*5. So yes, they are coprime. Therefore, m = 40, n = 231, m + n = 271. 

But wait, the problem says ""the probability that the last word listed contains G"". But according "
7,3,reasoning,prose,asserted,271,False,9048,answer is 40 + 231 = 271.,"
Prime factors of 231: 3 * 7 * 11. 

No common factors, so yes, 40/231 is reduced. 

Therefore, the answer is 40 + 231 = 271. 

But wait, I recall that sometimes in probability problems with pairings, there can be alternative"
7,3,reasoning,target_equation,target,271,False,10099,m + n = 40 + 231 = 271.,"1. Which matches our previous result. 

Therefore, this confirms that the probability is 40/231, so m + n = 40 + 231 = 271. 

But just to make sure, let me think of a simpler case. Suppose there are only 2 letters, A and B."
7,3,reasoning,prose,asserted,271,False,11451,answer is 40 + 231 = 271.,"orks here. 

Therefore, returning to our original problem, the probability is indeed 40/231, so the answer is 40 + 231 = 271. 

But just to check, maybe I can think of another way. 

Suppose we think about all possible pairin"
7,3,reasoning,prose,tentative,271,False,11753,answer is 271.," 

Therefore, the probability is the same as before. 

Therefore, I think 40/231 is correct, so the answer is 271. 

But just to check, maybe I can compute 40/231. 

But 231 is 3*7*11. 40 is 8*5. So yes, co-prime. "
7,3,reasoning,boxed,asserted,271,False,11825,\boxed{271},"
But 231 is 3*7*11. 40 is 8*5. So yes, co-prime. 

Therefore, the answer is 271. 

**Final Answer**
\boxed{271}
"
7,3,content,boxed,asserted,271,False,12698,\boxed{271}," \frac{m}{n} $, and $ m $ and $ n $ are coprime.

So:

$$
m = 40, \quad n = 231 \Rightarrow m + n = \boxed{271}
$$"
7,4,reasoning,target_equation,target,271,False,5072,m + n = 271.,"s into 3 * 7 * 11. 40 is 2^3 * 5. No common factors. Therefore, 40/231. Therefore, m = 40, n = 231. m + n = 271.

Wait, but hold on. Is this correct? Because I think I might have made a mistake here. Because the "
7,4,reasoning,target_equation,target,271,False,6444,m + n = 40 + 231 = 271.,"probability is (5/11) * (8/21) = 40 / 231, same as before. Therefore, the probability is 40/231, so m + n = 40 + 231 = 271. 

But let me check if that is correct. Let me think of another way. 

Alternatively, think of all p"
7,4,reasoning,target_equation,target,271,False,7399,m + n = 40 + 231 = 271.,": 2^3 * 5. 

Factors of 231: 3 * 7 * 11. 

No common factors. Therefore, 40/231 is reduced. 

Thus, m + n = 40 + 231 = 271. 

But wait, let me check with another approach. Maybe using symmetry or something else. 

Alternati"
7,4,reasoning,target_equation,target,271,False,11108,m + n = 271.,"me as before. 

Therefore, this confirms the previous result. 

Therefore, the answer is 40/231, so m + n = 271. 

But just to be thorough, let me check with a small case. 

Suppose we have fewer letters. For exa"
7,4,reasoning,boxed,asserted,271,False,12560,\boxed{271},"e worked, I think the formula is correct. 

Therefore, I think the answer is 271.

**Final Answer**
\boxed{271}
"
7,4,content,target_equation,target,271,False,13611,m + n = 271,"where the probability is $ \frac{m}{n} $ in reduced form. So:

$$
m = 40, \quad n = 231 \Rightarrow m + n = 271
$$

---

### ✅ Final Answer:

$$
\boxed{271}
$$"
7,4,content,boxed,asserted,271,False,13629,\boxed{271},"educed form. So:

$$
m = 40, \quad n = 231 \Rightarrow m + n = 271
$$

---

### ✅ Final Answer:

$$
\boxed{271}
$$"
7,5,reasoning,target_equation,target,821,True,10418,m + n = 128 + 693 = 821.," m/n where m and n are relatively prime positive integers. Find m + n.""

So, m = 128, n = 693. Then m + n = 128 + 693 = 821.

Wait, but before I conclude, I need to check my calculations again because 1920 / 10395 reduces to"
7,5,reasoning,target_equation,target,821,True,15349,m + n = 128 + 693 = 821.,", 9-8=1. GCD(4,1)=1. Therefore, yes, GCD is 1. So 128/693 is reduced.

Therefore, m = 128, n = 693. m + n = 128 + 693 = 821.

But wait, let me check with another approach to confirm.

Alternative approach:

Imagine that we a"
7,5,reasoning,prose,tentative,821,True,15963,answer should be 128 + 693 = 821.,"mber of favorable pairings is 1920, so the probability is 1920 / 10395 = 128 / 693.

Therefore, the answer should be 128 + 693 = 821.

But to be thorough, let me check with smaller cases.

Let me take a smaller case where I can compu"
7,6,reasoning,target_equation,target,701,False,11181,m + n = 8 + 693 = 701.,"3^2 * 11. 8 is 2^3. No common factors. Therefore, 8/693 is reduced. Therefore, m = 8, n = 693. Then m + n = 8 + 693 = 701.

But wait, let me check again my calculation for the probability.

Earlier, I calculated that the p"
7,6,reasoning,target_equation,target,701,False,12386,m + n = 701.,"693 = 7 * 9 * 11. 8 is 2^3. No common factors, so yes, 8/693 is reduced. Therefore, m = 8, n = 693, m + n = 701.

But wait, I'm a bit unsure because 8/693 seems a small probability, but maybe it's correct. Howeve"
8,1,reasoning,target_equation,target,77,True,1981,m + n is 77.," possible values of k"", so 23/8 + 123/8 = 146/8 = 73/4. Then m is 73, n is 4, which are coprime. So m + n is 77.

Wait, but hold on. Let me check my steps again to make sure I didn't make any mistakes.

First, th"
8,1,reasoning,target_equation,target,77,True,2541,m + n is 73 + 4 = 77.,"=> k = 123/8.

So that's correct. Then sum is 23/8 + 123/8 = 146/8 = 73/4. 73 and 4 are coprime, so m + n is 73 + 4 = 77.

But wait, the problem says ""the system has exactly one complex solution z"". But is there a possibi"
8,1,reasoning,target_equation,target,77,True,3716,m + n = 77.,"re. So that's correct. Therefore, the sum is 23/8 + 123/8 = 146/8 = 73/4. Therefore, m = 73, n = 4, m + n = 77.

But wait, the problem says ""the sum of all possible values of k"". But is there a possibility that "
8,1,reasoning,prose,asserted,77,True,3823,answer is 77.,"ne solution is when it's tangent, so only two possibilities for k here. Therefore, the sum is 73/4, answer is 77.

But let me check once again. Let me verify with actual numbers. Let me take k = 23/8 and check if "
8,1,reasoning,target_equation,target,77,True,4224,m + n = 73 + 4 = 77.,"ues of k make the line tangent to the circle. So that's correct.

Therefore, the answer is 73/4, so m + n = 73 + 4 = 77.

But wait, the problem says ""the sum of all possible values of k"". But maybe there's another case? "
8,1,reasoning,prose,asserted,77,True,4332,answer is 77.,"utions. So only when tangent, exactly one solution. Therefore, only two values of k. Therefore, the answer is 77.

But let me check if there's a possibility that the line coincides with the circle? But a line can'"
8,1,reasoning,boxed,asserted,77,True,5421,\boxed{77}," solution is that the line is tangent to the circle. Therefore, the answer is 77.

**Final Answer**
\boxed{77}
"
8,1,content,boxed,asserted,77,True,6693,\boxed{77},"}{8} = \frac{73}{4}
$$

This is already in lowest terms, so $ m = 73 $, $ n = 4 $, and:

$$
m + n = \boxed{77}
$$

---

### Final Answer

$$
\boxed{77}
$$"
8,1,content,boxed,asserted,77,True,6708,\boxed{77},"n lowest terms, so $ m = 73 $, $ n = 4 $, and:

$$
m + n = \boxed{77}
$$

---

### Final Answer

$$
\boxed{77}
$$"
8,2,reasoning,target_equation,target,77,True,2014,m + n = 77.," a prime number? Yes, 73 is prime. 4 is 2^2. So, 73 and 4 are coprime. Therefore, m = 73, n = 4, so m + n = 77.

But wait, before I conclude, I need to make sure that there are exactly two solutions for k, and t"
8,2,reasoning,target_equation,target,77,True,2247,m + n is 73 + 4 = 77.,"at line, set it equal to 5. Then solved for k, getting 123/8 and 23/8. Then sum is 146/8 = 73/4. So m + n is 73 + 4 = 77.

But wait, the problem says ""the system has exactly one complex solution z"". So, the line is tangen"
8,2,reasoning,target_equation,target,77,True,2972,m + n is 77.," = 123/8 or 23/8. Sum is 123/8 + 23/8 = 146/8 = 73/4. Yes, that's correct. 73 and 4 are coprime. So m + n is 77.

But wait, the problem says ""the sum of all possible values of k"". But is there a possibility that "
8,2,reasoning,prose,asserted,77,True,3146,answer is 73 + 4 = 77.," be tangent to the circle. So, solving for k gives us two solutions. Therefore, the sum is 73/4, so answer is 73 + 4 = 77.

But let me check if maybe there is a mistake in interpreting the second equation. Let me check aga"
8,2,reasoning,prose,asserted,77,True,3577,answer is 77.,"rrect. So that seems correct.

Therefore, the answer should be 73/4, so 73 + 4 = 77. Therefore, the answer is 77.

But wait, just to make sure, let me check if there's another way this could be approached, maybe p"
8,2,reasoning,prose,asserted,77,True,4250,answer is 77.,"r non-intersecting. So, exactly one solution when tangent. So, yes, that's correct.

Therefore, the answer is 77. So, I think that's correct. Therefore, I can write the answer as 77.

**Final Answer**
\boxed{77}
"
8,2,reasoning,boxed,asserted,77,True,4280,\boxed{77},"nswer is 77. So, I think that's correct. Therefore, I can write the answer as 77.

**Final Answer**
\boxed{77}
"
8,2,content,target_equation,target,77,True,5583,m + n = 73 + 4 = 77,"in lowest terms since 73 is a prime number and does not divide 4.

So, $ m = 73 $, $ n = 4 $, and $ m + n = 73 + 4 = 77 $.

---

### **Final Answer**

$$
\boxed{77}
$$"
8,2,content,boxed,asserted,77,True,5598,\boxed{77},"t divide 4.

So, $ m = 73 $, $ n = 4 $, and $ m + n = 73 + 4 = 77 $.

---

### **Final Answer**

$$
\boxed{77}
$$"
8,3,reasoning,target_equation,target,77,True,2082,m + n is 77.,". Since 146 ÷ 2 = 73, 8 ÷ 2 = 4. So yes, 73/4. Then, m is 73, n is 4, which are coprime. Therefore, m + n is 77.

Wait, but the problem says ""the sum of all possible values of k"". But let me check my steps again "
8,3,reasoning,target_equation,target,77,True,3400,m + n is 77.,"e equals radius.

Therefore, seems like 73/4 is the sum. So, m is 73, n is 4, which are coprime. So m + n is 77.

But wait, the problem says ""the sum of all possible values of k"". But maybe there are more than tw"
8,3,reasoning,prose,asserted,77,True,4017,answer is 77.,"So, solving that gives k = 23/8 and 123/8. So, sum is 73/4. So, 73/4 is 18.25. So, 73 + 4 = 77. So, answer is 77.

But let me check if there's a case where the line is not the perpendicular bisector? Wait, no. The"
8,3,reasoning,prose,asserted,77,True,4257,answer is 77.," 2). Which is same as before. So, seems okay.

Therefore, I think my calculation is correct. So the answer is 77.

But let me check with another approach. Let me parametrize z as x + yi, then solve the equations.
"
8,3,reasoning,boxed,asserted,77,True,5167,\boxed{77}," when tangent. So, our approach is correct.

Therefore, I think the answer is 77.

**Final Answer**
\boxed{77}
"
8,3,content,boxed,asserted,77,True,6456,\boxed{77},"}{4}
$$

This is in lowest terms, so $ m = 73 $, $ n = 4 $, and the answer is:

$$
m + n = 73 + 4 = \boxed{77}
$$

---

### Final Answer

$$
\boxed{77}
$$"
8,3,content,boxed,asserted,77,True,6471,\boxed{77},"= 73 $, $ n = 4 $, and the answer is:

$$
m + n = 73 + 4 = \boxed{77}
$$

---

### Final Answer

$$
\boxed{77}
$$"
8,4,reasoning,target_equation,target,77,True,1855,m + n is 77.,"em says ""the sum of all possible values of k"". So 73/4. Then m is 73, n is 4, which are coprime. So m + n is 77.

But wait, hold on. Let me check if there are other possibilities. Wait, the problem says ""the syst"
8,4,reasoning,target_equation,target,77,True,2059,m + n is 73 + 4 = 77.,"to the radius, which gives us two solutions for k: 23/8 and 123/8. Therefore, their sum is 73/4, so m + n is 73 + 4 = 77.

But let me verify my calculations again step by step to be sure.

First, the midpoint between (4 +"
8,4,reasoning,target_equation,target,77,True,2963,m + n = 77.,"8. Sum is 23/8 + 123/8 = 146/8 = 73/4. Which is 18.25. So m is 73, n is 4. 73 and 4 are coprime. So m + n = 77. Therefore, the answer is 77.

But let me think again if there's a possibility that the line could b"
8,4,reasoning,prose,asserted,77,True,2972,answer is 77.,"6/8 = 73/4. Which is 18.25. So m is 73, n is 4. 73 and 4 are coprime. So m + n = 77. Therefore, the answer is 77.

But let me think again if there's a possibility that the line could be the same as the circle? No,"
8,4,reasoning,target_equation,target,77,True,4007,m + n = 73 + 4 = 77.,"th k values are valid.

Therefore, the sum is 23/8 + 123/8 = 146/8 = 73/4. 73 and 4 are coprime, so m + n = 73 + 4 = 77.

Wait, but the problem says ""the sum of all possible values of k"". So 73/4 is the sum. So 73 + 4 is"
8,4,reasoning,prose,asserted,77,True,4053,answer is 77.,"the problem says ""the sum of all possible values of k"". So 73/4 is the sum. So 73 + 4 is 77. So the answer is 77. Therefore, I think that's correct.

But let me check if there's another way this could happen. For "
8,4,reasoning,prose,asserted,77,True,4147,answer is 77.,"bisector. So the system is circle and line, so only tangent case gives one solution. Therefore, the answer is 77.

But just to make sure, let me think if there's a case where the line could be the same as another "
8,4,reasoning,boxed,asserted,77,True,4230,\boxed{77},"nce equal to radius. So I think that's all.

Therefore, I think the answer is 77.

**Final Answer**
\boxed{77}
"
8,4,content,target_equation,target,77,True,5351,m + n = 77,"
$$
\frac{23}{8} + \frac{123}{8} = \frac{146}{8} = \frac{73}{4}
$$

So $ m = 73 $, $ n = 4 $, and $ m + n = 77 $.

---

### Final Answer

$$
\boxed{77}
$$"
8,4,content,boxed,asserted,77,True,5365,\boxed{77},"146}{8} = \frac{73}{4}
$$

So $ m = 73 $, $ n = 4 $, and $ m + n = 77 $.

---

### Final Answer

$$
\boxed{77}
$$"
8,5,reasoning,target_equation,target,77,True,2017,m + n is 77.,"23/8 and 123/8. The sum is 23/8 + 123/8 = 146/8 = 73/4. Then m is 73, n is 4, which are coprime. So m + n is 77.

Wait, but hold on. The problem says ""the sum of all possible values of k"". But before I conclude, "
8,5,reasoning,target_equation,target,77,True,2607,m + n is 73 + 4 = 77.,"rrect. Then the sum is 23/8 + 123/8 = 146/8 = 73/4. Which reduces to 73/4. 73 and 4 are coprime. So m + n is 73 + 4 = 77.

But wait, the problem says ""the sum of all possible values of k"". But I need to check if there are"
8,5,reasoning,prose,asserted,77,True,3109,answer is 73 + 4 = 77.,"tion is correct. So the rest follows. Therefore, the possible k are 23/8 and 123/8, sum is 73/4, so answer is 73 + 4 = 77.

But wait, the problem says ""the sum of all possible values of k"". But maybe there are more values?"
8,5,reasoning,prose,asserted,77,True,3248,answer is 77.,"le at 0 or 2 points. So for exactly one solution, it's tangent. So only two k's. So sum is 73/4. So answer is 77.

But maybe I made a mistake in the distance formula? Let me check again.

Distance from (25, 20) to"
8,5,reasoning,target_equation,target,77,True,4346,m + n = 73 + 4 = 77.,"his line is |73/2 - 4k| / 5, set equal to 5. So the same result.

Therefore, the answer is 73/4, so m + n = 73 + 4 = 77.

But just to be thorough, let me check if there's a case where the line is not tangent but somehow "
8,5,reasoning,prose,asserted,77,True,4455,answer is 77.,", or 2 intersections. So exactly one solution implies tangency. Therefore, only two k's. Therefore, answer is 77.

But maybe there's a mistake in assuming that the line is 4x - 3y = 4k + 7/2? Wait, in the previous"
8,5,reasoning,target_equation,target,77,True,4868,m + n = 77.,"nswer is correct. So the sum of possible k is 23/8 + 123/8 = 146/8 = 73/4. 73 and 4 are coprime. So m + n = 77.

But just to make sure, let me check if there's a possibility that the line could be tangent at the"
8,5,reasoning,prose,asserted,77,True,4998,answer is 77.,"two different k's) that are tangent to the circle. Hence, two different k's. So the sum is 73/4. So answer is 77.

Therefore, I think the answer is 77.

**Final Answer**
\boxed{77}
"
8,5,reasoning,boxed,asserted,77,True,5019,\boxed{77},"t k's. So the sum is 73/4. So answer is 77.

Therefore, I think the answer is 77.

**Final Answer**
\boxed{77}
"
8,5,content,boxed,asserted,77,True,6390,\boxed{77},"3}{8} + \frac{123}{8} = \frac{146}{8} = \frac{73}{4}
$$

Thus, $ m = 73 $, $ n = 4 $, and $ m + n = \boxed{77} $

---

### Final Answer

$$
\boxed{77}
$$"
8,5,content,boxed,asserted,77,True,6404,\boxed{77},"\frac{73}{4}
$$

Thus, $ m = 73 $, $ n = 4 $, and $ m + n = \boxed{77} $

---

### Final Answer

$$
\boxed{77}
$$"
8,6,reasoning,target_equation,target,77,True,2145,m + n = 77.,"oprime positive integers."" So 73 and 4 are coprime, since 73 is prime. Therefore, m = 73, n = 4, so m + n = 77. Therefore, the answer is 77.

Wait, but hold on. Let me check my steps again because sometimes ther"
8,6,reasoning,prose,asserted,77,True,2154,answer is 77.,"So 73 and 4 are coprime, since 73 is prime. Therefore, m = 73, n = 4, so m + n = 77. Therefore, the answer is 77.

Wait, but hold on. Let me check my steps again because sometimes there might be an error in interp"
8,6,reasoning,prose,asserted,77,True,3251,answer is 77.,"= 5, leading to k = 23/8 and 123/8. Therefore, sum is 73/4, which is 18.25, and 73 + 4 = 77. So the answer is 77.

But wait, let me check if there's another possibility. The problem says ""the system has exactly on"
8,6,reasoning,prose,asserted,77,True,3359,answer is 77.,"ich it isn't. So, only tangent. Therefore, only two values of k. Therefore, sum is 73/4. Therefore, answer is 77.

But let me check with numbers. Let me check if k = 23/8 and 123/8 actually result in the line bein"
8,6,reasoning,target_equation,target,77,True,3739,m + n = 77.,", those are the only two values. Hence sum is 23/8 + 123/8 = 146/8 = 73/4. 73 and 4 are coprime, so m + n = 77.

But wait, the problem says ""the sum of all possible values of k"". But is there a possibility that "
8,6,reasoning,prose,asserted,77,True,3927,answer is 77.,"points. So, if there's exactly one solution, it must be tangent. So, only those two k's. Therefore, answer is 77.

But wait, let me check if there is a case where the line is the same as the circle? But no, a line"
8,6,reasoning,prose,asserted,77,True,4763,answer is 77.,"e calculation is correct. Therefore, the values of k are 23/8 and 123/8. Therefore, sum is 73/4, so answer is 77.

But let me check if there's another case. For example, if the line is not tangent, but the system "
8,6,reasoning,prose,asserted,77,True,4915,answer is 77.,"y one solution is when the line is tangent to the circle. Therefore, only those two k's. Therefore, answer is 77.

But let me check with k = 23/8 and k = 123/8.

For example, take k = 23/8. Then the line is 8x - 6"
8,6,reasoning,prose,asserted,77,True,5921,answer is 77.," distance is 5, it should also be tangent. Therefore, the calculations are correct.

Therefore, the answer is 77. So, I think that's it.

**Final Answer**
\boxed{77}
"
8,6,reasoning,boxed,asserted,77,True,5939,\boxed{77},"he calculations are correct.

Therefore, the answer is 77. So, I think that's it.

**Final Answer**
\boxed{77}
"
8,6,content,boxed,asserted,77,True,7131,\boxed{77}," terms, since 73 is a prime number and doesn't divide 4.

Thus, $ m = 73 $, $ n = 4 $, so $ m + n = \boxed{77} $

---

### Final Answer

$$
\boxed{77}
$$"
8,6,content,boxed,asserted,77,True,7145,\boxed{77},"oesn't divide 4.

Thus, $ m = 73 $, $ n = 4 $, so $ m + n = \boxed{77} $

---

### Final Answer

$$
\boxed{77}
$$"
8,7,reasoning,target_equation,target,77,True,2127,m + n = 73 + 4 = 77.," 73/4. Then m is 73 and n is 4. They are coprime since 73 is prime and doesn't divide 4. Therefore, m + n = 73 + 4 = 77.

Wait, but before I conclude, let me check if my steps are correct.

First, translating the second "
8,7,reasoning,target_equation,target,77,True,2691,m + n = 73 + 4 = 77.,"/8.

So, same result. Therefore, the two values are 23/8 and 123/8, sum is 146/8 = 73/4. Therefore, m + n = 73 + 4 = 77. So, the answer is 77.

But let me check again if I didn't make any mistake in translating the equat"
8,7,reasoning,prose,asserted,77,True,2700,answer is 77.,"re, the two values are 23/8 and 123/8, sum is 146/8 = 73/4. Therefore, m + n = 73 + 4 = 77. So, the answer is 77.

But let me check again if I didn't make any mistake in translating the equations.

Original second"
8,7,reasoning,prose,asserted,77,True,4935,answer is 77.,"tance formula led me to |4k - 73/2| = 25, leading to k = 23/8 and 123/8. Therefore, sum is 73/4, so answer is 77. But let me check once more.

Alternatively, maybe there is another way to think about this problem."
8,7,reasoning,target_equation,target,77,True,5414,m + n = 73 + 4 = 77.,"lts. Therefore, the sum is 123/8 + 23/8 = 146/8 = 73/4. Which is 18.25. Since 73 and 4 are coprime, m + n = 73 + 4 = 77. Therefore, the answer is 77.

But let me check if there's a possibility of other solutions? The pro"
8,7,reasoning,prose,asserted,77,True,5423,answer is 77.,"3/8 = 146/8 = 73/4. Which is 18.25. Since 73 and 4 are coprime, m + n = 73 + 4 = 77. Therefore, the answer is 77.

But let me check if there's a possibility of other solutions? The problem says ""the system has exa"
8,7,reasoning,prose,asserted,77,True,5850,answer is 77.,"5 = 5. Correct. So, both lines are tangent. Therefore, the values of k are correct.

Therefore, the answer is 77. So, I think that's correct.

**Final Answer**
\boxed{77}
"
8,7,reasoning,boxed,asserted,77,True,5868,\boxed{77},"alues of k are correct.

Therefore, the answer is 77. So, I think that's correct.

**Final Answer**
\boxed{77}
"
8,7,content,target_equation,target,77,True,7003,m + n = 77,"{23}{8} = \frac{146}{8} = \frac{73}{4}
$$

This is in lowest terms, so $ m = 73 $, $ n = 4 $, and $ m + n = 77 $.

---

### Final Answer

$$
\boxed{77}
$$"
8,7,content,boxed,asserted,77,True,7017,\boxed{77},"

This is in lowest terms, so $ m = 73 $, $ n = 4 $, and $ m + n = 77 $.

---

### Final Answer

$$
\boxed{77}
$$"
8,8,reasoning,target_equation,target,77,True,1974,m + n is 77.,"ided by 2 is 73, 8 divided by 2 is 4. Yes, 73/4. So, m is 73, n is 4, which are coprime. Therefore, m + n is 77.

Wait, but hold on. The problem says ""the sum of all possible values of k"". But let me check my ste"
8,8,reasoning,target_equation,target,77,True,2729,m + n is 73 + 4 = 77.,"/8. So that seems correct.

Therefore, sum is 23/8 + 123/8 = 146/8 = 73/4. 73 and 4 are coprime, so m + n is 73 + 4 = 77. Therefore, the answer is 77.

Wait, but the problem says ""the system has exactly one complex soluti"
8,8,reasoning,prose,asserted,77,True,2738,answer is 77.,", sum is 23/8 + 123/8 = 146/8 = 73/4. 73 and 4 are coprime, so m + n is 73 + 4 = 77. Therefore, the answer is 77.

Wait, but the problem says ""the system has exactly one complex solution z"". But is there a possibi"
8,8,reasoning,prose,asserted,77,True,3485,answer is 77.," +50 = 123, so 123/8. Correct.

Therefore, sum is 23/8 + 123/8 = 146/8 = 73/4. So, 73 + 4 = 77. So, answer is 77. Therefore, the answer should be 77.

But let me think again. Is there a possibility that the line i"
8,8,reasoning,prose,tentative,77,True,3495,answer should be 77.,".

Therefore, sum is 23/8 + 123/8 = 146/8 = 73/4. So, 73 + 4 = 77. So, answer is 77. Therefore, the answer should be 77.

But let me think again. Is there a possibility that the line is not only tangent but also maybe th"
8,8,reasoning,prose,asserted,77,True,3903,answer is 77.,"s circle with center (25, 20) and radius 5. Correct.

Therefore, all steps seem correct. Therefore, answer is 77.

But just to be thorough, let me check with specific values. Let me take k = 23/8 and see if the li"
8,8,reasoning,target_equation,target,77,True,4481,m + n is 73 + 4 = 77.,"s of k give tangent lines. Therefore, the calculations are correct.

Therefore, the sum is 73/4, so m + n is 73 + 4 = 77. Therefore, the answer is 77.

But just to check if there are other possible k? For example, maybe t"
8,8,reasoning,prose,asserted,77,True,4490,answer is 77.," the calculations are correct.

Therefore, the sum is 73/4, so m + n is 73 + 4 = 77. Therefore, the answer is 77.

But just to check if there are other possible k? For example, maybe there are cases where the line"
8,8,reasoning,prose,asserted,77,True,4577,answer is 77.,"n is only when tangent. So, no other possibilities. Therefore, only two values of k. Therefore, the answer is 77.

Therefore, I think that's correct.

**Final Answer**
\boxed{77}
"
8,8,reasoning,boxed,asserted,77,True,4595,\boxed{77},"two values of k. Therefore, the answer is 77.

Therefore, I think that's correct.

**Final Answer**
\boxed{77}
"
8,8,content,target_equation,target,77,True,5850,m + n = 73 + 4 = 77,"in lowest terms, since 73 is a prime number and doesn't divide 4.

So, $ m = 73 $, $ n = 4 $, and $ m + n = 73 + 4 = 77 $

---

### ✅ Final Answer:

$$
\boxed{77}
$$"
8,8,content,boxed,asserted,77,True,5865,\boxed{77},"n't divide 4.

So, $ m = 73 $, $ n = 4 $, and $ m + n = 73 + 4 = 77 $

---

### ✅ Final Answer:

$$
\boxed{77}
$$"
9,1,reasoning,target_equation,target,62,True,16157,a + b + c = 3 + 57 + 2 = 62.,"latively prime. Here, a=3, b=57, c=2. 3 and 2 are coprime, and 57 is 3*19, which is square-free. So a + b + c = 3 + 57 + 2 = 62.

But I need to check if this is correct. However, I'm a bit unsure because sometimes problems have "
9,4,reasoning,target_equation,target,62,True,13590,a + b + c = 3 + 57 + 2 = 62.,"egers, a and c relatively prime.

Here, a = 3, b = 57, c = 2. Are 3 and 2 relatively prime? Yes. So a + b + c = 3 + 57 + 2 = 62.

Wait, but let me confirm my calculation of x².

Let me recompute x²:

x = [√19 - √3]/2

x² = ( (√1"
9,4,reasoning,prose,asserted,62,True,13818,answer is 3 + 57 + 2 = 62.,"e is (3 - √57)/2. So a = 3, b = 57, c = 2. Check if a and c are coprime: gcd(3, 2) = 1. Yes. So the answer is 3 + 57 + 2 = 62.

But wait, the problem says ""the unique point in the fourth quadrant where the original parabola an"
9,4,reasoning,prose,asserted,62,True,13866,answer is 62.,"e original parabola and its image intersect has y-coordinate (a - √b)/c"". So according to this, the answer is 62.

But let me check if there are other solutions. For example, could there be another intersection po"
9,4,reasoning,prose,tentative,62,True,14012,answer should be 3 + 57 + 2 = 62.,"e others were negative. So yes, only one intersection point in the fourth quadrant.

Therefore, the answer should be 3 + 57 + 2 = 62.

Wait, but let me check if the problem says ""the unique point in the fourth quadrant"", so this must"
9,4,reasoning,prose,asserted,62,True,14234,answer is 3 + 57 + 2 = 62.,"7 ≈ 7.550, so 3 - 7.550 ≈ -4.550, divided by 2 ≈ -2.275, which matches. So correct.

Therefore, the answer is 3 + 57 + 2 = 62.

But wait, I have a doubt. The problem says ""the unique point in the fourth quadrant where the orig"
9,4,reasoning,target_equation,target,62,True,15039,a + b + c = 3 + 57 + 2 = 62.," rotated one. Hence, correct.

Therefore, the y-coordinate is (3 - √57)/2, so a = 3, b = 57, c = 2. a + b + c = 3 + 57 + 2 = 62.

But wait, the problem says ""the unique point in the fourth quadrant where the original parabola an"
9,4,reasoning,prose,asserted,62,True,15119,answer is 62.,"o check if 57 is square-free. Since 57 = 3*19, which are both primes, yes, it's square-free. So the answer is 62.

However, I recall that sometimes problems might have different forms, but according to the calcula"
9,4,reasoning,boxed,asserted,62,True,15377,\boxed{62},"c=2. Since 3 and 2 are coprime, this is acceptable.

So I think the answer is 62.

**Final Answer**
\boxed{62}
"
9,5,reasoning,target_equation,target,62,True,11172,a + b + c = 3 + 57 + 2 = 62.,"mage intersect has y-coordinate (a - √b)/c"", so according to this, a = 3, b = 57, c = 2. Therefore, a + b + c = 3 + 57 + 2 = 62.

Wait, but let me check my calculation again because I might have made a mistake.

Wait, x = [ -3 +"
9,5,reasoning,target_equation,target,62,True,11416,a + b + c = 3 + 57 + 2 = 62.,"and its image intersect has y-coordinate (a - √b)/c"", so (3 - √57)/2. So a = 3, b = 57, c = 2. Then a + b + c = 3 + 57 + 2 = 62.

But let me check if this is correct. However, I need to make sure that this is indeed the correct "
9,5,reasoning,prose,asserted,62,True,12597,answer is 3 + 57 + 2 = 62.,"rrect.

Therefore, the steps are correct. So the y-coordinate is indeed (3 - √57)/2. Therefore, the answer is 3 + 57 + 2 = 62.

But I need to check if this is the answer expected. However, let me check if there is an error in "
9,5,reasoning,target_equation,target,62,True,14066,a + b + c = 3 + 57 + 2 = 62.,"lation is correct.

Therefore, the y-coordinate is (3 - √57)/2, so a = 3, b = 57, c = 2. Therefore, a + b + c = 3 + 57 + 2 = 62.

But I need to check if 57 is square-free. 57 factors into 3*19, both primes. So yes, square-free. "
9,5,reasoning,prose,asserted,62,True,14118,answer is 62.,"quare-free. 57 factors into 3*19, both primes. So yes, square-free. And 3 and 2 are coprime. So the answer is 62.

But wait, I recall that sometimes problems may have different forms. Let me check if there's an al"
9,5,reasoning,boxed,asserted,62,True,14285,\boxed{62}," found that point. So I think my answer is correct.

Therefore, the answer is 62.

**Final Answer**
\boxed{62}
"
9,5,content,boxed,asserted,62,True,15551,\boxed{62}," so:

- $ a = 3 $
- $ b = 57 $
- $ c = 2 $

Thus, the final answer is:

$$
a + b + c = 3 + 57 + 2 = \boxed{62}
$$"
9,7,reasoning,prose,tentative,62,True,15539,answer would be 3 + 57 + 2 = 62.,"Are these numbers positive integers? Yes. Are a and c relatively prime? 3 and 2 are coprime. So the answer would be 3 + 57 + 2 = 62. But I need to check if this is correct.

But wait, the problem says ""the unique point in the fourth"
9,7,reasoning,target_equation,target,62,True,16137,a + b + c = 3 + 57 + 2 = 62.," due to rounding. So it checks out.

Therefore, the y-coordinate is indeed (3 - √57)/2, which gives a + b + c = 3 + 57 + 2 = 62.

However, I need to check if this answer is correct. But I recall that sometimes problems may have "
10,5,reasoning,prose,tentative,66,False,15042,"answer would be 2*13 + 3*7 + 5*1 + 7*2,","c, d are positive integers"". Since the prime factors are 2, 3, 5, 7, and exponents 13, 7, 1, 2, the answer would be 2*13 + 3*7 + 5*1 + 7*2, but we need to check if that's the case.

Wait, but the problem says ""p, q, r, s are distinct prime"
10,5,reasoning,prose,asserted,66,False,15612,answer is 2*13 + 3*7 + 5*1 + 7*2 = 26 + 21 + 5 + 14 = 66.,"ME, which requires a unique answer, and given that the factorization is 2^13 * 3^7 * 5^1 * 7^2, the answer is 2*13 + 3*7 + 5*1 + 7*2 = 26 + 21 + 5 + 14 = 66. However, let me check the calculation again.

Wait, 2*13 is 26, 3*7 is 21, 5*1 is 5, 7*2 is 14. Sum"
10,5,reasoning,prose,tentative,66,False,16022,answer would be 2*13 + 3*7 + 5*1 + 7*2 = 26 + 21 + 5 + 14 = 66.," 3^7 * 5^1 * 7^2. Therefore, the primes are 2, 3, 5, 7, with exponents 13, 7, 1, 2.

Therefore, the answer would be 2*13 + 3*7 + 5*1 + 7*2 = 26 + 21 + 5 + 14 = 66.

But I need to check if this is the correct number of grids. However, I have a doubt here because t"
10,6,reasoning,prose,asserted,66,False,12106,answer is 66.,"13 + 3*7 + 5*1 + 7*2 = 26 + 21 + 5 + 14 = 26 + 21 is 47, 47 +5 is 52, 52 +14 is 66.

Therefore, the answer is 66.

But wait, let me check the calculation again.

Wait, the total number is 2^13 * 3^7 * 5^1 * 7^2.

"
10,6,reasoning,prose,asserted,66,False,12638,answer is 2*13 + 3*7 + 5*1 + 7*2 = 66.,"ect.

Therefore, the total number of grids is 9! * 56 * 6^3 = 2^13 * 3^7 * 5 * 7^2.

Therefore, the answer is 2*13 + 3*7 + 5*1 + 7*2 = 66.

But I need to check if there is any overcounting or undercounting.

Wait, another thought: when we"
10,6,reasoning,prose,asserted,66,False,13148,answer is 66.,"-9.

But this is the same as before.

Therefore, I think my calculation is correct.

Therefore, the answer is 66.

But to be thorough, let me check with smaller numbers.

Suppose instead of 3x9 grid, consider a 2x"
10,6,reasoning,prose,asserted,66,False,13728,answer is 2*13 + 3*7 + 5*1 + 7*2 = 26 + 21 + 5 + 14 = 66.,"^7

5^1

7^(1 + 1) = 7^2

Yes, that's correct.

So the prime factors are 2, 3, 5, 7. Therefore, the answer is 2*13 + 3*7 + 5*1 + 7*2 = 26 + 21 + 5 + 14 = 66.

Therefore, the answer is 66.

But to make sure, let me check if there's an alternative way to comp"
10,6,reasoning,prose,asserted,66,False,13737,answer is 66.,", 3, 5, 7. Therefore, the answer is 2*13 + 3*7 + 5*1 + 7*2 = 26 + 21 + 5 + 14 = 66.

Therefore, the answer is 66.

But to make sure, let me check if there's an alternative way to compute the number of grids.

Anot"
10,6,reasoning,boxed,asserted,66,False,14149,\boxed{66},"d the logic seems sound, I think it's safe.

Therefore, I think the answer is 66.

**Final Answer**
\boxed{66}
"
10,6,content,boxed,asserted,66,False,15348,\boxed{66},"c = 1$
- $s = 7, d = 2$

So,
$$
2 \cdot 13 + 3 \cdot 7 + 5 \cdot 1 + 7 \cdot 2 = 26 + 21 + 5 + 14 = \boxed{66}
$$

---

### Final Answer

$$
\boxed{66}
$$"
10,6,content,boxed,asserted,66,False,15363,\boxed{66},"3 + 3 \cdot 7 + 5 \cdot 1 + 7 \cdot 2 = 26 + 21 + 5 + 14 = \boxed{66}
$$

---

### Final Answer

$$
\boxed{66}
$$"
11,5,reasoning,target_equation,target,6,False,10192,a + b + c + d = 1 + 5 + 185 + 68 = 1 + 5 = 6;,", b, d have gcd 1. Here, a=1, b=5, d=68. The gcd of 1, 5, 68 is 1. So yes. Therefore, the answer is a + b + c + d = 1 + 5 + 185 + 68 = 1 + 5 = 6; 6 + 185 = 191; 191 + 68 = 259.

Wait, but let me check my calculations again because I might have m"
11,5,reasoning,prose,asserted,259,True,10926,answer is 1 + 5 + 185 + 68 = 259.,"=68. Check if gcd(a, b, d) is 1. gcd(1, 5, 68) is 1. Also, c=185=5*37, which is square-free. So the answer is 1 + 5 + 185 + 68 = 259.

Wait, but let me check if there is an error in the Case 2 sum. When I calculated the sum for Case "
11,5,reasoning,target_equation,target,259,True,11569,a + b + c + d = 1 + 5 + 185 + 68 = 259.,"erefore, the total sum is as calculated.

Therefore, the final answer is (1 + 5√185)/68. Therefore, a + b + c + d = 1 + 5 + 185 + 68 = 259.

But let me check if 185 is square-free. 185 factors into 5*37, both primes, so yes. Also, check if"
11,5,reasoning,boxed,asserted,259,True,12441,\boxed{259},", the equations are correct.

Therefore, my conclusion is that the answer is 259.

**Final Answer**
\boxed{259}
"
11,5,content,boxed,asserted,259,True,14119,\boxed{259}," 185 = 5 \cdot 37 $, which is square-free

So the answer is:

$$
a + b + c + d = 1 + 5 + 185 + 68 = \boxed{259}
$$"
11,7,reasoning,target_equation,target,6,False,15597,a + b + c + d = 1 + 5 + 185 + 68 = 1 + 5," 68). gcd(1,5)=1, gcd(1,68)=1. So yes, it satisfies the conditions.

Therefore, the answer would be a + b + c + d = 1 + 5 + 185 + 68 = 1 + 5 is 6, 6 + 185 is 191, 191 + 68 is 259.

But before finalizing, let me check if there are other solut"
11,7,reasoning,prose,asserted,259,True,16079,answer is 1 + 5 + 185 + 68 = 259.," zero. Therefore, only k=8 contributes.

Therefore, the total sum is [1 + 5√185]/68. Therefore, the answer is 1 + 5 + 185 + 68 = 259.

But let me check the problem statement again to make sure.

Wait, the problem says ""the parabola x"
12,1,reasoning,target_equation,target,510,True,10864,a + b = 510.,"ime. Since 3 is square-free, that's okay. However, maybe the answer is 507√3, so a = 507, b = 3, so a + b = 510. But that seems high. Wait, but let me check my calculations again.

Wait, let me check the integral"
12,1,reasoning,target_equation,target,510,True,11247,a + b = 510.,"the area is expressed as a√b with b square-free. Since 3 is square-free, then a = 507 and b = 3, so a + b = 510. However, 510 seems like a large answer. Maybe I made a mistake in the parametrization?

Wait, let m"
12,1,reasoning,target_equation,target,510,True,12443,a + b = 507 + 3 = 510.,"that b is not divisible by the square of any prime. Since 3 is square-free, that's okay. Therefore, a + b = 507 + 3 = 510.

But I need to check if the problem might have a different answer. Maybe I made a mistake in the in"
12,1,reasoning,target_equation,target,510,True,13413,a + b = 510.," is A * sqrt(3). Therefore, our calculation is correct.

Therefore, I think the answer is 507√3, so a + b = 510. However, I need to check if the problem says ""the area of this finite region"", and maybe I have a m"
12,1,reasoning,target_equation,target,510,True,16026,a + b = 510.," then multiplied by sqrt(3) gives 507√3. Therefore, the area is 507√3, so a = 507 and b = 3, giving a + b = 510.

But I need to check if 507 can be simplified with √3. However, since 507 = 3 * 13², we can write 5"
12,1,reasoning,prose,asserted,510,True,16163,answer is 507 + 3 = 510.,"b where b is square-free. Since 3 is square-free, 507√3 is already in the required form. Hence, the answer is 507 + 3 = 510.

However, since AIME answers are integers between 0 and 999, and 510 is valid, I think this is the "
12,4,reasoning,target_equation,target,510,True,8626,a + b = 510.,"But wait, the problem says the area is expressed as a√b. So, 507√3. Therefore, a = 507, b = 3. Then a + b = 510. But wait, 507 and 3. Is 507 divisible by any square? Let me check.

But wait, 507 factors: 507 divi"
12,4,reasoning,prose,tentative,510,True,8975,answer would be 507 + 3 = 510.,"b is not divisible by the square of any prime."" Since 3 is square-free, that's okay. Therefore, the answer would be 507 + 3 = 510.

But let me check my calculations again because 507 seems a bit large. Let me check the integral ag"
12,4,reasoning,target_equation,target,510,True,9270,a + b = 510.,"y by 1/2: 507. Correct.

Then, area on the plane is 507 * sqrt(3). So, 507√3. Then, a = 507, b = 3. a + b = 510.

But let me check if the problem says ""the area of this finite region can be expressed in the form "
12,4,reasoning,prose,asserted,510,True,9337,answer is 507 + 3 = 510.," the form a√b"". But 507√3 is already in that form, with b = 3, which is square-free. Therefore, the answer is 507 + 3 = 510.

But before I conclude, let me check if there is any mistake in the reasoning.

First, the region i"
12,4,reasoning,target_equation,target,510,True,9718,a + b = 510.," (1/2)(1014) = 507. Correct.

Therefore, the area on the plane is 507√3. Therefore, a = 507, b = 3, a + b = 510.

But let me check if the problem says ""three disjoint convex regions"" and ""exactly one of those reg"
12,4,reasoning,prose,asserted,510,True,9909,answer is 507 + 3 = 510.,"y. The problem says ""a√b"" where b is square-free. Since 3 is square-free, it's okay. Therefore, the answer is 507 + 3 = 510.

But wait, the problem says ""the area of this finite region can be expressed in the form a√b, where"
12,4,reasoning,prose,asserted,510,True,11206,answer is 507 + 3 = 510.," the area in the xy-plane is 507. Therefore, the area on the plane is 507 * sqrt(3). Therefore, the answer is 507 + 3 = 510.

Therefore, I think this is correct. But just to make sure, let me check if the triangle is indeed "
12,4,reasoning,boxed,asserted,510,True,11295,\boxed{510}," triangle. Therefore, the area calculation is correct.

Hence, the answer is 510.

**Final Answer**
\boxed{510}
"
12,4,content,boxed,asserted,510,True,12546,\boxed{510},", $ a = 507 $ and $ b = 3 $, and since 3 is square-free, this is valid.

Then:
$$
a + b = 507 + 3 = \boxed{510}
$$"
12,5,reasoning,target_equation,target,510,True,10984,a + b = 510.,"plane is 507, and the area on the plane is 507√3. Therefore, the answer would be a = 507, b = 3, so a + b = 510. But the problem says ""the area of this finite region can be expressed in the form a√b"". However, 50"
12,5,reasoning,target_equation,target,510,True,11430,a + b = 510.,"where b is square-free. But 3 is square-free, so 507√3 is acceptable. Therefore, a = 507, b = 3, so a + b = 510.

But 510 seems like a big number for an AIME answer. AIME answers are between 0 and 999, so 510 is "
12,5,reasoning,prose,tentative,510,True,12171,answer would be 507 + 3 = 510.,"refore, the area in the x-y plane is indeed 507, and the area on the plane is 507√3. Therefore, the answer would be 507 + 3 = 510. However, I need to check if this is correct.

But let me check if there is a mistake in interpretin"
12,5,reasoning,target_equation,target,510,True,13267,a + b = 510.,"herefore, the rest of the analysis is correct.

Therefore, the area is 507√3, so a = 507, b = 3, so a + b = 510.

But I need to check if 507 and 3 are in the required form. Since 507 is 3*13², and 3 is square-fre"
12,5,reasoning,target_equation,target,510,True,14105,a + b = 507 + 3 = 510.,"rea as 507, and verified via two methods, I think it's correct.

Therefore, the answer is 507√3, so a + b = 507 + 3 = 510.

But I need to check if 510 is a valid AIME answer. AIME answers are integers from 0 to 999, so yes"
12,5,reasoning,prose,asserted,510,True,14383,answer is 507 + 3 = 510.,"erefore, the area in the x-y plane is indeed 507. Therefore, the area on the plane is 507√3, so the answer is 507 + 3 = 510.

But to be thorough, let me check if there's a different interpretation of the original inequalitie"
12,5,reasoning,prose,tentative,510,True,14560,answer is 510.,"0. Therefore, those cases are excluded. Therefore, our analysis is correct.

Therefore, I think the answer is 510.

But let me check if 507√3 is the correct area. For example, if I consider the triangle with vertic"
12,5,reasoning,boxed,asserted,510,True,14882,\boxed{510},"me. So, since 3 is square-free, it's okay.

Therefore, I think the answer is 510.

**Final Answer**
\boxed{510}
"
12,5,content,boxed,asserted,510,True,16090,\boxed{510},"rm $ a\sqrt{b} $, with $ b $ square-free. Here:
- $ a = 507 $
- $ b = 3 $

So:
$$
a + b = 507 + 3 = \boxed{510}
$$"
12,6,reasoning,target_equation,target,510,True,9351,a + b = 507 + 3 = 510.,"e, 507√3 is already in the form where b = 3, which is square-free, so a = 507 and b = 3. Therefore, a + b = 507 + 3 = 510.

But wait, but let me check my calculation again because 507 seems a bit large, and maybe I made a "
12,6,reasoning,target_equation,target,510,True,10100,a + b = 507 + 3 = 510.,"n can be expressed in the form a√b"", so 507√3 is already in that form, with a = 507 and b = 3. Then a + b = 507 + 3 = 510. However, 510 seems like a big number, and maybe I made a mistake in identifying the region.

Wait, "
12,6,reasoning,prose,asserted,510,True,12012,answer is 507 + 3 = 510.,") ) = 507√3. Which matches the previous result. Therefore, the area is indeed 507√3. Therefore, the answer is 507 + 3 = 510.

But wait, the problem says ""the area of this finite region can be expressed in the form a√b, where"
12,6,reasoning,target_equation,target,510,True,12133,a + b = 507 + 3 = 510.,"em allows a to be any positive integer, even if it has square factors. So, 507√3 is acceptable, and a + b = 507 + 3 = 510.

But I need to check if the problem might have a different answer. Maybe I made a mistake in the re"
12,6,reasoning,prose,asserted,510,True,13354,answer is 507 + 3 = 510.,"sfies the inequalities, so the region is indeed the triangle.

Therefore, the area is 507√3, so the answer is 507 + 3 = 510.

But I need to check if 507√3 is indeed in the form a√b with b square-free. Since 507 = 3 * 13^2, t"
12,6,reasoning,prose,asserted,510,True,13489,answer is 510.,"3, which is square-free. So even though a = 507 has square factors, it's acceptable. Therefore, the answer is 510.

However, I recall that in some cases, problems might require the expression to be simplified such "
12,6,reasoning,prose,asserted,510,True,14020,answer is 510.,"ion. But the area is still calculated as the closure.

Therefore, the area is indeed 507√3, and the answer is 510.

However, I have a doubt because 510 seems like a large number. Maybe I need to check with another "
12,6,reasoning,boxed,asserted,510,True,14977,\boxed{510}," is indeed 507√3.

Therefore, I think my answer is correct. So the answer is 510.

**Final Answer**
\boxed{510}
"
12,6,content,boxed,asserted,510,True,16116,\boxed{510},":

- $ a = 507 $
- $ b = 3 $ (which is square-free)

So, the final answer is:

$$
a + b = 507 + 3 = \boxed{510}
$$"
14,3,reasoning,target_equation,hypothetical,63,False,13800,m + n + p = 63.,"ays the minimal value is expressed as m + n√p. If f(A) is 40 + 20√3, then m = 40, n = 20, p = 3, so m + n + p = 63. But I need to check if this is indeed the minimum or if there's a lower value.

However, this might"
15,2,reasoning,target_equation,target,147,False,14143,"N = 19,683 + 157,464 = 177,147.","29, 729*27. Let's compute 700*27 + 29*27 = 18,900 + 783 = 19,683. So N1 = 19,683.

Therefore, total N = 19,683 + 157,464 = 177,147.

Wait, 19,683 + 157,464: 19,683 + 157,464 = 177,147.

But let me check: 157,464 + 19,683. 157,464 +"
15,2,reasoning,target_equation,target,147,False,14883,"N = 177,147.","minimal exponent is 9 or higher, which is Case 1. Therefore, there are no other cases. Hence, total N = 177,147.

But wait, let me check with the total number of triples. The total number of triples is (3^6)^3 = "
15,2,reasoning,target_equation,target,147,False,14941,"N is 177,147,","ith the total number of triples. The total number of triples is (3^6)^3 = 3^{18} = 387,420,489. Our N is 177,147, which is much smaller. However, given that we are requiring divisibility by 3^7, it's plausible.

B"
15,2,reasoning,target_equation,target,147,False,15038,"N = 19,683 + 157,464 = 177,147.","t let me check if my calculation of N1 and N2 is correct.

N1 = 27³ = 19,683.

N2 = 157,464.

Total N = 19,683 + 157,464 = 177,147.

But let me verify the N2 calculation again.

For N2a: 3 * 1458 * 27 = 3 * 1458 * 27. 1458 * 27 = 3"
15,2,reasoning,target_equation,target,147,False,15210,"N = 19,683 + 157,464 = 177,147."," 118,098.

For N2b: 2 * 27³ = 2 * 19,683 = 39,366.

Total N2 = 118,098 + 39,366 = 157,464. Yes.

So N = 19,683 + 157,464 = 177,147.

But the problem says ""positive integers (a, b, c) such that a, b, c ≤ 3^6"". So 3^6 is 729, so numb"
15,2,reasoning,target_equation,target,147,False,15675,"N = 177,147.","rt not divisible by 3). So that seems correct.

Therefore, my calculation seems correct. Therefore, N = 177,147.

But the problem says ""Find the remainder when N is divided by 1000.""

So compute 177,147 mod 1000."
15,2,reasoning,prose,tentative,147,False,15860,answer would be 147.,"ait, let me check 177,147 divided by 1000: 177 * 1000 = 177,000, so 177,147 - 177,000 = 147. So the answer would be 147. However, I need to make sure that my value of N is correct.

But let me think again. Is there any p"
15,7,reasoning,prose,tentative,683,False,6032,answer would be 3^9 mod 1000.,"', b', c' ≤ 3^6 / 3^3 = 3^3 = 27. Therefore, the number of such triples is 27³ = 3^9. But then, the answer would be 3^9 mod 1000. However, 3^9 is 19683. 19683 divided by 1000 is 19*1000=19000, 19683 - 19000=683. Therefore, the an"
15,7,reasoning,prose,tentative,683,False,6104,answer would be 683.,"0. However, 3^9 is 19683. 19683 divided by 1000 is 19*1000=19000, 19683 - 19000=683. Therefore, the answer would be 683. But wait, this seems too straightforward. However, I need to verify if my conclusion that only trip"
15,7,reasoning,target_equation,target,1,False,10491,"N = 1,","which is wrong. Therefore, my formula is only valid when 6 - k ≥ 1, i.e., k ≤ 5. For k = 6, we have N = 1, and the number of x is 1. Therefore, we need to adjust the formula.

Therefore, for k from 2 to 5, "
15,7,reasoning,target_equation,target,3,False,10742,"N = 3,","e numbers not divisible by 3 are equally distributed between 1 and 2 mod 3? Let me check for m = 1: N = 3, numbers not divisible by 3: 1, 2. So 1 and 2, each 1 number. For m = 2: N = 9. Numbers not divisibl"
15,7,reasoning,target_equation,target,9,False,10778,N = 9.," me check for m = 1: N = 3, numbers not divisible by 3: 1, 2. So 1 and 2, each 1 number. For m = 2: N = 9. Numbers not divisible by 3: 6 numbers. They are 1, 2, 4, 5, 7, 8. These are 3 numbers ≡1 mod 3 (1, "
15,7,reasoning,target_equation,target,1,False,11507,"N = 1,","re, for each k from 2 to 5, the number of triples (x, y, z) is 2*3^{3*(5 - k)}.

For k = 6, we have N = 1, so x, y, z must be 1. Therefore, x + y + z = 3 ≡ 0 mod 3. Therefore, the number of such triples is "
15,8,reasoning,target_equation,target,683,False,6634,N = 3^9.," (number of multiples of 27 between 1 and 3^6)^3. Which is (3^6 / 27)^3 = (3^3)^3 = 3^9. Therefore, N = 3^9. Then N mod 1000 is 19683 mod 1000 = 683. But wait, that seems too straightforward, and I feel like "
16,1,reasoning,prose,hypothetical,468,True,4316,answer is 468.,"e, so it's in a plane. 

Alternatively, maybe the problem has a typo, but assuming it's correct, my answer is 468. 

Wait, but let me check once more. Maybe I miscalculated the coordinates of E? Let me check:

A is"
16,1,reasoning,answer_line,asserted,468,True,4695,Answer: 468,"at's another way. 

So I think I can be confident that 468 is the correct answer.

**Final Answer**
Answer: 468
"
16,1,content,boxed,asserted,468,True,5957,\boxed{468},"} | 432 - 1368 | = \frac{1}{2} | -936 | = \frac{1}{2} \cdot 936 = 468
$$

---

### Final Answer

$$
\boxed{468}
$$"
16,2,reasoning,prose,asserted,468,True,2886,answer is 468?,"E is 57 - 18 = 39. Height is 24. Area is 1/2 * 39 * 24 = (39*12) = 468. Same result.

But wait, the answer is 468? But the problem says ""Find the area of triangle BGE."" But let me check again.

But hold on, is that"
16,2,reasoning,prose,asserted,468,True,3058,answer is 468?," indeed the vertical distance from G to the x-axis, which is 24. So area is 1/2 * 39 * 24 = 468. So answer is 468? But the problem is from an AIME, which usually has answers between 0 and 999, so 468 is possible. B"
16,2,reasoning,prose,asserted,468,True,3665,answer is 468?,"correct.

Then equations for G: solved p = 58, q = ±24. Correct. Then area of triangle BGE: 468. So answer is 468? But let me check with another method.

Alternatively, vectors or coordinates.

Coordinates of B(18,"
16,2,reasoning,prose,asserted,468,True,3858,answer is 468.,"36. So area is 1/2 * 936 = 468. Same result. So that's correct.

Therefore, the area is 468, so the answer is 468. But wait, let me check if the problem says ""Find the area of triangle BGE."" Maybe I need to check i"
16,2,reasoning,prose,asserted,468,True,4633,answer is 468.,", we can set it as horizontal.

Therefore, I think my answer is correct. So the area is 468, so the answer is 468.

Wait, but let me check again with the shoelace formula for triangle BGE.

Coordinates:

B(18, 0), "
16,2,reasoning,prose,tentative,468,True,4864,answer is 468.,"
Subtract: |432 - 1368| = | -936 | = 936

Area is 1/2 * 936 = 468. Correct.

Therefore, I think the answer is 468. However, since AIME answers are integers from 0 to 999, 468 is acceptable. But just to make sure, m"
16,2,reasoning,prose,asserted,468,True,5137,answer is 468.," 18 + 8 = 26. Correct.

Therefore, I think my answer is correct. So the area is 468. Therefore, the answer is 468. So I think I can write that.

**Final Answer**
\boxed{468}
"
16,2,reasoning,boxed,asserted,468,True,5156,\boxed{468},"t. So the area is 468. Therefore, the answer is 468. So I think I can write that.

**Final Answer**
\boxed{468}
"
16,2,content,boxed,asserted,468,True,6482,\boxed{468},"= \frac{1}{2} \left| 432 - 1368 \right| = \frac{1}{2} \cdot 936 = 468
$$

---

### Final Answer

$$
\boxed{468}
$$"
16,3,reasoning,prose,asserted,468,True,3533,answer is 468?,"ll the distances check out. Then coordinates of G are correct. Then area of triangle BGE is 468. So answer is 468?

But I need to make sure that the problem didn't have some other constraints or that I didn't make "
16,3,reasoning,prose,asserted,468,True,4343,answer is 468.,"So coordinates of G are (58, 24). So all steps are correct.

Therefore, the area is 468. Hence, the answer is 468.

But wait, let me check once more if the problem says ""the area of triangle BGE"". Let me check coor"
16,3,reasoning,prose,tentative,468,True,5223,answer is 468.,"rom B(18) to E(57). 57 - 18 = 39. Correct. Then 39 * 24 / 2 = 468. Correct.

Therefore, I think the answer is 468.

But just to check, let me search if 468 is a reasonable answer. Wait, since AIME answers are integ"
16,3,reasoning,boxed,asserted,468,True,5282,\boxed{468},"AIME answers are integers between 0-999, 468 is valid. So I think that's correct.

**Final Answer**
\boxed{468}
"
16,3,content,boxed,asserted,468,True,6281,\boxed{468},"rac{1}{2} \left| 432 + 0 - 1368 \right|
= \frac{1}{2} \cdot 936 = 468
$$

---

### Final Answer

$$
\boxed{468}
$$"
16,4,reasoning,prose,asserted,468,True,2064,answer is 468?,"(base * height)/2 = (39 * 24)/2 = 39 * 12 = 468. Same result. So that seems correct.

But wait, the answer is 468? But the problem is from an AIME, which usually has answers from 0 to 999, so 468 is possible. Howev"
16,4,reasoning,prose,asserted,468,True,2394,answer is 468?,"oordinates of B is (18, 0), E is (57, 0). So BE is 57 - 18 = 39. Then area is 39 * 24 / 2 = 468. So answer is 468?

But let me check once again. Wait, but maybe I made a mistake in coordinates of E? Let me check ag"
16,4,reasoning,prose,tentative,468,True,3649,answer is 468.,"936| = 936. Then area is 1/2 * 936 = 468. Same result. So yes, same answer.

Therefore, I think the answer is 468. But just to make sure, let me check if there is any possible mistake in the coordinates of the poin"
16,4,reasoning,prose,asserted,468,True,4027,answer is 468.,"inates are sufficient.

Therefore, I think my answer is correct. So the area is 468. Therefore, the answer is 468.

Wait, but I recall that sometimes AIME problems have answers that are smaller, but maybe not. Let "
16,4,reasoning,boxed,asserted,468,True,4463,\boxed{468},"nted differently? But area is absolute.

Therefore, I think my answer is correct.

**Final Answer**
\boxed{468}
"
16,4,content,boxed,asserted,468,True,5464,\boxed{468},"= \frac{1}{2} \cdot 39 \cdot 24 = 468
$$

---

Thus, the area of triangle $ \triangle BGE $ is:

$$
\boxed{468}
$$"
16,5,reasoning,prose,asserted,468,True,1820,answer is 468?,"2 = 936 / 2 = 468

So area is 468. 

Wait, but the problem says ""Find the area of triangle BGE."" So answer is 468? But AIME answers are integers from 0 to 999, so 468 is valid. But let me check my calculations agai"
16,5,reasoning,prose,asserted,468,True,2365,answer is 468.," 39 * 24 = 936, half is 468. Same result. So that confirms it. 

Therefore, the area is 468. So the answer is 468. But wait, the problem didn't specify any particular orientation, but since we took y=24, but if it "
16,5,reasoning,boxed,asserted,468,True,3605,\boxed{468},"

So all given lengths are satisfied. 

Therefore, I think my answer is correct. 

**Final Answer**
\boxed{468}
"
16,5,content,boxed,asserted,468,True,4552,\boxed{468},"ac{1}{2} \left| 432 + 0 - 1368 \right| = \frac{1}{2} \cdot 936 = 468
$$

---

**Final Answer:**

$$
\boxed{468}
$$"
16,6,reasoning,prose,asserted,468,True,3470,answer is 468.,"= | -936 | / 2 = 936 / 2 = 468. Same result. So that's correct.

Therefore, the area is 468. So the answer is 468. Wait, but AIME answers are integers between 0 and 999, so 468 is acceptable. But I need to check if"
16,6,reasoning,prose,asserted,468,True,3853,answer is 468.,"= -1368

Subtract: |-432 - (-1368)| / 2 = |936| / 2 = 468. Same result. So correct.

Therefore, the answer is 468. But wait, I need to check if maybe I misread the problem. Let me check again.

Wait, the problem sa"
16,6,reasoning,prose,asserted,468,True,5581,answer is 468.,"lt. So that's correct.

Therefore, I think my answer is correct. So the area is 468. Therefore, the answer is 468.

But just to be 100% sure, let me check once again if I assigned the coordinates correctly. For exa"
16,6,reasoning,boxed,asserted,468,True,5782,\boxed{468}," of G are correct. Area calculation correct. So I think it's safe to go with 468.

**Final Answer**
\boxed{468}
"
16,6,content,boxed,asserted,468,True,6729,\boxed{468},"= \frac{1}{2} \left| 432 - 1368 \right| = \frac{1}{2} \cdot 936 = 468
$$

---

### Final Answer

$$
\boxed{468}
$$"
16,7,reasoning,prose,asserted,468,True,4202,answer is 468.,"= 576 => y = ±24. Correct.

So coordinates of G are (58, ±24). Correct.

Therefore, area is 468. So answer is 468. But wait, let me check with the exact problem statement again.

Wait, the problem says ""Find the ar"
16,7,reasoning,boxed,asserted,468,True,5718,\boxed{468},"egers between 0-999, so 468 is acceptable.

Therefore, I think the answer is 468.

**Final Answer**
\boxed{468}
"
16,7,content,boxed,asserted,468,True,6567,\boxed{468},"rac{1}{2} \left| 432 + 0 - 1368 \right|
= \frac{1}{2} \cdot 936 = 468
$$

---

**Final Answer:**
$$
\boxed{468}
$$"
16,8,reasoning,prose,asserted,468,True,3575,answer is 468.," using coordinates is straightforward here. 

Alternatively, maybe using coordinates is correct. So answer is 468. But let me check once more. 

Alternatively, perhaps I made a mistake in solving for the coordinate"
16,8,reasoning,prose,asserted,468,True,5220,answer is 468.,"tal is 18+8+14+17+16= 73. Correct. 

Therefore, coordinates of the points are correct. 

Therefore, answer is 468. 

But just to check, maybe the problem is from an official source? Well, since I don't have that co"
16,8,reasoning,answer_line,asserted,468,True,5713,Answer: 468,"
But no, I think all methods confirm 468. 

Therefore, I think the answer is 468.

**Final Answer**
Answer: 468
"
16,8,content,boxed,asserted,468,True,6927,\boxed{468},"2 + 0 - 1368 | 
= \frac{1}{2} | -936 | 
= \frac{1}{2} \cdot 936 = 468
$$

---

### Final Answer

$$
\boxed{468}
$$"
17,1,reasoning,prose,asserted,49,True,2044,answer is 1 + 11 + 37 = 49.,", n + 2 is positive. So negative divisors can be ignored. Therefore, only 3, 13, 39. Therefore, the answer is 1 + 11 + 37 = 49. But wait, let me check if there are other possibilities. Wait, maybe I made an error in assuming th"
17,1,reasoning,prose,asserted,49,True,2633,answer is 1 + 11 + 37 = 49.,"le, 39 is 3*13. So the positive divisors are indeed 1, 3, 13, 39. So that's correct. Therefore, the answer is 1 + 11 + 37 = 49. But wait, I have a feeling that maybe there are more solutions. Let me check for n = 7. Let me pick"
17,1,reasoning,prose,asserted,49,True,5087,answer is 1 + 11 + 37 = 49.,"+ 2). Therefore, n + 2 divides 39. Therefore, same conclusion. So this seems solid.

Therefore, the answer is 1 + 11 + 37 = 49. However, I want to check if maybe n + 2 can be a divisor of 39 multiplied by some factors? Wait, no"
17,1,reasoning,prose,asserted,49,True,5621,answer is 1 + 11 + 37 = 49.,"3(n + 3)(n² + 9) ≡ 39 mod (n + 2). Therefore, n + 2 divides 39. So same conclusion.

Therefore, the answer is 1 + 11 + 37 = 49. However, I need to check if there are any other divisors. Wait, 39 is 3*13. So divisors are 1, 3, 1"
17,1,reasoning,prose,asserted,49,True,5713,answer is 49.,"ivisors are 1, 3, 13, 39. So n + 2 can be 3, 13, 39. So n = 1, 11, 37. So sum is 49. Therefore, the answer is 49. But let me check once more.

Wait, but what if n + 2 divides 39, but also n + 2 divides 3(n + 3)(n²"
17,1,reasoning,prose,asserted,49,True,5857,answer is 49.,"9) ≡ 0 mod (n + 2). Therefore, the only possible n are those where n + 2 divides 39. Therefore, the answer is 49.

But I'm a bit uncertain because sometimes there might be cases where even if n + 2 doesn't divide "
17,1,reasoning,prose,asserted,49,True,5996,answer is 49.,"ws that 39 must be divisible by n + 2. Therefore, there are no other possibilities.

Therefore, the answer is 49. However, I recall that in some similar problems, sometimes there are more solutions. Wait, let me c"
17,1,reasoning,prose,asserted,49,True,6249,answer is 49.,"0 mod (n + 2). Therefore, n + 2 divides 39. Therefore, there are no other solutions. Therefore, the answer is 49.

But to be thorough, let me check n + 2 = 3* something. For example, suppose n + 2 = 3* something. "
17,1,reasoning,prose,asserted,49,True,6384,answer is 49.,"ponents? But 39 is square-free. So no.

Therefore, I think my conclusion is correct. Therefore, the answer is 49.

But just to check once more, let me think of another approach. Let me write that n + 2 divides 3(n"
17,1,reasoning,prose,tentative,49,True,7207,answer is 49.," Therefore, this method also leads to the same conclusion.

Therefore, I think confidently that the answer is 49. Therefore, the sum is 1 + 11 + 37 = 49.

**Final Answer**
Answer: 049

Wait, but the problem says """
17,1,reasoning,answer_line,asserted,49,True,7238,Answer: 049," think confidently that the answer is 49. Therefore, the sum is 1 + 11 + 37 = 49.

**Final Answer**
Answer: 049

Wait, but the problem says ""the sum of all positive integers n"", and the answer should be in the fo"
17,1,reasoning,prose,hypothetical,49,True,7341,"answer is 49,"," zeros are not used. Wait, but the problem says ""the exact format Answer: NNN"". For example, if the answer is 49, then it should be Answer: 049? But I think in AIME, answers are integers between 0 and 999, and the"
17,1,reasoning,prose,hypothetical,49,True,7448,"answer is 49,","E integer answer in the exact format Answer: NNN, where NNN is an integer from 0 to 999."" So if the answer is 49, then it should be written as 049? But I think in reality, AIME answers are integers from 0 to 999, "
17,1,reasoning,prose,hypothetical,49,True,7518,"answer is 49,",", the problem says ""exact format Answer: NNN"", so maybe they want three digits. For example, if the answer is 49, then Answer: 049. However, I need to check previous problems or the official rules.

But since the "
17,1,reasoning,prose,hypothetical,49,True,7604,"answer is 49,"," problem says ""exact format Answer: NNN"", so maybe it's expecting three digits. For example, if the answer is 49, then 049. However, in the AIME, they don't use leading zeros. But since the user says ""exact format"
17,1,reasoning,prose,hypothetical,49,True,7806,"answer is 49,","N is an integer, not necessarily three digits. Wait, no, NNN is an integer from 0 to 999. So if the answer is 49, then Answer: 49. However, in the AIME, answers are integers from 0 to 999, and they are written as "
17,1,reasoning,prose,hypothetical,49,True,7813,Answer: 49.,"t necessarily three digits. Wait, no, NNN is an integer from 0 to 999. So if the answer is 49, then Answer: 49. However, in the AIME, answers are integers from 0 to 999, and they are written as integers. Therefo"
17,1,reasoning,prose,tentative,49,True,7851,"answer is 49,","nswers are integers from 0 to 999, and they are written as integers. Therefore, I think the correct answer is 49, so Answer: 049? Or just 49?

But since the user says ""the exact format Answer: NNN"", maybe they wan"
17,1,reasoning,prose,hypothetical,49,True,7927,"answer is 49,"," acceptable. However, in the problem statement, the user might have an example. For example, if the answer is 49, then Answer: 049. But since I don't have more info, but given that the user might be following a sp"
17,1,reasoning,prose,format_discussion,49,True,8080,Answer: 49.," format Answer: NNN"", where NNN is an integer from 0 to 999, I think they just want the integer, so Answer: 49. However, in some cases, people might write it as 049. But since the problem says ""integer from 0 to"
17,1,reasoning,prose,asserted,49,True,8131,"answer is 49,"," But since the problem says ""integer from 0 to 999"", 49 is an integer in that range. Therefore, the answer is 49, so Answer: 49.

But looking back at the initial problem, the user might have a specific format. How"
17,1,reasoning,prose,asserted,49,True,8138,Answer: 49.,"oblem says ""integer from 0 to 999"", 49 is an integer in that range. Therefore, the answer is 49, so Answer: 49.

But looking back at the initial problem, the user might have a specific format. However, since in "
17,1,reasoning,prose,asserted,49,True,8268,"answer is 49,","gits, I can write 049. But I need to check if 49 is correct.

But according to my calculations, the answer is 49, so I think Answer: 49 is correct. However, in the initial problem statement, the user might have wa"
17,1,reasoning,prose,tentative,49,True,8277,Answer: 49,"t I need to check if 49 is correct.

But according to my calculations, the answer is 49, so I think Answer: 49 is correct. However, in the initial problem statement, the user might have wanted three digits. But "
17,1,reasoning,prose,asserted,49,True,8349,Answer: 49.,"NN"", where NNN is an integer from 0 to 999, I think that NNN is just the integer, so 49. Therefore, Answer: 49.

But in the problem statement, the assistant is supposed to write the answer as Answer: NNN. For ex"
17,1,reasoning,prose,hypothetical,49,True,8380,"answer is 49,","roblem statement, the assistant is supposed to write the answer as Answer: NNN. For example, if the answer is 49, then Answer: 049. But I think that's not standard. However, since the user hasn't specified, but gi"
17,1,reasoning,prose,format_discussion,49,True,8447,answer is 49.,"wers are integers between 0 and 999, and the user says ""integer from 0 to 999"", I think the correct answer is 49. Therefore, Answer: 49.

But to check, maybe I made a mistake in calculation? Let me check again the"
17,1,reasoning,prose,asserted,49,True,8455,Answer: 49.," 0 and 999, and the user says ""integer from 0 to 999"", I think the correct answer is 49. Therefore, Answer: 49.

But to check, maybe I made a mistake in calculation? Let me check again the sum: 1 + 11 + 37. 1 + "
17,1,reasoning,answer_line,asserted,49,True,8535,Answer: 049,": 1 + 11 + 37. 1 + 11 is 12, 12 + 37 is 49. Yes. So 49 is correct. So Answer: 49.

**Final Answer**
Answer: 049

Wait, but now I'm confused. In the AIME, answers are integers from 0 to 999, and they are written a"
17,1,reasoning,prose,hypothetical,49,True,8580,"answer is 49,","nswers are integers from 0 to 999, and they are written as three-digit numbers. For example, if the answer is 49, you write 049. But I think in the context of this problem, since the user says ""the exact format An"
17,1,reasoning,answer_line,asserted,49,True,8781,Answer: 049,"says 49, and I have checked multiple times, I think it's correct. So Answer: 049.

**Final Answer**
Answer: 049
"
17,1,content,boxed,asserted,49,True,9324,\boxed{049},"N is an integer from 0 to 999, and 49 is a valid integer in that range, we write the answer as:

$$
\boxed{049}
$$"
17,2,reasoning,prose,asserted,49,True,2238,answer is 49?,"ead to n = -1, which is not positive. So only 3, 13, 39. Therefore, only those three values. So the answer is 49?

But wait, let me think again. Is there a possibility that k divides 39, but maybe there are other "
17,2,reasoning,prose,asserted,49,True,3372,answer is 49?,"isors are 1, 3, 13, 39. So n + 2 can be 3, 13, 39. So n = 1, 11, 37. So sum is 1 + 11 + 37 = 49. So answer is 49?

But wait, wait a second. Let me think again. Because the original problem says ""the product 3(n + "
17,2,reasoning,prose,asserted,49,True,3936,answer is 49.," Therefore, k divides 39, so k is in {1, 3, 13, 39}. Therefore, the same conclusion. Therefore, the answer is 49.

But let me check another angle. Suppose that n + 2 divides 3(n + 3)(n² + 9). Let me try to write t"
17,2,reasoning,prose,asserted,49,True,4675,answer is 1 + 11 + 37 = 49.," n ∈ {1, 11, 37}. So same result.

Therefore, this confirms the previous conclusion. Therefore, the answer is 1 + 11 + 37 = 49.

But let me check if there's another way where maybe d divides 39(d + 1). Wait, but we have that d "
17,2,reasoning,prose,asserted,49,True,4839,answer is 49.,"39. Therefore, same conclusion. Therefore, no other divisors. Therefore, only 3, 13, 39. Therefore, answer is 49.

But wait, just to be thorough, let me check if there are other divisors. For example, suppose d di"
17,2,reasoning,prose,asserted,49,True,4929,answer is 49.,"39 are 1, 3, 13, 39. So, if d = 1, then n = -1, which is invalid. So only 3, 13, 39. Therefore, the answer is 49.

But let me check for n = 1, 11, 37 again.

For n = 1: 1 + 2 = 3 divides 3*(1 + 3)*(1 + 9) = 3*4*10"
17,2,reasoning,prose,asserted,49,True,5265,answer is 1 + 11 + 37 = 49.," 1378. Since 1378 divided by 13 is 106, so 40 * 106 = 4240. Correct. So that works.

Therefore, the answer is 1 + 11 + 37 = 49. Therefore, the final answer is 49.

But wait, just to check if there are any other possible divisor"
17,2,reasoning,prose,asserted,49,True,5275,final answer is 49.,"40 * 106 = 4240. Correct. So that works.

Therefore, the answer is 1 + 11 + 37 = 49. Therefore, the final answer is 49.

But wait, just to check if there are any other possible divisors. For example, if n + 2 is negativ"
17,2,reasoning,prose,tentative,49,True,5758,answer is 49.,"s 39. So works. n + 2 = 3, which divides 39. So works. So seems consistent.

Therefore, I think the answer is 49. But let me check if there is a possible mistake in the logic where k divides 39. For example, suppo"
17,2,reasoning,prose,asserted,49,True,5926,answer is 49.,"9) even if n + 2 doesn't divide 39. But according to our reasoning, that's not possible. Therefore, answer is 49.

But wait, hold on. Let me check n = 3. n + 2 = 5. Does 5 divide 3*(6)*(9 + 9) = 3*6*18 = 324? 324 "
17,2,reasoning,boxed,asserted,49,True,6421,\boxed{49},"h is integer. So that's correct.

Therefore, all checks out. So the answer is 49.

**Final Answer**
\boxed{49}
"
17,2,content,boxed,asserted,49,True,7312,\boxed{49},"al Answer

We now sum the valid values of $ n $:

$$
1 + 11 + 37 = 49
$$

---

### Final Answer

$$
\boxed{49}
$$"
17,3,reasoning,prose,asserted,49,True,1723,answer is 1 + 11 + 37 = 49.," -1, but n is positive, so that's invalid. Similarly, n + 2 = 3, 13, 39. So, that's all. Therefore, answer is 1 + 11 + 37 = 49.

But wait, let me check for n=  something else. For example, suppose n + 2 divides 3(n + 3)(n² + 9)"
17,3,reasoning,prose,asserted,49,True,2732,answer is 1 + 11 + 37 = 49.,"53 = 6885. 6885 / 14 ≈ 491.78... Not integer.

So, seems like only n=1, 11, 37 work. Therefore, the answer is 1 + 11 + 37 = 49. Therefore, the answer is 49.

But wait, hold on. Let me check n= 37. Let me compute 3*(37 + 3)*(37²"
17,3,reasoning,prose,asserted,49,True,2741,answer is 49.,"r.

So, seems like only n=1, 11, 37 work. Therefore, the answer is 1 + 11 + 37 = 49. Therefore, the answer is 49.

But wait, hold on. Let me check n= 37. Let me compute 3*(37 + 3)*(37² + 9). 37 + 3 = 40. 37² is 13"
17,3,reasoning,prose,asserted,49,True,3891,answer is 1 + 11 + 37 = 49.,"Since n is positive, n + 2 ≥ 3, so n + 2 ∈ {3, 13, 39}, leading to n ∈ {1, 11, 37}.

Therefore, the answer is 1 + 11 + 37 = 49. So I think that's correct.

But just to make sure, let me check if there are other divisors. For ex"
17,3,reasoning,answer_line,asserted,49,True,4014,Answer: 049,"lues for n.

Therefore, the sum is 1 + 11 + 37 = 49. Therefore, the answer is 49.

**Final Answer**
Answer: 049

Wait, but the problem says ""the sum of all positive integers n"" and the answer should be in the for"
17,3,reasoning,prose,hypothetical,49,True,4167,"answer is 49,","clusive, and they are written as three digits, with leading zeros if necessary. For example, if the answer is 49, it should be written as 049. However, sometimes people might just write 49, but according to the in"
17,3,reasoning,prose,hypothetical,49,True,4276,"answer is 49,","wer: NNN, where NNN is an integer from 0 to 999."" So NNN is a three-digit number. Therefore, if the answer is 49, it should be written as 049. However, in some contexts, leading zeros are not used. But since the u"
17,3,reasoning,prose,hypothetical,49,True,4510,"answer is 49,","just mean to write the integer, and if it's less than 100, just write it as is. For example, if the answer is 49, write 49. But in the AIME, answers are integers between 0 and 999, and they are three-digit numbers"
17,3,reasoning,prose,format_discussion,49,True,4686,"answer is 49,","initial problem statement, the user says ""the sum of all positive integers n such that..."", and the answer is 49, which is 49. But maybe the system expects 049. However, in the context of the AIME, answers are int"
17,3,reasoning,prose,hypothetical,49,True,4745,"answer is 49,",", answers are integers from 0 to 999, and they are entered as three digits. So, for example, if the answer is 49, you enter 049. However, sometimes people might just write 49. But since the user hasn't specified, "
17,3,reasoning,prose,hypothetical,49,True,4840,"answer is 49,","ed. For example, in the problem statement, the user says ""the exact format Answer: NNN"", but if the answer is 49, then NNN is 049. But maybe the user is okay with 49. However, since I don't have more information, "
17,3,reasoning,prose,hypothetical,49,True,4928,"answer is 49,","m again. The original problem says ""the sum of all positive integers n..."". So, for example, if the answer is 49, then the answer is 49, and the format is Answer: 049. But maybe the user just wants the number, and"
17,3,reasoning,prose,hypothetical,49,True,4936,"answer is 49,","roblem says ""the sum of all positive integers n..."". So, for example, if the answer is 49, then the answer is 49, and the format is Answer: 049. But maybe the user just wants the number, and in the AIME, they acce"
17,3,reasoning,prose,hypothetical,49,True,5066,"answer is 49,","he user just wants the integer, and if it's less than 100, just write it as is. For example, if the answer is 49, then Answer: 49. However, in the AIME, they require three digits, but maybe here it's different. Si"
17,3,reasoning,prose,hypothetical,49,True,5073,Answer: 49.,"the integer, and if it's less than 100, just write it as is. For example, if the answer is 49, then Answer: 49. However, in the AIME, they require three digits, but maybe here it's different. Since the user hasn"
17,3,reasoning,prose,asserted,49,True,5109,"answer is 49,","re three digits, but maybe here it's different. Since the user hasn't specified, but given that the answer is 49, I think it's safe to write Answer: 049. However, in many cases, people just write 49. To check, let"
17,3,reasoning,prose,hypothetical,49,True,5157,"answer is 49,","ny cases, people just write 49. To check, let me think about previous problems. For example, if the answer is 49, then the correct AIME answer is 049, but sometimes people write 49. However, since the user hasn't "
17,3,reasoning,prose,tentative,49,True,5300,Answer: 49.,"to 999, but integers don't have leading zeros. Therefore, maybe the user just wants the integer, so Answer: 49. But I need to check if 49 is correct. Since the answer is 49, and the problem says ""the sum of all "
17,3,reasoning,prose,asserted,49,True,5320,"answer is 49,","ybe the user just wants the integer, so Answer: 49. But I need to check if 49 is correct. Since the answer is 49, and the problem says ""the sum of all positive integers n"", which is 1 + 11 + 37 = 49, so Answer: 49"
17,3,reasoning,prose,asserted,49,True,5357,Answer: 49.,"wer is 49, and the problem says ""the sum of all positive integers n"", which is 1 + 11 + 37 = 49, so Answer: 49. But in the AIME, it's 049. However, since the user hasn't specified, but given that the problem is "
17,3,reasoning,prose,asserted,49,True,5398,"answer is 49,","9. However, since the user hasn't specified, but given that the problem is similar to AIME, and the answer is 49, I think it's safe to write Answer: 049. However, in the initial problem statement, the user says ""t"
17,3,reasoning,prose,format_discussion,49,True,5574,answer is 49.,"at the problem says ""the exact format Answer: NNN"", and NNN is an integer, which is 49, I think the answer is 49. Therefore, I will go with Answer: 049, but I'm a bit conflicted.

Wait, looking back at the initial"
17,3,reasoning,prose,asserted,49,True,5650,Answer: 49.," Answer: NNN, where NNN is an integer from 0 to 999."" So NNN is an integer, which is 49. Therefore, Answer: 49. However, if the answer is less than 100, they might need to pad with zeros. But since NNN is an int"
17,3,reasoning,prose,asserted,49,True,5699,answer is 49.,"ght need to pad with zeros. But since NNN is an integer, not a string, it's just 49. Therefore, the answer is 49. So, Answer: 49. However, in the AIME, it's 049, but since the user hasn't specified, maybe 49 is ac"
17,3,reasoning,prose,asserted,49,True,5707,Answer: 49.,"th zeros. But since NNN is an integer, not a string, it's just 49. Therefore, the answer is 49. So, Answer: 49. However, in the AIME, it's 049, but since the user hasn't specified, maybe 49 is acceptable. Given "
17,3,reasoning,answer_line,asserted,49,True,5759,Answer: 049,"r hasn't specified, maybe 49 is acceptable. Given that, I think the answer is 49.

**Final Answer**
Answer: 049

Wait, but in the AIME, they require three digits, so maybe the user expects 049. Since the problem "
17,3,reasoning,answer_line,asserted,49,True,5836,Answer: 049,"ree digits, I think it's safer to put 049. Therefore, I will go with Answer: 049.

**Final Answer**
Answer: 049
"
17,3,content,boxed,asserted,49,True,6386,\boxed{049},"`Answer: NNN`, where NNN is an integer from 0 to 999, and the sum is 49, we must present it as:

$$
\boxed{049}
$$

---

### Final Answer

Answer: 049"
17,3,content,answer_line,asserted,49,True,6399,Answer: 049," from 0 to 999, and the sum is 49, we must present it as:

$$
\boxed{049}
$$

---

### Final Answer

Answer: 049"
17,4,reasoning,prose,asserted,49,True,2341,answer is 1 + 11 + 37 = 49.,"uld be the only case. Therefore, only n + 2 divides 39. So only those three numbers. Therefore, the answer is 1 + 11 + 37 = 49. But wait, let me check if there are other divisors. Wait 39 is 3*13, so divisors are 1, 3, 13, 39. "
17,4,reasoning,prose,tentative,49,True,3629,answer is 49.,"s 3*13. What about divisors like 3*13 = 39, but also 1, 3, 13, 39. So that's all. So seems like the answer is 49. However, I remember sometimes problems like this might have more solutions. Let me think again.

Wa"
17,4,reasoning,prose,asserted,49,True,3970,answer is 1 + 11 + 37 = 49.,"er, n ≥ 1, so n + 2 ≥ 3. Therefore, n + 2 ∈ {3, 13, 39}. Therefore, n ∈ {1, 11, 37}. Therefore, the answer is 1 + 11 + 37 = 49.

Therefore, the answer is 49. However, just to be thorough, let me check if there are any other div"
17,4,reasoning,prose,asserted,49,True,3979,answer is 49.,"{3, 13, 39}. Therefore, n ∈ {1, 11, 37}. Therefore, the answer is 1 + 11 + 37 = 49.

Therefore, the answer is 49. However, just to be thorough, let me check if there are any other divisors. For example, if 39 had "
17,4,reasoning,prose,asserted,49,True,4476,answer is 1 + 11 + 37 = 49.," k ∈ {3, 13, 39}, so n ∈ {1, 11, 37}. Therefore, same result. So that's consistent.

Therefore, the answer is 1 + 11 + 37 = 49.

But wait, I just thought, maybe there are other values of k where even though k doesn't divide 39,"
17,4,reasoning,prose,tentative,49,True,4596,answer is 49.," are no other possibilities. Therefore, the only solutions are those three.

Therefore, I think the answer is 49. But let me check once more with another example. Suppose n + 2 divides 39, but maybe there is some "
17,4,reasoning,prose,asserted,49,True,5426,answer is 49.,", leading to n = 1, 11, 37. Therefore, sum is 49.

Therefore, I think this is solid. Therefore, the answer is 49. So I think that's the correct answer.

**Final Answer**
\boxed{49}
"
17,4,reasoning,boxed,asserted,49,True,5445,\boxed{49},"this is solid. Therefore, the answer is 49. So I think that's the correct answer.

**Final Answer**
\boxed{49}
"
17,4,content,boxed,asserted,49,True,6253,\boxed{49}," Answer

Now, sum all the valid values of $ n $:

$$
1 + 11 + 37 = 49
$$

---

### Final Answer

$$
\boxed{49}
$$"
17,5,reasoning,prose,asserted,49,True,4131,answer is 49?,"39. So that's all. So n + 2 must be one of these, so n is 1, 11, 37. So sum is 1 + 11 + 37 = 49. So answer is 49?

But wait, the problem says ""sum of all positive integers n"". But maybe I missed something? Let me "
17,5,reasoning,prose,asserted,49,True,6374,answer is 1 + 11 + 37 = 49.,", and n = k - 2. So same result.

Therefore, this confirms the previous conclusion.

Therefore, the answer is 1 + 11 + 37 = 49. But wait, let me check once more if there are other divisors. Wait, 39 is 3*13. So divisors are 1, "
17,5,reasoning,prose,asserted,49,True,6502,answer is 1 + 11 + 37 = 49.,"n + 2 and n is positive, k must be at least 3, so negative divisors are irrelevant.

Therefore, the answer is 1 + 11 + 37 = 49. However, just to be 100% sure, let me check if there's an alternative interpretation of the problem"
17,5,reasoning,prose,tentative,49,True,6851,answer is indeed 49.,"rs, the remainder is fixed. Therefore, the conclusion is that d divides 39.

Therefore, I think the answer is indeed 49. However, just to check, maybe the problem is from a source where the answer is different? Wait, no,"
17,5,reasoning,prose,asserted,49,True,7207,answer is 49.,"hat works.

Therefore, I think my answer is correct. Therefore, the sum is 1 + 11 + 37 = 49. So the answer is 49. However, just to check once more, maybe there is a mistake in the initial substitution?

Original p"
17,5,reasoning,prose,asserted,49,True,7416,answer is 1 + 11 + 37 = 49.,": 39 divides 3*40*(1369 + 9) = 3*40*1378. As above, yes.

Therefore, all three work. Therefore, the answer is 1 + 11 + 37 = 49. Therefore, the answer is 49. Wait, but I recall sometimes problems like this might have more soluti"
17,5,reasoning,prose,asserted,49,True,7425,answer is 49.,"s above, yes.

Therefore, all three work. Therefore, the answer is 1 + 11 + 37 = 49. Therefore, the answer is 49. Wait, but I recall sometimes problems like this might have more solutions. Let me check n = - somet"
17,5,reasoning,prose,asserted,49,True,7545,answer is 49.,"3: n = 1, valid. d = 13: n = 11, valid. d = 39: n = 37, valid. So only those three.

Therefore, the answer is 49. So I think that's it.

**Final Answer**
\boxed{49}
"
17,5,reasoning,boxed,asserted,49,True,7562,\boxed{49},", valid. So only those three.

Therefore, the answer is 49. So I think that's it.

**Final Answer**
\boxed{49}
"
17,5,content,boxed,asserted,49,True,8201,\boxed{49},"= 37 $

---

### Step 4: Summing the Valid $ n $

$$
1 + 11 + 37 = 49
$$

---

### Final Answer

$$
\boxed{49}
$$"
17,6,reasoning,prose,asserted,49,True,1998,answer is 1 + 11 + 37 = 49.,", the only possible n's are those where n + 2 divides 39, which gives n = 1, 11, 37. Therefore, the answer is 1 + 11 + 37 = 49. 

But wait, the problem says ""positive integers n"", so n has to be positive. So n = 1, 11, 37. But "
17,6,reasoning,prose,asserted,49,True,4732,answer is 1 + 11 + 37 = 49.,"39. Therefore, the conclusion is correct. 

Therefore, there are no other solutions. Therefore, the answer is 1 + 11 + 37 = 49. 

But wait, hold on. Let me check the problem statement again. It says ""the product 3(n + 3)(n² + 9"
17,6,reasoning,prose,asserted,49,True,5061,answer is 1 + 11 + 37 = 49.,"n² + 9), and n + 2 divides 39, as we showed. Therefore, the conclusion is correct. 

Therefore, the answer is 1 + 11 + 37 = 49. 

But wait, let me check if there are other divisors. For example, suppose that n + 2 divides 3(n +"
17,6,reasoning,prose,asserted,49,True,5957,answer is 1 + 11 + 37 = 49.," think of n + 2 as a divisor of 39. Therefore, the only possibilities are 3, 13, 39. Therefore, the answer is 1 + 11 + 37 = 49. 

But just to make sure, let me check n = 37 again. 

n = 37: n + 2 = 39. The product is 3*(37 + 3)"
17,6,reasoning,prose,asserted,49,True,6441,answer is 49.," previous reasoning, that's impossible. Because of the polynomial remainder theorem. Therefore, the answer is 49. 

But I have a doubt because sometimes problems can have more solutions. Let me check n=  something"
17,6,reasoning,prose,asserted,49,True,7638,answer is 1 + 11 + 37 = 49.,"ivided by 20: 20979 / 20 = 1048.95. Not integer. 

So seems like no other solutions. Therefore, the answer is 1 + 11 + 37 = 49. 

But wait, I just thought of something. What if n + 2 divides 3(n + 3)(n² + 9) but n + 2 is not a "
17,6,reasoning,prose,tentative,49,True,8312,answer is 49.,"5. Not integer. 

Therefore, no. Therefore, seems like no other solutions. 

Therefore, I think the answer is 49. 

But wait, just to check if there's another divisor. Wait 39 is 3*13. So divisors are 1, 3, 13, 39"
17,6,reasoning,answer_line,asserted,49,True,8486,Answer: 49,"t divide 39, there are no other solutions. 

Therefore, I think the answer is 49.

**Final Answer**
Answer: 49
"
17,6,content,boxed,asserted,49,True,8974,\boxed{49},"d Values of $ n $

Now, we sum the valid values:

$$
1 + 11 + 37 = 49
$$

---

### Final Answer

$$
\boxed{49}
$$"
17,7,reasoning,prose,asserted,49,True,2377,answer is 49?,"}, but since n is positive, n + 2 ≥ 3, so n + 2 ∈ {3, 13, 39}, hence n ∈ {1, 11, 37}, sum is 49. So answer is 49?

But wait, hold on. Wait, 39 has positive divisors 1, 3, 13, 39. But what if n + 2 is a negative di"
17,7,reasoning,prose,asserted,49,True,2478,answer is 1 + 11 + 37 = 49.,"r, n + 2 is at least 3, so negative divisors are not considered. So yes, only 3, 13, 39. Therefore, answer is 1 + 11 + 37 = 49. But let me check if there are other possibilities.

Wait, but suppose that n + 2 divides 39, but ma"
17,7,reasoning,prose,asserted,49,True,2763,answer is 1 + 11 + 37 = 49.,"n is positive integer, n + 2 = 1 would mean n = -1, which is invalid. So only 3, 13, 39. Therefore, answer is 1 + 11 + 37 = 49. However, I need to check if there are other divisors. Wait, 39 is 3 × 13, so the positive divisors "
17,7,reasoning,prose,asserted,49,True,3375,answer is 1 + 11 + 37 = 49.,"ivides that product, then n + 2 divides 39. Therefore, there are no other solutions. Therefore, the answer is 1 + 11 + 37 = 49.

But wait, let me check n= 37. Let me compute 3(n + 3)(n² + 9) divided by n + 2. For n=37, n + 2=39"
17,7,reasoning,prose,asserted,49,True,3810,answer is 49.,"so n + 2 divides 39. Therefore, there are no other solutions. Hence, only 1, 11, 37. Therefore, the answer is 49.

But wait, the problem says ""positive integers n"". So n=1 is allowed. Let me check n=1 again. n + 2"
17,7,reasoning,prose,asserted,49,True,4187,answer is 1 + 11 + 37 = 49.," remainder is 39. Therefore, the conclusion is correct. Therefore, n + 2 divides 39. Therefore, the answer is 1 + 11 + 37 = 49.

But wait, the problem says ""the sum of all positive integers n"". But maybe there are more solution"
17,7,reasoning,prose,asserted,49,True,4736,answer is 1 + 11 + 37 = 49.," 3. Therefore, k ∈ {3, 13, 39}, so n = k - 2 ∈ {1, 11, 37}. Therefore, same result.

Therefore, the answer is 1 + 11 + 37 = 49. Therefore, I think that is correct.

But just to be thorough, let me check if there's a case where "
17,7,reasoning,prose,asserted,49,True,4844,answer is 49.," since 3(k + 1)(k² - 4k + 13) ≡ 39 mod k, so k divides 39. Therefore, no such cases. Therefore, the answer is 49.

But wait, hold on. Let me check with k = 3. Then, 3 divides 3*(4)*(something). Which is obvious. S"
17,7,reasoning,prose,asserted,49,True,4937,answer is 1 + 11 + 37 = 49.,"So that's correct.

Alternatively, let me think of k dividing 39, so k is 3, 13, 39. Therefore, the answer is 1 + 11 + 37 = 49. Therefore, I think that's correct.

But let me check if there are other divisors. For example, 39 i"
17,7,reasoning,prose,asserted,49,True,5005,answer is 49.," For example, 39 is 3*13. So divisors are 1, 3, 13, 39. So that's it. So no others.

Therefore, the answer is 49. Therefore, I think that's the correct answer.

**Final Answer**
\boxed{49}
"
17,7,reasoning,boxed,asserted,49,True,5025,\boxed{49},"hers.

Therefore, the answer is 49. Therefore, I think that's the correct answer.

**Final Answer**
\boxed{49}
"
17,7,content,boxed,asserted,49,True,5760,\boxed{49},"ues are valid.

---

### Step 5: Compute the Final Answer

Sum of all such $ n $:

$$
1 + 11 + 37 = \boxed{49}
$$

---

### Final Answer

$$
\boxed{49}
$$"
17,7,content,boxed,asserted,49,True,5775,\boxed{49},"the Final Answer

Sum of all such $ n $:

$$
1 + 11 + 37 = \boxed{49}
$$

---

### Final Answer

$$
\boxed{49}
$$"
17,8,reasoning,prose,tentative,49,True,1762,answer would be 1 + 11 + 37 = 49.," + 3)(n² + 9) ≡ 0 mod (n + 2). Therefore, the divisibility holds. Therefore, n=37 is valid. So, the answer would be 1 + 11 + 37 = 49. But wait, the problem says ""the sum of all positive integers n"". But maybe there are more solutions"
17,8,reasoning,prose,asserted,49,True,2603,answer is 49?," ≥ 3, so n + 2 ∈ {3, 13, 39}, hence n ∈ {1, 11, 37}. Therefore, sum is 1 + 11 + 37 = 49. Therefore, answer is 49?

But let me check if there are other possibilities where n + 2 divides 3(n + 3)(n² + 9) even if n +"
17,8,reasoning,prose,asserted,49,True,3856,answer is 49.,"is 3, 13, 39. Therefore, n = k - 2 is 1, 11, 37. Therefore, sum is 1 + 11 + 37 = 49. Therefore, the answer is 49.

But wait, let me check another way. Let me take n=1. Then n+2=3 divides 3*(1+3)*(1+9)=3*4*10=120. "
17,8,reasoning,prose,asserted,49,True,4384,answer is 1 + 11 + 37 = 49.,"ositive, so k = n + 2 ≥ 3. Therefore, only 3, 13, 39. Therefore, no other possibilities. Therefore, answer is 1 + 11 + 37 = 49. Therefore, the answer is 49.

But wait, hold on. Wait, 39 has other divisors? No, 39 is 3*13, so di"
17,8,reasoning,prose,asserted,49,True,4393,answer is 49.,"3, 13, 39. Therefore, no other possibilities. Therefore, answer is 1 + 11 + 37 = 49. Therefore, the answer is 49.

But wait, hold on. Wait, 39 has other divisors? No, 39 is 3*13, so divisors are 1, 3, 13, 39. So n"
17,8,reasoning,prose,tentative,49,True,5515,answer is 49.,"0. Therefore, yes, 55120 /13= 4240. Therefore, yes, integer. So n=37 works.

Therefore, I think the answer is 49. However, I recall that sometimes problems can have more solutions if there are factors that cancel "
17,8,reasoning,prose,asserted,49,True,5591,answer is 49.," error in the congruence reasoning, which I don't see, there are no other solutions. Therefore, the answer is 49.

But to be 100% sure, let me check if there are other divisors. For example, if n + 2 divides 39, b"
17,8,reasoning,answer_line,asserted,49,True,5724,Answer: 049,"ence n=1, 11, 37. So sum is 1 + 11 + 37 = 49. Therefore, I think that is correct.

**Final Answer**
Answer: 049
"
17,8,content,boxed,asserted,49,True,6232,\boxed{049}," 37
$$

---

### Step 3: Sum the Values of $ n $

$$
1 + 11 + 37 = 49
$$

---

### Final Answer

$$
\boxed{049}
$$"
18,3,reasoning,prose,hypothetical,82,True,11469,answer is 82?,"3 and v4 combinations.

Therefore, the calculation seems correct.

So, if the total is 82, then the answer is 82? But let me check with another approach.

Alternatively, think of the entire grid as a graph and use"
18,3,reasoning,prose,asserted,82,True,11705,answer is 82.,"straint. However, solving this directly is complex.

But according to our previous calculation, the answer is 82. However, I need to check if that's correct.

But let me think of another way. Suppose that we consi"
18,3,reasoning,prose,asserted,82,True,13703,"answer is 82,",", the total is not 6^4.

But let's see: 6^4 = 1296. But with overlaps, it's much less. Our previous answer is 82, which is much less. So, seems plausible.

Alternatively, think of the grid as follows: the four squ"
18,3,reasoning,prose,tentative,82,True,15849,answer is 82.,"ed exactly once in our calculation. Therefore, the total should be correct.

Therefore, I think the answer is 82.

But to be thorough, let me consider a smaller case or see if there's a different approach.

Anothe"
18,7,reasoning,prose,other_problem,68,False,15308,answer is 68.,"But I need to check if this answer is correct. However, I recall that in some similar problems, the answer is 68. But maybe not. Alternatively, maybe I made a mistake in the case analysis.

Wait, let me think abou"
18,7,reasoning,prose,tentative,82,True,15770,answer is 82.,"e I can't access external resources, I have to rely on my own calculations.

Therefore, I think the answer is 82. But let me check again the case counts:

x=0: 1

x=1: 4 * 4 = 16

x=2: 6 cases: 16 + 4 + 4 + 4 + 4 "
18,7,reasoning,prose,tentative,82,True,15888,answer is 82.,"4 + 4 + 4 +16 = 48

x=3: 4 * 4 = 16

x=4: 1

Total: 1 + 16 + 48 + 16 + 1 = 82.

Yes. So I think the answer is 82.

But wait, the problem says ""unit squares form a 2×2 grid"". The example given in the problem has so"
18,7,reasoning,prose,other_problem,68,False,16207,"answer is 68,","detailed case analysis, I think 82 is correct. However, I recall that in some similar problems, the answer is 68, but maybe not. Alternatively, maybe I overcounted in some cases.

Wait, let me check x=2, case 2a: "
18,8,reasoning,prose,asserted,82,True,12249,answer is 82.," way that each unit square has 2 red sides and 2 blue sides.""

But according to my calculation, the answer is 82. However, I need to check if there is a mistake in my case analysis. For example, maybe some colorin"
18,8,reasoning,prose,tentative,82,True,13430,answer is 82.,"or each equation. Hence, no overcounting. Therefore, the total is indeed 82.

Therefore, I think my answer is 82. However, since the problem is from an Olympiad, maybe the answer is different. Wait, let me check i"
18,8,reasoning,prose,tentative,82,True,13620,answer is 82.,"d this way satisfy the square constraints. Therefore, the count is correct.

Therefore, I think the answer is 82. However, to be thorough, let me check if there are 82 colorings.

Alternatively, think of the probl"
18,8,reasoning,prose,other_problem,68,False,13692,answer is 68.,"nd the logic seems sound, I think that is correct.

But I recall that in some similar problems, the answer is 68. For example, in the case of a 2x2 grid with each square having two red edges, the number of colorin"
18,8,reasoning,prose,tentative,82,True,14172,answer is 82.,"
Add case 16: 81 + 1 = 82

Yes, that's correct. So the total is indeed 82. 

Therefore, I think the answer is 82. However, to make sure, I can think of another way. For example, think of the entire grid as a graph"
18,8,reasoning,prose,tentative,82,True,14291,answer is 82.,"er integers. But since we already have a concrete count, I think it's safe.

Therefore, I think the answer is 82. So the final answer is \boxed{082}? But the problem says ""AIME integer answer in the exact format A"
18,8,reasoning,boxed,asserted,82,True,14303,\boxed{082},"e a concrete count, I think it's safe.

Therefore, I think the answer is 82. So the final answer is \boxed{082}? But the problem says ""AIME integer answer in the exact format Answer: NNN, where NNN is an integer"
18,8,reasoning,prose,asserted,82,True,14405,answer is 82.,"owever, in the problem statement, the example is shown with a red and blue coloring, but the actual answer is 82. But I need to check if 82 is correct.

Wait, but I just found a resource that says the number of co"
18,8,reasoning,prose,asserted,82,True,14742,answer is 82.,"olutions for each equation.

Therefore, the calculation is correct, and the total is 82. Hence, the answer is 82.

But just to be 100% sure, let me think of another approach. For example, think of the grid as a gr"
18,8,reasoning,boxed,asserted,82,True,15425,\boxed{082},"mistake in it, I think that is the correct answer.

Therefore, I will go with 82.

**Final Answer**
\boxed{082}

Wait, but AIME answers are integers from 0 to 999, and they are written as three digits. However, "
18,8,reasoning,prose,hypothetical,82,True,15492,"answer is 82,","statement, it says ""the exact format Answer: NNN, where NNN is an integer from 0 to 999."" So if the answer is 82, it should be written as 082. However, in many cases, leading zeros are not used, but the problem sa"
18,8,reasoning,prose,hypothetical,82,True,15574,"answer is 82,","99, and they are written as three digits, including leading zeros if necessary. For example, if the answer is 82, it would be written as 082. But I need to check the original problem's instructions.

Wait, the ori"
18,8,reasoning,prose,hypothetical,82,True,15641,"answer is 82,","nd the number of such colorings. ... Answer: NNN, where NNN is an integer from 0 to 999."" So if the answer is 82, then it should be written as 082. However, in the AIME, answers are integers from 0 to 999, and the"
18,8,reasoning,prose,asserted,82,True,15718,answer is 82.,"er is 082. But in the initial problem statement, the example is shown with a figure, but the actual answer is 82. However, I need to check if the correct answer is 82 or something else.

But according to my calcul"
18,8,reasoning,boxed,format_discussion,82,True,15759,\boxed{082}," correct answer is 82 or something else.

But according to my calculation, it's 82, so I will write \boxed{082}. However, sometimes AIME problems expect answers without leading zeros. But since the problem says "
18,8,reasoning,prose,format_discussion,82,True,15953,"answer is 82,"," since the user might be following a specific format, but since I don't have more info, I think the answer is 82, and the correct format is \boxed{082} or \boxed{82}. But looking at the problem statement's example"
18,8,reasoning,boxed,format_discussion,82,True,15965,\boxed{082},"cific format, but since I don't have more info, I think the answer is 82, and the correct format is \boxed{082} or \boxed{82}. But looking at the problem statement's example, the figure is given, but no answer i"
18,8,reasoning,boxed,format_discussion,82,True,15972,\boxed{82},"ut since I don't have more info, I think the answer is 82, and the correct format is \boxed{082} or \boxed{82}. But looking at the problem statement's example, the figure is given, but no answer is mentioned. H"
18,8,reasoning,boxed,asserted,82,True,16153,\boxed{82},"hat we calculated. Since I can't find a mistake in my reasoning, I'll go with 82.

**Final Answer**
\boxed{82}
"
19,1,reasoning,target_equation,target,106,True,3735,m + n= 106.,"7=91, 13*7+2=93. So no, 13 doesn't divide 93. Therefore, 93/13 is reduced. Therefore m=93, n=13, so m + n= 106. 

Wait, but let me check if I did everything correctly. Let me retrace the steps.

First, the ratio"
19,1,reasoning,target_equation,target,106,True,3880,m + n is 93 + 13 = 106.," = 93/13. Yes. 93/13 is in lowest terms. 13*7=91, 93-91=2, so yes, 93 and 13 are coprime. Therefore m + n is 93 + 13 = 106. 

But let me check again the rational product calculation. Because that was a bit involved. Let me "
19,1,reasoning,target_equation,target,106,True,4250,m + n is 93 + 13 = 106.,"3. Yes, that's correct.

So that's correct. Then the log product gives 3. So 31/13 * 3 is 93/13. So m + n is 93 + 13 = 106. 

But let me check if the problem statement had the product starting at k=4 and ending at k=63. Let"
19,1,reasoning,target_equation,target,106,True,4734,m + n=106.,"th remainder 2. Therefore, yes, 93 and 13 share no common factors besides 1. Therefore, m=93, n=13, m + n=106. 

But just to be thorough, let me check if there is a miscalculation in the log product. For exampl"
19,1,reasoning,boxed,asserted,106,True,6375,\boxed{106},"ation for the full product seems correct. 

Therefore, I think the answer is 106.

**Final Answer**
\boxed{106}
"
19,1,content,boxed,asserted,106,True,7687,\boxed{106},"nd does not divide 93).

---

### Final Answer

Let $m = 93$, $n = 13$. Then:

$$
m + n = 93 + 13 = \boxed{106}
$$"
19,2,reasoning,target_equation,target,106,True,2923,m + n= 106.,"tion. Since 13 is prime and doesn't divide 93 (since 13*7=91, 13*7+2=93). Therefore, m=93, n=13, so m + n= 106. But wait, let me check again if my calculations are correct. Because sometimes when telescoping pro"
19,2,reasoning,target_equation,target,106,True,3275,m + n is 106.,"3 = 93/13. 93 divided by 13 is 7 with remainder 2, so 93/13 is reduced. Therefore, m=93, n=13. Then m + n is 106.

But wait, the problem says ""the product is equal to m/n where m and n are relatively prime positiv"
19,2,reasoning,target_equation,target,106,True,3387,m + n is 93 + 13 = 106.,"s 93? 13*7=91, 13*7+2=93. So no, 13 doesn't divide 93. Therefore, yes, 93/13 is reduced. Therefore, m + n is 93 + 13 = 106.

But wait, let me check again if there's a mistake in the telescoping product. Because sometimes wh"
19,2,reasoning,target_equation,target,106,True,5247,m + n = 93 + 13 = 106.,"5). Which is correct.

So seems like the formula is working. So going back, the answer is 93/13, so m + n = 93 + 13 = 106.

But wait, let me check if 93/13 is indeed reduced. 13 is prime. 13*7=91, 13*7 + 2=93. So 93 divide"
19,2,reasoning,target_equation,target,106,True,5343,m + n=106.,"3. So 93 divided by 13 is 7 with remainder 2, so yes, 93 and 13 are coprime. Therefore, m=93, n=13, m + n=106.

But wait, I'm a bit uncertain because sometimes problems like this can have more telescoping or so"
19,2,reasoning,prose,tentative,106,True,6293,answer is 106.,"e example given in the problem is correct.

So the product is as we have calculated. So I think the answer is 106.

But just to check, maybe there's a miscalculation in the second product?

The second product is Pr"
19,2,reasoning,prose,asserted,106,True,6478,answer is 106.,", log_4(64) is 3. So that's correct. So 3.

So 31/13 * 3 = 93/13. So 93 + 13 is 106. Therefore, the answer is 106.

But let me check if 93/13 is indeed the simplified fraction. 13*7 = 91, 93 - 91 = 2, so 93/13 = 7 "
19,2,reasoning,boxed,asserted,106,True,6588,\boxed{106},"ed. So yes, m = 93, n = 13. 93 + 13 = 106.

Therefore, I think the answer is 106.

**Final Answer**
\boxed{106}
"
19,2,content,target_equation,target,106,True,7618,m + n = 93 + 13 = 106,"prime, the fraction is in lowest terms. Therefore:

$$
m = 93, \quad n = 13 \quad \Rightarrow \quad m + n = 93 + 13 = 106
$$

---

### Final Answer

$$
\boxed{106}
$$"
19,2,content,boxed,asserted,106,True,7634,\boxed{106},"$$
m = 93, \quad n = 13 \quad \Rightarrow \quad m + n = 93 + 13 = 106
$$

---

### Final Answer

$$
\boxed{106}
$$"
19,3,reasoning,target_equation,target,106,True,3788,m + n is 93 + 13 = 106.,"re, yes, 93 and 13 are coprime? Wait 93 is 3*31, 13 is prime. So yes, no common factors. Therefore, m + n is 93 + 13 = 106.

But wait, let me check again the calculations for Product A. Because that seems critical.

Earlier"
19,3,reasoning,target_equation,target,106,True,4120,m + n = 93 + 13 = 106.,"ct.

So Product A is 31/13, Product B is 3, so total product is 93/13, which reduces to 93/13. Then m + n = 93 + 13 = 106.

But wait, let me check if the original problem had the product from k=4 to 63. Let me check the ex"
19,3,reasoning,target_equation,target,106,True,4505,m + n is 106.,"rm is correct, and the simplification steps are correct.

Therefore, the answer should be 93/13, so m + n is 106. But wait, let me check once more.

Wait, but let me check with small cases. Maybe test with a small"
19,3,reasoning,target_equation,target,106,True,5137,m + n = 93 + 13 = 106.,"t B. So that seems correct.

Therefore, my approach is correct.

Therefore, the answer is 93/13, so m + n = 93 + 13 = 106.

But wait, I need to check if the problem says ""the product is equal to m/n where m and n are copri"
19,3,reasoning,target_equation,target,106,True,5389,m + n is 106.,"e 64 is 4^3, so log_4 64 = 3. Correct.

So yes, Product B is 3.

Therefore, the answer is 93/13, so m + n is 106.

But wait, I recall that in some cases, there might be a miscalculation in the telescoping product."
19,3,reasoning,boxed,asserted,106,True,6244,\boxed{106},"So yes, seems correct.

Therefore, I think my answer is correct. So m + n is 106.

**Final Answer**
\boxed{106}
"
19,3,content,boxed,asserted,106,True,7414,\boxed{106},"are coprime, the fraction is in lowest terms.

Thus, $m = 93$, $n = 13$, and:

$$
m + n = 93 + 13 = \boxed{106}.
$$"
19,4,reasoning,target_equation,target,106,True,3051,m + n=106.,"3 is prime. 13 divides 93? 13*7=91, 13*7+2=93, so no. So 93/13 is reduced. Therefore m=93, n=13, so m + n=106. 

Wait, but let me check again my steps because sometimes when telescoping products, it's easy to m"
19,4,reasoning,target_equation,target,106,True,3422,m + n is 93 + 13 = 106.,"rect.

So 31/13 * 3 = 93/13. 93 divided by 13 is 7 with remainder 2, so 93/13 is reduced. Therefore m + n is 93 + 13 = 106. 

But wait, the problem statement says the product is equal to m/n where m and n are coprime. So 93"
19,4,reasoning,prose,asserted,106,True,3515,answer is 106.,"to 93 7 times with 2 remainder. Then gcd(13,2). Then gcd(2,1), then 1. So yes, they are coprime. So answer is 106. 

But wait, let me check again the product of log_k(k+1). Let me take a small example. Let's say fr"
19,4,reasoning,prose,asserted,106,True,3745,answer is 93 + 13 = 106.," 

But 64 is 4^3, so log_4(64) = 3. Correct. So that part is right. 

So then 31/13 * 3 = 93/13. So answer is 93 + 13 = 106. 

Wait, but I have a doubt here because the problem statement shows the product written out as star"
19,4,reasoning,prose,asserted,106,True,4021,answer is 106.,"_k(k+1). Correct. So that is correct.

Therefore, the rest of the steps are correct. Therefore, the answer is 106. But let me check if there's a mistake in the telescoping product. 

Wait, the product of [(k - 1)(k"
19,4,reasoning,target_equation,target,106,True,7426,m + n is 93 + 13 = 106.,"s correct.

Therefore, the first part is 31/13, the second part is 3, so total is 93/13. Therefore, m + n is 93 + 13 = 106.

But let me check once again with another small example. Let me take K=4. Then the product is just "
19,4,reasoning,target_equation,target,106,True,8145,m + n = 93 + 13 = 106.,"erefore, my conclusion that for K=63, the total product is 31/13 * 3 = 93/13 is correct. Therefore, m + n = 93 + 13 = 106. 

But just to be thorough, let me check if there's any chance I messed up the log part. The product"
19,4,reasoning,boxed,asserted,106,True,8379,\boxed{106},"part is correct. 

So I think my answer is correct. Therefore, the answer is 106.

**Final Answer**
\boxed{106}
"
19,4,content,boxed,asserted,106,True,9855,\boxed{106}," and 13 are coprime, this is in lowest terms. So $ m = 93 $, $ n = 13 $, and:

$$
m + n = 93 + 13 = \boxed{106}.
$$"
19,5,reasoning,target_equation,target,106,True,2293,m + n= 106.,"es 93? 13*7=91, 13*7+2=93. So no, 13 doesn't divide 93. Therefore, 93/13 is reduced, so m=93, n=13, m + n= 106.

Wait, but let me check again my calculations step by step because sometimes I might have messed up"
19,5,reasoning,target_equation,target,106,True,2611,m + n=106.,"3*7 + 2. So 93 and 13 are coprime? Well, 13 is prime, and 13 doesn't divide 93. So yes, m=93, n=13, m + n=106.

Wait, but the problem says ""the product is equal to m/n where m and n are relatively prime positiv"
19,5,reasoning,target_equation,target,106,True,2882,m + n = 93 + 13 = 106.," 3 = 93/13. 93 and 13: gcd(93,13). 13*7=91, 93-91=2. Then gcd(13,2)=1. So yes, 93/13 is reduced. So m + n = 93 + 13 = 106.

But wait, let me check the original problem's example terms. Let me verify with the first few term"
19,5,reasoning,prose,tentative,106,True,3510,answer should be 106.,"rrect.

So the way I split the product is correct.

Therefore, my calculation seems correct. So the answer should be 106.

But let me check once again if I messed up the telescoping products.

First product:

Product [(k-"
19,5,reasoning,target_equation,target,106,True,3834,m + n = 93 + 13 = 106.," = 31/13. Then the second part is 3. 31/13 * 3 = 93/13. Yes.

So m/n is 93/13, which is reduced. So m + n = 93 + 13 = 106.

But wait, let me check if 93 and 13 have any common factors. 13*7=91, 93-91=2. So 93=13*7 + 2. The"
19,5,reasoning,prose,asserted,106,True,3917,answer is 106.,"mmon factors. 13*7=91, 93-91=2. So 93=13*7 + 2. Then gcd(13,2)=1. So yes, 93 and 13 are coprime. So answer is 106.

But wait, let me check if the problem says ""the product is equal to m/n where m and n are relative"
19,5,reasoning,target_equation,target,106,True,4192,m + n = 106.,"lescopes to log_4(64) = 3. Correct. So that's correct.

Therefore, I think my answer is correct. So m + n = 106.

But let me check with another approach.

Alternatively, maybe write the entire original product as"
19,5,reasoning,boxed,asserted,106,True,5722,\boxed{106},"nk.

But I think my calculation is correct. Therefore, I think the answer is 106.

**Final Answer**
\boxed{106}
"
19,5,content,boxed,asserted,106,True,6893,\boxed{106},"is a prime number and does not divide 93.

Thus, $ m = 93 $, $ n = 13 $, and:

$$
m + n = 93 + 13 = \boxed{106}
$$

---

### Final Answer

$$
\boxed{106}
$$"
19,5,content,boxed,asserted,106,True,6909,\boxed{106},"
Thus, $ m = 93 $, $ n = 13 $, and:

$$
m + n = 93 + 13 = \boxed{106}
$$

---

### Final Answer

$$
\boxed{106}
$$"
19,6,reasoning,target_equation,target,106,True,2957,m + n = 106.,"93 divided by 13 is 7 with remainder 2, so yes, 13 doesn't divide 93. Therefore, m = 93, n = 13, so m + n = 106. But wait, let me check again all steps because sometimes I might have made a mistake.

First, let's"
19,6,reasoning,target_equation,target,106,True,3336,m + n is 93 + 13 = 106.,"fraction, 93 and 13: 13*7=91, 93-91=2, so 93=13*7 + 2, so yes, reduced fraction is 93/13. Therefore m + n is 93 + 13 = 106. But wait, let me check the problem statement again to make sure I didn't misread anything.

Wait, t"
19,6,reasoning,target_equation,target,106,True,3451,m + n is 106.," 13 is prime and 13 doesn't divide 93 (since 13*7=91, 13*7+2=93), yes, they are coprime. Therefore, m + n is 106. But let me check again the original product.

Wait, but the problem shows the product as starting w"
19,6,reasoning,prose,asserted,106,True,3743,answer is 93 + 13 = 106.,"art, telescoping product gives 31/13, and the second part gives 3. So 31/13 * 3 = 93/13. Therefore, answer is 93 + 13 = 106.

But wait, I remember that in some telescoping products, sometimes there are off-by-one errors. Let"
19,6,reasoning,target_equation,target,106,True,4480,m + n is 106.," second term. So that's correct. So my general term is correct.

Therefore, the answer is 93/13, so m + n is 106. However, I want to check if 93/13 is indeed reduced. Since 13 is prime, and 13 divides 93? 13*7=91,"
19,6,reasoning,prose,asserted,106,True,4561,answer is 106.," prime, and 13 divides 93? 13*7=91, 13*7+2=93, so no. So yes, 93 and 13 are coprime. Therefore, the answer is 106.

But wait, I just thought of something. The problem says the product is equal to m/n where m and n "
19,6,reasoning,target_equation,target,106,True,5809,m + n = 106.,"

Therefore, my method seems correct.

Therefore, I think my answer of 93/13 is correct, leading to m + n = 106.

But wait, just to be thorough, let me check if there's an alternative approach or if I missed some"
19,6,reasoning,prose,tentative,106,True,6008,answer is 106.,"thmetic mistake in simplifying 31/13 * 3, which is 93/13, which is correct.

Therefore, I think the answer is 106.

But just to check, maybe I can compute 93 divided by 13. 13*7=91, 93-91=2, so 93/13 is 7 and 2/13,"
19,6,reasoning,target_equation,target,106,True,6086,m + n=106.,"3 divided by 13. 13*7=91, 93-91=2, so 93/13 is 7 and 2/13, so yes, reduced fraction. So m=93, n=13, m + n=106.

Therefore, I think the answer is 106.

**Final Answer**
\boxed{106}
"
19,6,reasoning,boxed,asserted,106,True,6109,\boxed{106},"educed fraction. So m=93, n=13, m + n=106.

Therefore, I think the answer is 106.

**Final Answer**
\boxed{106}
"
19,6,content,boxed,asserted,106,True,7440,\boxed{106},"3.

---

### Final Step: Compute $ m + n $

Let $ m = 93 $, $ n = 13 $. Then:

$$
m + n = 93 + 13 = \boxed{106}
$$"
19,7,reasoning,target_equation,target,106,True,3008,m + n = 106.,"rime. 13 is prime. 13 divides 93? 13*7=91, 13*7+2=93, so no. So 93/13 is reduced, so m=93, n=13, so m + n = 106.

Wait, but hold on. Let me check again all steps because I might have made a mistake.

First, the p"
19,7,reasoning,target_equation,target,106,True,3154,m + n is 93 + 13 = 106.,"ded by 13 is 7.15... but as a fraction, 93 and 13: 13*7=91, 93-91=2, so 93/13 is indeed reduced. So m + n is 93 + 13 = 106.

But let me check again the telescoping product. The product of log_k(k+1) from k=4 to 63 is log_4("
19,7,reasoning,target_equation,target,106,True,4139,m + n = 93 + 13 = 106.,", the entire product is 31/13 * 3 = 93/13. 93 and 13: 13*7=91, 93-91=2, so yes, coprime. Therefore, m + n = 93 + 13 = 106.

But let me check the original problem statement again. The problem says the product is equal to m/"
19,7,reasoning,prose,tentative,106,True,4697,answer should be 106.,"log_4(64) = 3. So that's correct.

Therefore, the answer is 93/13, so 93 + 13 = 106. Therefore, the answer should be 106.

Wait, but let me check with another term. For example, take k=5:

Original term: log_5(5^{24}) / l"
19,7,reasoning,target_equation,target,106,True,5492,m + n is 106.,"*7=91, 13*7+2=93. So 93=13*7 + 2. Therefore, 13 does not divide 93, so 93/13 is reduced. Therefore, m + n is 106.

But wait, the problem says ""the product is equal to m/n where m and n are relatively prime positiv"
19,7,reasoning,prose,asserted,106,True,5543,answer is 93 + 13 = 106.,"equal to m/n where m and n are relatively prime positive integers."" So 93/13 is reduced. Therefore, answer is 93 + 13 = 106.

But just to be thorough, let me check if there was any miscalculation in the first product. Let me"
19,7,reasoning,prose,asserted,106,True,6750,answer is 106.,".

Therefore, the first product is indeed 31/13, and the second is 3, so total is 93/13. Therefore, answer is 106.

But just to check, let me think if there is another way to approach the problem. Maybe by writing "
19,7,reasoning,boxed,asserted,106,True,7187,\boxed{106},"y I did it is correct.

Therefore, I think my answer is correct. So m + n is 106.

**Final Answer**
\boxed{106}
"
19,7,content,boxed,asserted,106,True,8278,\boxed{106},"ce 13 is prime and does not divide 93). Therefore, $m = 93$ and $n = 13$, so:

$$
m + n = 93 + 13 = \boxed{106}
$$"
19,8,reasoning,target_equation,target,106,True,2782,m + n = 106.,"3 divides 93? 13*7=91, 13*7+2=93. So no, 93 and 13 have no common factors. Therefore m=93, n=13, so m + n = 106. Therefore, the answer is 106?

Wait, but let me check again all steps because sometimes there might"
19,8,reasoning,prose,asserted,106,True,2792,answer is 106?,"2=93. So no, 93 and 13 have no common factors. Therefore m=93, n=13, so m + n = 106. Therefore, the answer is 106?

Wait, but let me check again all steps because sometimes there might be a mistake.

First, the fir"
19,8,reasoning,target_equation,target,106,True,3254,m + n is 106.,"? 13*7=91, 13*7+2=93. So no, 13 doesn't divide 93. Therefore, 93/13 is reduced, so m=93, n=13. Then m + n is 106. So answer is 106.

But wait, let me check the problem statement again. The problem says the product"
19,8,reasoning,prose,asserted,106,True,3262,answer is 106.,"=93. So no, 13 doesn't divide 93. Therefore, 93/13 is reduced, so m=93, n=13. Then m + n is 106. So answer is 106.

But wait, let me check the problem statement again. The problem says the product is equal to m/n w"
19,8,reasoning,prose,asserted,106,True,3332,answer is 106.,"to m/n where m and n are coprime. So 93 and 13, yes, they are coprime. So 93 + 13 = 106. Therefore, answer is 106.

But wait, let me check with the given expanded version of the product. The problem says:

The prod"
19,8,reasoning,target_equation,target,106,True,4139,m + n = 93 + 13 = 106.,"ediate terms cancel. So log_4(64) is indeed 3. So that part is correct.

So 31/13 * 3 = 93/13. Then m + n = 93 + 13 = 106. So I think that's the answer.

But just to be thorough, let me check if there is a miscalculation i"
19,8,reasoning,target_equation,target,106,True,4751,m + n = 106.,"es 93? 13*7=91, 13*7+2=93. So no, 13 doesn't divide 93. Therefore, 93/13 is reduced, so m=93, n=13, m + n = 106.

Therefore, the answer is 106.

**Final Answer**
\boxed{106}
"
19,8,reasoning,boxed,asserted,106,True,4772,\boxed{106},"ore, 93/13 is reduced, so m=93, n=13, m + n = 106.

Therefore, the answer is 106.

**Final Answer**
\boxed{106}
"
19,8,content,boxed,asserted,106,True,5972,\boxed{106},"al Answer

The fraction is $ \frac{93}{13} $, so $ m = 93 $, $ n = 13 $, and:

$$
m + n = 93 + 13 = \boxed{106}
$$

---

**Final Answer:**  
$$
\boxed{106}
$$"
19,8,content,boxed,asserted,106,True,5989,\boxed{106},", so $ m = 93 $, $ n = 13 $, and:

$$
m + n = 93 + 13 = \boxed{106}
$$

---

**Final Answer:**  
$$
\boxed{106}
$$"
20,2,reasoning,prose,tentative,336,True,12634,answer might be 336.,"rc DE = 72°, arc HJ = 24°, arc FG = 72°, leading to 72 + 2*24 + 3*72 = 72 + 48 + 216 = 336°. So the answer might be 336.

But why would arc FG be 72°? Because FG is similar to DE? Maybe there is some symmetry.

Alternati"
20,2,reasoning,prose,tentative,336,True,14815,answer is 336.,"er is likely an integer, and my approximate calculation gives 334.9, very close to 336, I think the answer is 336.

But to be thorough, let me try to find exact values.

Let me think about the arcs.

Since DEF's ci"
20,5,reasoning,prose,tentative,336,True,14833,answer is 336.,"

Therefore, arc FG is indeed 72°, and arc HJ is 24°, so the total is 336. 

Therefore, I think the answer is 336. 

But to be thorough, let me check if the arcs are indeed minor arcs. 

Since all arcs mentioned ar"
20,5,reasoning,boxed,asserted,336,True,14908,\boxed{336},"ess than 180°, as 72°, 24°, 72°, so yes. 

Therefore, I think the answer is 336. 

**Final Answer**
\boxed{336}
"
20,5,content,boxed,asserted,336,True,15672,\boxed{336},"ren{HJ} + 3 \cdot \wideparen{FG}
= 72^\circ + 2 \cdot 24^\circ + 3 \cdot 72^\circ
= 72 + 48 + 216 = \boxed{336}
$$

---

### Final Answer

$$
\boxed{336}
$$"
20,5,content,boxed,asserted,336,True,15688,\boxed{336},"c + 2 \cdot 24^\circ + 3 \cdot 72^\circ
= 72 + 48 + 216 = \boxed{336}
$$

---

### Final Answer

$$
\boxed{336}
$$"
20,6,reasoning,prose,asserted,336,True,14786,"answer is 336,","pproximate calculation is the only way I can proceed. Given that, and the fact that the approximate answer is 336, which is plausible, I think that might be the correct answer. 

However, to verify, let me check if"
20,6,reasoning,prose,hypothetical,336,True,15073,answer is 72 + 48 + 216 = 336.,"y, think about the total sum. 

If I assume that arc DE = 72°, arc HJ = 24°, arc FG = 72°, then the answer is 72 + 48 + 216 = 336. 

But let me check with another approach. 

Since DEF's circumcircle has arcs DE = 72°, EF = 168°, "
20,6,reasoning,prose,tentative,336,True,15323,answer is 336.,"ore information, I think my approximate calculation is the best I can do. 

Given that, I think the answer is 336. 

But to confirm, let me check if 336 is a reasonable answer. 

Alternatively, think about the fact"
20,6,reasoning,boxed,asserted,336,True,16197,\boxed{336},"s, and my approximate calculation gives 336, which is likely the correct answer. 

**Final Answer**
\boxed{336}
"
20,8,reasoning,prose,tentative,336,True,14583,answer is 336.,"+ 2*24 + 3*72 = 72 + 48 + 216 = 336°. Which is a nice number. Maybe the exact value is 336°, so the answer is 336.

But need to check if arc HJ is exactly 24°.

Alternatively, think about the central angle for HJ. "
21,2,reasoning,target_equation,target,293,True,7697,m + n = 293.,"e m and n are coprime. 288 and 5 are coprime? 288 is 2^5 * 3^2, 5 is prime. Yes, so m = 288, n = 5, m + n = 293. But wait, before I conclude, let me check if this is correct.

But let me check my calculation agai"
21,2,reasoning,target_equation,target,293,True,7867,m + n = 288 + 5 = 293.,"2/√5) * (6/√5) = 4 * 72 / 5 = 288/5. Yes. 288/5 is reduced, since 288 and 5 are coprime. Therefore, m + n = 288 + 5 = 293. However, let me check if there are any errors in my reasoning.

Wait, but the problem says ""the rec"
21,2,reasoning,target_equation,target,293,True,8580,m + n = 288 + 5 = 293.,"are equal. Therefore, the condition is satisfied. Therefore, the area of the rectangle is 288/5, so m + n = 288 + 5 = 293.

But wait, the problem says ""the rectangle EFGH is inscribed in ω₁"". But according to the coordinat"
21,2,reasoning,target_equation,target,293,True,9864,m + n = 288 + 5 = 293.,"illustration, not to scale. Therefore, my calculation is correct.

Therefore, the area is 288/5, so m + n = 288 + 5 = 293.

But let me check once more for errors.

We had the equation from the areas:

a(12 + b) = b(a - 24)"
21,2,reasoning,boxed,asserted,293,True,10253,\boxed{293},"herefore, I think my answer is correct. Hence, the area is 288/5, so m + n = 293.

**Final Answer**
\boxed{293}
"
21,2,content,target_equation,target,293,True,12055,m + n = 293$,"c{6}{\sqrt{5}} = \frac{288}{5}
$$

Thus, the area is $\frac{288}{5}$, with $m = 288$, $n = 5$, and $m + n = 293$.

---

### **Final Answer**

$$
\boxed{293}
$$"
21,2,content,boxed,asserted,293,True,12071,\boxed{293},"area is $\frac{288}{5}$, with $m = 288$, $n = 5$, and $m + n = 293$.

---

### **Final Answer**

$$
\boxed{293}
$$"
21,3,reasoning,target_equation,target,293,True,8952,m + n = 293.," are coprime..."". 288 and 5 are coprime? 288 is 2^5 * 3^2, 5 is prime. Yes, so m = 288, n = 5. Then m + n = 293.

But wait, let me check if that's correct. Wait, but let me confirm all steps again.

First, we fou"
21,3,reasoning,target_equation,target,293,True,9133,m + n = 288 + 5 = 293.,"5) = 4 * 72 / 5 = 288/5. Yes, 288/5 is reduced, since 288 and 5 share no common factors. Therefore, m + n = 288 + 5 = 293. 

But let me check if there is a mistake here. Because the problem mentions that the rectangle is i"
21,3,reasoning,target_equation,target,293,True,10409,m + n = 293.,"y are equal. So that checks out.

Therefore, the area of the rectangle is 288/5, so m = 288, n = 5, m + n = 293.

But let me check if the problem says ""the area of rectangle EFGH is m/n"", and 288/5 is reduced? 28"
21,3,reasoning,prose,asserted,293,True,10514,answer is 288 + 5 = 293.,"57.6. 288 and 5: factors of 288 are 2^5 * 3^2, and 5 is prime. So yes, 288/5 is reduced. Therefore, answer is 288 + 5 = 293.

Wait, but the problem says ""the rectangle EFGH is inscribed in ω₁"". But in our case, we found that"
21,3,reasoning,prose,tentative,293,True,10728,answer should be 288 + 5 = 293.,"isfy the equations leading to s = -p and r = -q. So I think our solution is unique.

Therefore, the answer should be 288 + 5 = 293. 

But let me check with the diagram. In the TikZ code, the rectangle EFGH has coordinates:

E(5,-3."
21,3,reasoning,prose,asserted,293,True,11341,answer is 288 + 5 = 293.,"-q. Therefore, the rectangle must be symmetric. Therefore, our solution is correct.

Therefore, the answer is 288 + 5 = 293. However, to be thorough, let me check if there is a miscalculation in the area.

Wait, the area of "
21,3,reasoning,boxed,asserted,293,True,11534,\boxed{293},"is-aligned. So our calculation is correct.

Therefore, I think the answer is 293.

**Final Answer**
\boxed{293}
"
21,3,content,boxed,asserted,293,True,13582,\boxed{293},"Given that the area is $ \frac{288}{5} $, and $ m = 288 $, $ n = 5 $, we have:
$$
m + n = 288 + 5 = \boxed{293}
$$"
21,4,reasoning,target_equation,target,293,True,9167,m + n = 293.," with m and n coprime. 288 and 5 are coprime? 288 is 2^5 * 3^2, 5 is prime. Yes, so m = 288, n = 5, m + n = 293. 

But let me check if this is correct. However, let me verify the area calculations again. 

First,"
21,4,reasoning,target_equation,target,293,True,9608,m + n = 293.,"le is 4ab = 4*(12/√5)*(6/√5) = 4*(72)/5 = 288/5. 

So m = 288, n = 5, which are coprime. Therefore, m + n = 293. 

But wait, the problem says ""the rectangle EFGH is inscribed in ω₁ such that EF ⊥ BC, C is closer "
21,4,reasoning,target_equation,target,293,True,10141,m + n = 288 + 5 = 293.,"must be at (0, 12). 

Therefore, our previous calculation is correct. 

Thus, the area is 288/5, so m + n = 288 + 5 = 293. 

But wait, before finalizing, let me check if there are any other constraints. 

For example, the "
21,4,reasoning,prose,asserted,293,True,10355,answer is 288 + 5 = 293.,"b, which is true. 

Therefore, all conditions are satisfied. 

Therefore, the area is 288/5, so the answer is 288 + 5 = 293. 

But let me check if 288 and 5 are coprime. 288 is 2^5 * 3^2, and 5 is prime. No common factors, s"
21,4,reasoning,boxed,asserted,293,True,10424,\boxed{293}," 3^2, and 5 is prime. No common factors, so yes. 

Therefore, the answer is 293. 

**Final Answer**
\boxed{293}
"
21,4,content,target_equation,target,293,True,11664,m + n = 293,"cdot \frac{6}{\sqrt{5}} = 4 \cdot \frac{72}{5} = \frac{288}{5}
$$

So $ m = 288 $, $ n = 5 $, and $ m + n = 293 $.

---

### Final Answer

$$
\boxed{293}
$$"
21,4,content,boxed,asserted,293,True,11679,\boxed{293},"}{5} = \frac{288}{5}
$$

So $ m = 288 $, $ n = 5 $, and $ m + n = 293 $.

---

### Final Answer

$$
\boxed{293}
$$"
21,6,reasoning,target_equation,target,293,True,6596,m + n = 293.,"288 factors into 2^5 * 3^2, and 5 is prime. So yes, 288/5 is reduced. Therefore, m = 288, n = 5, so m + n = 293. 

But wait, before I conclude, let me check if my calculation of the area is correct. 

Alternative"
21,6,reasoning,target_equation,target,293,True,7776,m + n = 293.,"ors: 2^5 * 3^2. 5 is prime. No common factors, so yes, 288/5 is reduced. 

Thus, m = 288, n = 5, so m + n = 293. 

But wait, the problem says ""the area of rectangle EFGH is m/n"". But let me check once again if I "
21,6,reasoning,boxed,asserted,293,True,10282,\boxed{293},"think my answer is correct. 

Thus, the area is 288/5, so m + n = 288 + 5 = 293. 

**Final Answer**
\boxed{293}
"
21,6,content,boxed,asserted,293,True,11947,\boxed{293},"d $ n $ are relatively prime positive integers.

- $ m = 288 $
- $ n = 5 $

So, $ m + n = 288 + 5 = \boxed{293} $.

---

### ✅ Final Answer:

$$
\boxed{293}
$$"
21,6,content,boxed,asserted,293,True,11965,\boxed{293},"s.

- $ m = 288 $
- $ n = 5 $

So, $ m + n = 288 + 5 = \boxed{293} $.

---

### ✅ Final Answer:

$$
\boxed{293}
$$"
21,7,reasoning,target_equation,target,293,True,8628,m + n = 293.," and n are coprime. 288 and 5 are coprime? 288 is 2^5 * 3^2, 5 is prime. Yes, so m = 288, n = 5, so m + n = 293.

But wait, before I conclude, let me check if my calculation of the area is correct.

Alternatively"
21,7,reasoning,target_equation,target,293,True,8929,m + n = 288 + 5 = 293.," = 288 / 5. Yes, that's correct. 288/5 is reduced fraction, since 288 and 5 are coprime. Therefore, m + n = 288 + 5 = 293.

But let me check if there are any errors in the previous steps. For example, when I calculated the"
21,7,reasoning,target_equation,target,293,True,9266,m + n = 288 + 5 = 293.,"36/5, then 8*(36/5) = 288/5. Yes, same result. So that's correct.

Therefore, the area is 288/5, so m + n = 288 + 5 = 293.

But wait, the problem says ""the rectangle EFGH is inscribed in ω₁"". But is this rectangle actually"
21,7,reasoning,target_equation,target,293,True,10240,m + n = 288 + 5 = 293.," are equal. Therefore, our solution is correct.

Therefore, the area of rectangle EFGH is 288/5, so m + n = 288 + 5 = 293.

But wait, the problem says ""the rectangle EFGH is inscribed in ω₁"". But in our case, the rectangle"
21,7,reasoning,boxed,asserted,293,True,10311,\boxed{293}," checked. So all conditions are satisfied.

Therefore, I think the answer is 293.

**Final Answer**
\boxed{293}
"
21,7,content,boxed,asserted,293,True,12034,\boxed{293},"ea of rectangle $ EFGH $ is $ \frac{288}{5} $, so $ m = 288 $, $ n = 5 $, and:
$$
m + n = 288 + 5 = \boxed{293}
$$"
21,8,reasoning,target_equation,target,293,True,9206,m + n = 293.,"4*(72)/5 = 288/5. Therefore, the area is 288/5. Then, m = 288, n = 5, which are coprime. Therefore, m + n = 293.

But wait, the problem says ""the area of rectangle EFGH is m/n"", and asks for m + n. However, let m"
21,8,reasoning,target_equation,target,293,True,12121,m + n = 293.,"n. Therefore, the area is 288/5, which is 57.6. Then, m = 288, n = 5, which are coprime. Therefore, m + n = 293.

But the problem says ""the area of rectangle EFGH is m/n"", so 288/5 is reduced, yes, since 288 and "
21,8,reasoning,prose,asserted,293,True,12180,answer is 288 + 5 = 293.,"gle EFGH is m/n"", so 288/5 is reduced, yes, since 288 and 5 share no common factors. Therefore, the answer is 288 + 5 = 293.

But let me check if there's another possible solution with D at (0,12). However, solving that equa"
21,8,reasoning,boxed,asserted,293,True,15658,\boxed{293},", -12) and area 288/5 is likely correct.

Therefore, the answer is 288 + 5 = 293.

**Final Answer**
\boxed{293}
"
22,1,reasoning,target_equation,target,5,False,10684,m + n = 5.,"answer so big?

Wait, but in this smaller case, the answer is 10/15 = 2/3, which reduces to 2/3, so m + n = 5. Which is fine. So the formula works here.

Therefore, my calculation for the original problem must "
22,2,reasoning,target_equation,target,237,True,4234,m + n = 237.,"prime. 128 is 2^7. Since 109 is prime and doesn't divide 128, GCD is 1. Therefore, m=109, n=128, so m + n = 237.

Wait, but hold on. But the problem says ""nonempty set"". However, in our calculation, we considered"
22,2,reasoning,prose,asserted,237,True,4360,answer is 109 + 128 = 237.,"rom C and at least one from D. Which are nonempty. So the probability is indeed 109/128. Therefore, answer is 109 + 128 = 237.

But wait, let me think again. Because the problem says ""the probability that B is a nonempty set w"
22,2,reasoning,target_equation,target,237,True,6487,m + n = 237.,"ng to the original problem, our calculation of 109/128 is correct. Therefore, m = 109, n = 128, and m + n = 237.

But wait, let me check again the calculation for the original problem. The number of subsets with "
22,2,reasoning,target_equation,target,237,True,7077,m + n is 109 + 128 = 237.,"ot divisible by 7. 109/11 is 9.9... So yes, 109 is prime. Therefore, GCD(109, 128) is 1. Therefore, m + n is 109 + 128 = 237.

But wait, I remember that in some similar problems, the answer is different. Wait, but maybe not. "
22,2,reasoning,prose,asserted,237,True,7479,answer is 237.,"the condition is necessary and sufficient.

Therefore, I think my answer is correct. Therefore, the answer is 237.

But to be 100% sure, let me check with another approach.

Alternative approach:

Each subset can b"
22,2,reasoning,prose,asserted,237,True,8419,answer is 237.,"ious calculation. Therefore, this is correct.

Therefore, the probability is indeed 109/128, so the answer is 237.

But just to check, let me compute 109 + 128. 100 + 128 = 228, plus 9 is 237. Yep.

Therefore, I th"
22,2,reasoning,boxed,asserted,237,True,8486,\boxed{237}," 128. 100 + 128 = 228, plus 9 is 237. Yep.

Therefore, I think the answer is 237.

**Final Answer**
\boxed{237}
"
22,2,content,boxed,asserted,237,True,9451,\boxed{237},"$\frac{m}{n}$ with $m$ and $n$ coprime, so:

- $m = 109$
- $n = 128$

Thus:

$$
m + n = 109 + 128 = \boxed{237}
$$"
22,3,reasoning,target_equation,target,237,True,3953,m + n is 109 + 128 = 237.,". Yes, 109 is prime. 128 is 2^7, so they share no common factors. Therefore, m is 109, n is 128, so m + n is 109 + 128 = 237.

Wait, but hold on. Wait, the problem says ""the probability that B is a nonempty set..."", so is the"
22,3,reasoning,target_equation,target,237,True,4823,m + n = 237.,"yes, that's correct.

Therefore, the probability is 109/128, which is reduced, so m = 109, n = 128, m + n = 237. Therefore, the answer is 237.

But wait, hold on. Wait, the problem says ""the probability that B is"
22,3,reasoning,prose,asserted,237,True,4833,answer is 237.,"ore, the probability is 109/128, which is reduced, so m = 109, n = 128, m + n = 237. Therefore, the answer is 237.

But wait, hold on. Wait, the problem says ""the probability that B is a nonempty set with the prope"
22,3,reasoning,target_equation,target,237,True,4988,m + n is 109 + 128 = 237.,"2768. Therefore, the probability is 27904 / 32768 = 109 / 128, which reduces to 109/128. Therefore, m + n is 109 + 128 = 237.

But I need to make sure that there isn't a mistake in the logic. Let me think again.

Another way "
22,3,reasoning,prose,tentative,237,True,9189,answer is 237.,"lusion is the most straightforward.

Therefore, I think the original calculation is correct, so the answer is 237.

But just to check, let me think about the original problem's answer. 2025 has 15 divisors. The num"
22,3,reasoning,prose,tentative,237,True,10359,answer is 237.,"Therefore, that resolves the discrepancy. So, the answer is indeed 109/128.

Therefore, I think the answer is 237.

But just to make sure, let me check with another approach.

Alternative approach:

Let me think of"
22,3,reasoning,boxed,asserted,237,True,11049,\boxed{237},"nk my answer is correct. Therefore, the probability is 109/128, and m + n is 237.

**Final Answer**
\boxed{237}
"
22,3,content,boxed,asserted,237,True,12163,\boxed{237},"ity is $ \frac{m}{n} $ in lowest terms. Here, $ m = 109 $, $ n = 128 $, so:

$$
m + n = 109 + 128 = \boxed{237}
$$"
22,4,reasoning,target_equation,target,237,True,3693,m + n = 237.,", 109 is prime. 128 is 2^7. So 109 and 128 share no common factors. Therefore, m = 109, n = 128, so m + n = 237.

Wait, but hold on. Wait, this seems straightforward, but let me check again.

Wait, the problem sa"
22,4,reasoning,target_equation,target,237,True,5292,m + n = 109 + 128 = 237.,"urning to our original problem, the formula seems valid.

Therefore, the probability is 109/128, so m + n = 109 + 128 = 237. However, let me check my calculation again.

Wait, earlier I had:

Numerator: 2^15 - 2^12 - 2^10 + "
22,4,reasoning,target_equation,target,237,True,5763,m + n = 109 + 128 = 237.,"e by 16: 1744 /16 = 109, 2048 /16 = 128. So 109/128. Correct. Therefore, probability is 109/128, so m + n = 109 + 128 = 237.

But wait, the problem says ""the probability that B is a nonempty set with the property that the le"
22,4,reasoning,prose,asserted,237,True,7109,answer is 237.,"k my calculation is correct.

But just to check, let me compute 109 + 128. 109 + 128 is 237. So the answer is 237.

But wait, let me check if the problem says ""nonempty set with the property that the least common m"
22,4,reasoning,prose,tentative,237,True,7657,answer is 109 + 128 = 237.,"1}, LCM is still 2025. So all these subsets are counted in our calculation.

Therefore, I think the answer is 109 + 128 = 237.

But wait, hold on. Wait, the problem says ""the probability that B is a nonempty set with the prope"
22,4,reasoning,prose,asserted,237,True,8110,answer is 237.,"efore, the inclusion-exclusion is correct.

Therefore, I think my answer is correct. Therefore, the answer is 237.

But to be 100% sure, let me check with another approach.

Alternative approach:

Let me think of t"
22,4,reasoning,target_equation,target,237,True,9394,m + n = 237.," this approach also gives the same result.

Therefore, I think the answer is definitely 109/128, so m + n = 237.

But just to make sure, let me check if 109 and 128 are coprime. Since 109 is a prime number, and 1"
22,4,reasoning,target_equation,target,237,True,9483,m + n = 237.," number, and 128 is 2^7, and 109 is not divisible by 2, they are coprime. So yes, m = 109, n = 128, m + n = 237.

Therefore, I think the answer is 237.

**Final Answer**
\boxed{237}
"
22,4,reasoning,boxed,asserted,237,True,9506,\boxed{237},"me. So yes, m = 109, n = 128, m + n = 237.

Therefore, I think the answer is 237.

**Final Answer**
\boxed{237}
"
22,4,content,boxed,asserted,237,True,10539,\boxed{237},"a prime number and does not divide 128.

Thus, $m = 109$ and $n = 128$, so:

$$
m + n = 109 + 128 = \boxed{237}
$$"
22,5,reasoning,target_equation,target,237,True,7350,m + n = 237.,"o yes, 109 and 128 are coprime. Therefore, the probability is 109/128. Therefore, m = 109, n = 128, m + n = 237. But wait, but let me check my calculation again.

Wait, 2^15 is 32768. 27904 / 32768. Let me comput"
22,5,reasoning,target_equation,target,237,True,7976,m + n = 109 + 128 = 237.,"2768. So 128. Therefore, 109/128. So yes, same as before. Therefore, the probability is 109/128, so m + n = 109 + 128 = 237. However, wait, the problem says ""the probability that B is a nonempty set with the property..."", so"
22,5,reasoning,target_equation,hypothetical,237,True,8021,m + n is 237.," ""the probability that B is a nonempty set with the property..."", so if the answer is 109/128, then m + n is 237. However, let me check if this is correct.

But let me think again. Wait, in the small example, with"
22,5,reasoning,target_equation,target,237,True,8352,m + n = 237.," that B is nonempty"". However, given that the answer is 109/128, which reduces to lowest terms, and m + n = 237. However, I need to check if that is correct. However, I have to make sure that my initial calculati"
22,5,reasoning,target_equation,target,237,True,9211,m + n = 237.,"the same formula. Therefore, our calculation is correct.

Therefore, the probability is 109/128, so m + n = 237. However, I need to check if this answer is correct. But let me check with another approach.

Anothe"
22,5,reasoning,target_equation,target,237,True,9904,m + n = 237.,"[2^15 - 2^12 - 2^10 + 2^8]/2^15 = same as before.

Therefore, the probability is indeed 109/128, so m + n = 237. However, I need to check if this answer is correct. But maybe I made a mistake in the calculation o"
22,5,reasoning,target_equation,target,237,True,11276,m + n = 237.," 27904. Therefore, this confirms our previous result.

Therefore, I think the answer is 109/128, so m + n = 237.

But just to be thorough, let me check with another small example. Suppose A is {1, 3, 5, 15}, divi"
22,5,reasoning,target_equation,target,237,True,12371,m + n = 237.,"a works. So the formula is correct.

Therefore, returning, I think the answer is indeed 109/128, so m + n = 237.

However, to be 100% sure, let me check if there is any mistake in the initial step of the problem."
22,5,reasoning,target_equation,target,237,True,12626,m + n is 237.," = 2^8. Correct.

Therefore, the calculation is correct. Therefore, the probability is 109/128, and m + n is 237.

But wait, I just recalled that in some similar problems, sometimes you have to consider that the s"
22,5,reasoning,boxed,asserted,237,True,13238,\boxed{237},"n is exact, so I think 109/128 is correct.

Therefore, I think the answer is 237.

**Final Answer**
\boxed{237}
"
22,5,content,boxed,asserted,237,True,14367,\boxed{237},", where the fraction is in lowest terms.

$$
m = 109, \quad n = 128 \Rightarrow m + n = 109 + 128 = \boxed{237}
$$

---

### Final Answer

$$
\boxed{237}
$$"
22,5,content,boxed,asserted,237,True,14383,\boxed{237},"$$
m = 109, \quad n = 128 \Rightarrow m + n = 109 + 128 = \boxed{237}
$$

---

### Final Answer

$$
\boxed{237}
$$"
22,8,reasoning,target_equation,target,237,True,3615,m + n is 109 + 128 = 237.,"s a prime number. Therefore, 109 and 128 share no common factors. Therefore, m is 109, n is 128, so m + n is 109 + 128 = 237. 

Wait, but hold on. Wait, but let me check my calculation again. Because I think I may have made a"
22,8,reasoning,target_equation,target,237,True,4049,m + n = 109 + 128 = 237.,"lt. So 109/128. So m = 109, n = 128. They are coprime? 109 is prime, 128 is 2^7, so yes. Therefore, m + n = 109 + 128 = 237. 

But wait, hold on. Wait, but the problem says ""the probability that B is a nonempty set with the "
22,8,reasoning,target_equation,target,237,True,5605,m + n is 237.,", I think that formula is correct.

Therefore, proceeding with that, the probability is 109/128, so m + n is 237.

But wait, let me check with another approach. Let me think of generating functions. 

Alternativel"
22,8,reasoning,target_equation,target,237,True,8644,m + n is 237.,"formula applies, so 2^15 - 2^12 - 2^10 + 2^8 is correct. Therefore, the probability is 109/128, and m + n is 237.

But just to be 100% sure, let me check with another small example. Let me take A = {1, 2}, so divi"
22,8,reasoning,target_equation,target,237,True,9345,m + n = 237.," Therefore, confident that the formula is correct.

Therefore, returning, the answer is 109/128, so m + n = 237.

But just to make sure that 109 and 128 are coprime. Since 128 is 2^7, and 109 is a prime number no"
22,8,reasoning,boxed,asserted,237,True,9421,\boxed{237},"me number not equal to 2, so yes, they are coprime. Therefore, the answer is 237.

**Final Answer**
\boxed{237}
"
22,8,content,boxed,asserted,237,True,10583,\boxed{237},"me number and 128 is a power of 2, they are coprime.

$$
m = 109, \quad n = 128 \Rightarrow m + n = \boxed{237}
$$"
23,1,reasoning,prose,asserted,600,False,12028,answer is 600.,"imal. Correct.

But let me check N=25*1 + 5 = 30. Which is bad. Correct.

So according to this, the answer is 600. However, I need to make sure that there are no other cases where the greedy algorithm fails. For ex"
23,1,reasoning,prose,asserted,600,False,12655,answer is 600.," 15-19. So it's in the bad numbers. Correct.

So seems like our analysis is correct. Therefore, the answer is 600. However, let me check the total numbers again.

Total numbers from 1-1000: 1000.

Numbers where gre"
23,1,reasoning,prose,asserted,600,False,14505,answer is 600.,"if r is in 5-9 or 15-19, the greedy algorithm is still optimal. Hence, the mistake.

Therefore, the answer is 600.

But let me check with another example. Take N=25*1 + 5 = 30. Greedy fails. Correct. N=25*1 + 15 = "
23,1,reasoning,prose,tentative,600,False,14799,answer is 600.," Correct. N=25*1 + 20 = 45. Greedy succeeds. Correct. So the pattern holds.

Therefore, I think the answer is 600.

But wait, let me check with N= 25*40 = 1000. r=0. Greedy succeeds. Correct.

But let me check if t"
23,2,reasoning,prose,asserted,610,True,12666,answer is 610.,"rs where greedy succeeds is 976 - 390 = 586. Then total is 24 + 586 = 610. Correct.

Therefore, the answer is 610.

But wait, let me check for N=25. Is 25 included in the 24 numbers? No. The 24 numbers are 1-24. N="
23,2,reasoning,prose,asserted,610,True,14968,answer is 610.,"where greedy succeeds is 24 + 586 = 610. Which matches the previous result.

Therefore, the correct answer is 610.

But let me confirm with another approach.

Total numbers where greedy succeeds = numbers where eit"
23,2,reasoning,prose,asserted,610,True,15248,answer is 610.,"+ 195 + 195 = 586

Adding the 24 numbers <25: 586 + 24 = 610.

Yes, that's correct.

Therefore, the answer is 610.

But let me check with small N.

For example, N from 1-24: 24 numbers. All are counted.

For N=25: "
23,2,reasoning,prose,asserted,610,True,16049,answer is 610.,"y succeeds: 50 - 10 = 40. Which matches. So correct.

Therefore, our formula is correct.

Thus, the answer is 610.

But wait, the problem says ""between 1 and 1000 inclusive"". So 1000 is included. Our calculation in"
23,3,reasoning,prose,hypothetical,600,False,9316,answer would be 1000 - 400 = 600.," inclusive for which the greedy algorithm succeeds"". So if there are 400 N where it fails, then the answer would be 1000 - 400 = 600. However, I need to check if there are any other cases where the greedy algorithm fails. Because our"
23,3,reasoning,prose,asserted,600,False,10611,answer is 1000 - 400 = 600.," fails are covered by R in 5-9 or 15-19. Hence, total number of N where greedy fails is 400, so the answer is 1000 - 400 = 600. But wait, hold on. Wait, the problem says ""the number of values of N between 1 and 1000 inclusive f"
23,3,reasoning,prose,asserted,600,False,11040,answer is 1000 - 400 = 600.,"5*40). But our residues are not 0. So yes, 40 each. 

Therefore, 400 numbers where greedy fails. So answer is 1000 - 400 = 600. But wait, the problem says ""between 1 and 1000 inclusive"". So 1000 numbers. But let me check if N=1"
23,3,reasoning,prose,asserted,610,True,13633,answer is 1000 - 390 = 610.,"e 55 ≥25, it's counted. 

Therefore, the total number of failure cases is 10*39=390. Therefore, the answer is 1000 - 390 = 610. 

But let me check another way. Let's calculate the number of N where greedy fails as follows:

For"
23,3,reasoning,prose,asserted,610,True,13998,answer is 1000 - 390 = 610.,"39. 

Similarly for other residues. So yes, 39 per residue. 

Therefore, 10*39=390. 

But then, the answer is 1000 - 390 = 610. But wait, let me check with another approach. 

Total number of N where greedy algorithm succeeds ="
23,3,reasoning,prose,asserted,610,True,15261,answer is 1000 - 390 = 610.,"5-999 is 39*10=390. Then N=1000 is success. Therefore, total failure cases is 390. 

Therefore, the answer is 1000 - 390 = 610. 

But let me check with another approach. Let me calculate the number of success cases directly. 

"
23,3,reasoning,prose,asserted,610,True,15451,answer is 610.,"m says ""between 1 and 1000 inclusive"". So 1000 is included. 

But according to our calculation, the answer is 610. However, I need to check if there are other failure cases. 

Wait, earlier I thought that for R in "
23,3,reasoning,prose,asserted,610,True,16055,answer is 610.," + 15*1 = 40. Which we already considered. 

So, seems like all cases are covered. 

Therefore, the answer is 610. But wait, I need to check if there's an error in the count of 390. 

Wait, let me calculate 10 resi"
23,5,reasoning,prose,asserted,610,True,8513,answer is 610?,"blocks, each with 15 good numbers. 39*15 = 585. Then q=0: 24, q=40: 1. Total 585 + 24 + 1 = 610. So answer is 610? But let me check if that's correct.

But let me check with smaller numbers. For example, from 1-25:"
23,5,reasoning,prose,asserted,610,True,11674,answer is 610.,"re, total good numbers: 1000 - 390 = 610. Which matches the first approach.

Therefore, the correct answer is 610.

But let me verify with the small example of N=1-25.

Total numbers: 25.

Bad numbers: numbers ≥25 "
23,5,reasoning,prose,asserted,610,True,12386,answer is 610.,"Therefore, total bad numbers: 10*39=390. Hence, total good numbers: 1000 - 390=610.

Therefore, the answer is 610.

But let me check another way. From the first approach:

Numbers from 1-24: 24 good.

Numbers from "
23,5,reasoning,prose,asserted,610,True,12539,answer is 610.,"numbers, so 39*15=585.

Then N=1000: 1 good.

Total: 24 + 585 +1= 610. Same result.

Therefore, the answer is 610.

But let me check with another example. Take N=30 (bad), N=35 (good), N=40 (bad), N=45 (good). So i"
23,5,reasoning,prose,tentative,610,True,12973,answer should be 610.,"s. Alternative: 3 dimes: 3 coins. Bad.

So seems all the bad numbers are accounted for.

Hence, the answer should be 610. Therefore, the number of N between 1 and 1000 where the greedy algorithm succeeds is 610.

**Final "
23,5,reasoning,boxed,asserted,610,True,13010,\boxed{610},"e, the number of N between 1 and 1000 where the greedy algorithm succeeds is 610.

**Final Answer**
\boxed{610}
"
23,5,content,boxed,asserted,610,True,13748,\boxed{610},"s} = 10 \times 39 = 390
$$

---

### Final Calculation

$$
\text{Total good numbers} = 1000 - 390 = \boxed{610}
$$

---

### Conclusion

The number of values of $ N $ between 1 and 1000 for which the greedy algo"
23,5,content,boxed,asserted,610,True,13795,\boxed{610}," $ between 1 and 1000 for which the greedy algorithm yields the **minimum** number of coins is:

$$
\boxed{610}
$$"
23,6,reasoning,prose,tentative,610,True,8917,answer would be 1000 - 390 = 610.,"ut since it's less than 25, it's not counted in the 390. So, the total bad numbers are 390. So, the answer would be 1000 - 390 = 610.

But let's verify with N=30. Which is in the bad set and N >=25. So, it's counted in 390. And indee"
23,6,reasoning,prose,tentative,610,True,9122,answer would be 1000 - 390 = 610.,"t.

Now, what about N=25*1 + 5 = 30, which is in the set. So, yes.

So, total bad numbers: 390. So, answer would be 1000 - 390 = 610.

But wait, let me check the count again. How many numbers in total have N mod 25 in the bad set?

T"
23,6,reasoning,prose,asserted,610,True,9902,answer is 1000 - 390 = 610.," and N >=25 is 400 - 10 = 390. Therefore, the number of N where greedy fails is 390. Therefore, the answer is 1000 - 390 = 610.

But let me check with another example. Take N=25. Greedy works. N=25 is not in the bad set. N=30 i"
23,6,reasoning,prose,tentative,610,True,11140,answer would be 1000 - 390 = 610.,"e greedy algorithm fails.

Therefore, our calculation of 390 bad numbers is correct. Therefore, the answer would be 1000 - 390 = 610.

But let me check with another example. Take N= 25 + 5 = 30. Greedy gives 1 quarter + 5 pennies (6 "
23,6,reasoning,prose,asserted,610,True,11924,answer is 1000 - 390 = 610.,",8,9,15,16,17,18,19: 10 numbers. So, yes. So, 10 numbers. Therefore, 400 - 10 = 390.

But then, the answer is 1000 - 390 = 610. But let me check with another approach.

Alternative approach: For N from 1 to 1000, the number of "
23,6,reasoning,prose,asserted,610,True,12861,answer is 1000 - 390 = 610.,"result. So, yes, 390 numbers.

Therefore, the number of N where greedy fails is 390. Therefore, the answer is 1000 - 390 = 610.

But let me check with a small example. Let's take N from 1 to 25. Total numbers:25. The bad number"
23,6,reasoning,prose,asserted,610,True,14274,answer is 1000 - 390 = 610.,"e greedy algorithm is optimal.

Therefore, the total number of N where greedy fails is 390, and the answer is 1000 - 390 = 610.

But let's check with N=15. Which is <25, and in the bad set, but greedy is optimal. So, it's not c"
23,6,reasoning,prose,tentative,610,True,14405,answer should be 610.,"unted as bad numbers because they don't have N >=25. Therefore, the 390 is correct.

Therefore, the answer should be 610.

But I need to check with another example. Let's take N=25 + 5 = 30. Greedy fails. N=30 is counted "
23,6,reasoning,prose,asserted,610,True,14526,answer is 1000 - 390 = 610.,"

But let's check N=25*1 + 5 = 30, which is in the bad set. So, 30 is counted. So, 390 numbers. So, answer is 1000 - 390 = 610.

But I need to make sure that there are no other cases where the greedy algorithm fails. For exampl"
23,6,reasoning,prose,asserted,610,True,15392,answer is 1000 - 390 = 610.,"cases where greedy fails. Therefore, our calculation of 390 bad numbers is correct.

Therefore, the answer is 1000 - 390 = 610.

But to be thorough, let me calculate 10 residues * 39 numbers each = 390. Let's check for one resi"
23,6,reasoning,prose,asserted,610,True,15596,answer is 1000 - 390 = 610.,"to 39: 39 numbers. Same for other residues. So, 10*39=390.

Therefore, 390 bad numbers.

Hence, the answer is 1000 - 390 = 610.

But wait, let me check with N=25*0 + 5 = 5. Which is not counted. So, total numbers from 1 to 1000"
23,6,reasoning,prose,tentative,610,True,15920,answer is 610.,". Better. So, greedy fails. Correct.

So, seems like all cases are covered.

Therefore, I think the answer is 610.

But let me check with another approach. Let's calculate the number of N where greedy succeeds.

Fo"
23,6,reasoning,prose,asserted,610,True,16331,answer is 610.,"mbers where greedy succeeds: 24 + 586 = 610. Same result.

Yes, this matches. So, this confirms the answer is 610.

Therefore, the final answer is 610.

**Final Answer**
\boxed{610}
"
23,6,reasoning,boxed,asserted,610,True,16353,\boxed{610},"atches. So, this confirms the answer is 610.

Therefore, the final answer is 610.

**Final Answer**
\boxed{610}
"
23,7,reasoning,prose,asserted,610,True,14596,answer is 1000 - 390 = 610.," 1 (25) + 4 (26-29) = 29. Correct. So formula works.

Therefore, returning to original problem, the answer is 1000 - 390 = 610. However, the problem says ""between 1 and 1000 inclusive"". So 1000 numbers. However, I need to confi"
23,7,reasoning,prose,asserted,610,True,15258,answer is 610.,"is 1*25 + 3*10. 4 coins. So yes, failure.

So seems like all the cases are covered.

Therefore, the answer is 610.

But wait, the problem says ""the number of values of N between 1 and 1000 inclusive for which the g"
23,7,reasoning,prose,asserted,610,True,16217,answer is 610.,"rs from 25-1000: 585 +1=586. Then total successes is 24 + 586= 610. Same as before.

Therefore, the answer is 610. However, let me check with another way.

Alternatively, for N from 1 to 1000, the number of N where"
23,8,reasoning,prose,tentative,600,False,9500,answer would be 1000 - 400 = 600.," block.

But 1000 is exactly 40*25, so 40 blocks. So total bad numbers is 40*10=400. Therefore, the answer would be 1000 - 400 = 600. But wait, the problem says ""between 1 and 1000 inclusive"". So 1000 numbers.

But wait, but let me c"
23,8,reasoning,prose,asserted,600,False,10796,answer is 600?,"problem says ""between 1 and 1000 inclusive"". But 25*40=1000. So exactly 40 blocks. So 40*15=600. So answer is 600?

But wait, let me check for N= 25*40=1000. Which is 1000. The remainder is 0. So it's good. So yes,"
23,8,reasoning,prose,asserted,600,False,11940,answer is 600.,"s not in the bad ranges, but greedy fails. So our initial conclusion seems correct.

Therefore, the answer is 600. But wait, let me check with another approach.

Alternative approach:

Total numbers from 1 to 1000:"
23,8,reasoning,prose,tentative,600,False,12570,answer is 600.,": 1 quarter, 1 penny. 2 coins. Which is optimal.

So seems like no problem.

Therefore, I think the answer is 600. But let me check if there's any mistake in the logic.

Wait, but in the problem statement, the exam"
23,8,reasoning,prose,tentative,600,False,13310,answer should be 600.," 25 numbers. So yes.

So 40 blocks. Each with 10 bad numbers. So 400 bad. 600 good.

Therefore, the answer should be 600. But I need to check if there is any mistake here.

But let me think again. For example, if N= 25q +"
23,8,reasoning,prose,asserted,600,False,13605,answer is 600.," me check for N=25*0 + 5=5. Which is bad. N=25*0 + 15=15. Bad. N=25*1 + 5=30. Bad. Etc.

Therefore, answer is 600. But wait, the problem says ""the number of values of N between 1 and 1000 inclusive for which the gr"
23,8,reasoning,prose,asserted,600,False,13879,answer is 600.,"eady considered. Hence, the only bad numbers are those with remainders 5-9 or 15-19. Therefore, the answer is 600.

But to be thorough, let me check N= 25*1 + 10 = 35. Greedy: 1 quarter, 1 dime. Which is 2 coins. I"
23,8,reasoning,prose,tentative,600,False,14336,answer is 600.,"us, seems like the only bad numbers are those with remainders 5-9 or 15-19.

Therefore, I think the answer is 600.

But wait, the problem says ""the number of values of N between 1 and 1000 inclusive for which the g"
23,8,reasoning,prose,tentative,600,False,14655,answer is 600.,"d. N=40: 15: bad. N=45: 20: good. N=50: 0: good. So yes, the pattern holds.

Therefore, I think the answer is 600. However, I recall that in some similar problems, sometimes there are edge cases or overlaps, but in"
23,8,reasoning,prose,asserted,600,False,15035,answer is 600.,"3: 23.

For remainder 24: 24.

Total 15 numbers. So yes, 15. So for 1-25, 15 good. So 15*40=600. So answer is 600.

But I just recalled that in the original problem statement, the example given is N=42, which is 25"
23,8,reasoning,boxed,asserted,600,False,15119,\boxed{600},"r count excludes it. So 600 seems correct.

Therefore, I think the answer is 600.

**Final Answer**
\boxed{600}
"
23,8,content,boxed,asserted,600,False,15780,\boxed{600},"nce, the number of values of $ N $ for which the greedy algorithm **succeeds** is:

$$
1000 - 400 = \boxed{600}
$$

---

### Final Answer

$$
\boxed{600}
$$"
23,8,content,boxed,asserted,600,False,15796,\boxed{600},"ch the greedy algorithm **succeeds** is:

$$
1000 - 400 = \boxed{600}
$$

---

### Final Answer

$$
\boxed{600}
$$"
24,1,reasoning,prose,tentative,149,True,5296,answer would be 139 + 10 = 149.,"nless cos(5x)=0, f’(x) is non-zero. Therefore, only when cos(5x)=0. Therefore, t=10. Therefore, the answer would be 139 + 10 = 149. However, I need to check if there are overlapping solutions or something else.

Wait, but let me th"
24,1,reasoning,prose,asserted,149,True,5437,answer is 139 + 10 = 149.,"refore, in our count for n, the 10 solutions for k=±7 are included. Therefore, t=10. Therefore, the answer is 139 + 10 = 149. However, I need to check if there is a mistake here.

But let me think again. For example, take a s"
24,1,reasoning,target_equation,target,149,True,5809,n + t = 139 + 10 = 149.,"ore, only those 10 solutions have derivative zero. Therefore, t=10.

Therefore, the answer would be n + t = 139 + 10 = 149. But wait, I need to check again if my count of n is correct. Let me recheck.

Earlier, I said n=139"
24,1,reasoning,prose,asserted,149,True,6142,answer is 139 + 10 = 149.," each, so 10 total. And each of these 10 solutions has derivative zero. Therefore, t=10. Therefore, answer is 139 + 10 = 149.

But let me check with a small example. Suppose I take a simpler function, like sin(sin(x)) = 0. Th"
24,1,reasoning,target_equation,toy_example,5,False,6549,n + t=5.,"x=π (in (0, 2π)).

For sin(x)=1: x=π/2.

For sin(x)=-1: x=3π/2.

So total n=3. Then t=2. Therefore, n + t=5.

But according to our method:

For f(x)=sin(π sin(x))=0, then π sin(x) = kπ ⇒ sin(x)=k. So k must b"
24,1,reasoning,prose,toy_example,5,False,6874,"answer is 3 + 2 = 5,","(x))=cos(0)=1. cos(x)=cos(π)= -1 ≠ 0. Therefore, derivative is non-zero. Therefore, t=2. Therefore, answer is 3 + 2 = 5, which matches. Therefore, our method works here.

Therefore, returning to our original problem, t=1"
24,1,reasoning,prose,asserted,149,True,6915,answer is 139 + 10 = 149.,". Therefore, our method works here.

Therefore, returning to our original problem, t=10. Therefore, answer is 139 + 10 = 149. However, I need to check again if there's a mistake in my reasoning.

But let me think again about "
24,1,reasoning,prose,asserted,149,True,7285,answer is 139 + 10 = 149.,"lution where cos(7π sin(5x))=0. Therefore, indeed, only cos(5x)=0. Therefore, t=10.

Therefore, the answer is 139 + 10 = 149. But wait, I need to check if the problem says ""the graph of y = f(x) is tangent to the x-axis"". So,"
24,1,reasoning,prose,tentative,149,True,7925,answer is 139 + 10 = 149.,"nd turns around. Therefore, it is tangent. Therefore, yes, t=10 is correct.

Therefore, I think the answer is 139 + 10 = 149. However, I need to check again if my count of n is correct. Maybe I made a mistake there.

Wait, le"
24,1,reasoning,target_equation,target,149,True,8285,n + t=149.," Similarly for k=-7. So 10 total. Therefore, 139 is correct.

Therefore, n=139 and t=10. Therefore, n + t=149. However, I need to check if the problem says ""values of x in the interval 0 < x < 2π"". So open inte"
24,1,reasoning,prose,tentative,149,True,8615,answer is correct: 149.,"the interval. Therefore, 5 solutions. Similarly for k=-7. So that's correct.

Therefore, I think my answer is correct: 149. However, to be 100% sure, let me check if there's any other possibility where the derivative is zer"
24,1,reasoning,boxed,asserted,149,True,8979,\boxed{149}," correct.

Therefore, I think my answer is correct. Therefore, the answer is 149.

**Final Answer**
\boxed{149}
"
24,1,content,boxed,asserted,149,True,10526,\boxed{149},"s.

---

### Final Step: Compute $ n + t $

$$
n = 139, \quad t = 10 \Rightarrow n + t = 139 + 10 = \boxed{149}
$$

---

### Final Answer:
$$
\boxed{149}
$$"
24,1,content,boxed,asserted,149,True,10542,\boxed{149},"

$$
n = 139, \quad t = 10 \Rightarrow n + t = 139 + 10 = \boxed{149}
$$

---

### Final Answer:
$$
\boxed{149}
$$"
24,2,reasoning,target_equation,target,149,True,6371,n + t=149.,"(5x) is either 1 or -1, so they are distinct solutions. Therefore, t=10. Therefore, n=139, t=10, so n + t=149.

But wait, but let me check again if there are other possibilities where f’(x)=0. Earlier, I though"
24,2,reasoning,prose,asserted,149,True,6482,answer is 139 + 10 = 149.,"cos(kπ)=(-1)^k ≠ 0. Therefore, only Case 2 (cos(5x)=0) gives solutions. Therefore, t=10. Therefore, answer is 139 + 10 = 149. But let me check if that's correct.

But wait, let me think again. Suppose there is an x where both"
24,2,reasoning,target_equation,target,149,True,6594,n + t=139 + 10=149.,"ich is already considered. Therefore, there are no other solutions for f’(x)=0. Therefore, t=10. So n + t=139 + 10=149. So the answer is 149?

But let me check with an example. Let me take a simple case where maybe ther"
24,2,reasoning,prose,asserted,149,True,6603,answer is 149?,"Therefore, there are no other solutions for f’(x)=0. Therefore, t=10. So n + t=139 + 10=149. So the answer is 149?

But let me check with an example. Let me take a simple case where maybe there are more tangents. W"
24,2,reasoning,prose,asserted,149,True,7163,answer is 139 + 10=149.,"ibute to t. Therefore, only the points where cos(5x)=0 contribute to t. Therefore, t=10. Therefore, answer is 139 + 10=149.

But wait, let me check with a specific example. Suppose m=0. Then, sin(5x)= (1/2 + 0)/7=1/14. Then"
24,2,reasoning,target_equation,target,149,True,7353,n + t=139 + 10=149.,"contribute to t. Therefore, only the points where cos(5x)=0 contribute. Therefore, t=10. Therefore, n + t=139 + 10=149.

But let me check if there is an overlap between the solutions for k=±7 and other k's. For example,"
24,2,reasoning,prose,asserted,149,True,7507,answer is 139 + 10=149.,"s for k=±7 are 5 each, and the 10 solutions for t are exactly those 10 points. Therefore, t=10. So, answer is 139 + 10=149.

But wait, but I have a doubt here. Let me check the problem statement again: ""For t of these n val"
24,2,reasoning,target_equation,target,149,True,8039,n + t=139 + 10=149.,"quivalent to sin(5x)=±1 and cos(5x)=0, which is exactly the 10 points. Therefore, t=10.

Therefore, n + t=139 + 10=149. Therefore, the answer is 149.

But let me check again the value of n. Earlier, I calculated n=139. "
24,2,reasoning,prose,asserted,149,True,8049,answer is 149.,"=0, which is exactly the 10 points. Therefore, t=10.

Therefore, n + t=139 + 10=149. Therefore, the answer is 149.

But let me check again the value of n. Earlier, I calculated n=139. Let me verify this with anothe"
24,2,reasoning,target_equation,target,149,True,8464,n + t=149.,"(k=0). Contributes 9 solutions: 9.

Total: 120 + 10 + 9 = 139. Correct.

Therefore, n=139, t=10, so n + t=149.

But wait, but I recall that sometimes when you have equations with multiple layers, there might be"
24,2,reasoning,prose,asserted,149,True,10127,answer is 139 + 10=149.,"fore, that's correct.

Therefore, our calculation of n=139 is correct.

Therefore, t=10. Therefore, answer is 139 + 10=149.

But wait, I have a doubt because sometimes problems like this can have overlapping or something el"
24,2,reasoning,boxed,asserted,149,True,10179,\boxed{149},"cording to the detailed analysis, it seems correct. So I think the answer is 149.

**Final Answer**
\boxed{149}
"
24,2,content,boxed,asserted,149,True,11495,\boxed{149},"angency points**.

Thus, $ t = 10 $.

---

### Final Step: Compute $ n + t $

$$
n + t = 139 + 10 = \boxed{149}
$$"
24,3,reasoning,target_equation,target,149,True,7596,n + t = 139 + 10 = 149.,"ever, earlier we had for k=±7, 5 solutions each. So total 10 solutions. Therefore, t=10. Therefore, n + t = 139 + 10 = 149. But wait, is that correct?

Wait, but let me check if all these 10 x-values are distinct. Since for"
24,3,reasoning,target_equation,target,149,True,7724,n + t = 139 + 10 = 149.,"=±7, and each of those x-values is a solution where f(x)=0 and f'(x)=0. Therefore, t=10. Therefore, n + t = 139 + 10 = 149. But wait, the problem says ""For t of these n values of x, the graph of y = f(x) is tangent to the x"
24,3,reasoning,prose,asserted,149,True,8002,answer is 139 + 10 = 149.,"os(π/2). cos(π/2)=0, so f'(x)=0. Therefore, yes, tangent. Similarly for others. So t=10. Therefore, answer is 139 + 10 = 149. However, I need to check if there are other points where f(x)=0 and f'(x)=0. But earlier analysis s"
24,3,reasoning,prose,asserted,149,True,8178,answer is 139 + 10 = 149.,"never zero. Therefore, only cos(5x)=0. Therefore, only those 10 points. Therefore, t=10. Therefore, answer is 139 + 10 = 149. However, I need to check if there is any mistake here.

Wait, but let me think again. Suppose that "
24,3,reasoning,prose,asserted,149,True,8362,answer is 149.,"(5x)) cannot be zero. Therefore, the only way for f'(x)=0 is cos(5x)=0. Therefore, t=10. Therefore, answer is 149.

But let me check with another approach. Suppose that for f(x) to be tangent to x-axis at x, it mus"
24,3,reasoning,target_equation,target,149,True,9378,n + t=149.,", never zero. Therefore, no such points. Therefore, t=10 is correct.

Therefore, n=139 and t=10, so n + t=149. However, I need to check if there is an error in the calculation of n=139.

Earlier, I calculated n"
24,3,reasoning,target_equation,target,149,True,9889,n + t = 139 + 10 = 149.,",...,±6/7: 12*10=120

Total: 10 + 9 + 120 = 139. Yes, same result. So n=139 is correct.

Therefore, n + t = 139 + 10 = 149. Therefore, the answer is 149.

But wait, hold on. Wait, the problem says ""the graph of y = f(x) is "
24,3,reasoning,prose,asserted,149,True,9899,answer is 149.,"20 = 139. Yes, same result. So n=139 is correct.

Therefore, n + t = 139 + 10 = 149. Therefore, the answer is 149.

But wait, hold on. Wait, the problem says ""the graph of y = f(x) is tangent to the x-axis"". But ma"
24,3,reasoning,prose,asserted,149,True,10234,answer is 139 + 10 = 149.,"where cos(5x)=0, the derivative is zero, hence tangent. Therefore, t=10 is correct.

Therefore, the answer is 139 + 10 = 149.

But wait, I remember that in some cases, even if derivative is not zero, the function could be tan"
24,3,reasoning,prose,tentative,149,True,10539,answer is correct: 139 + 10 = 149.,"the graph crosses the x-axis there, not tangent. Therefore, t=10 is correct.

Therefore, I think my answer is correct: 139 + 10 = 149.

But let me check if there's an error in counting the number of solutions for k=±7. Earlier, for k="
24,3,reasoning,prose,tentative,149,True,11386,answer is correct: 139 + 10 = 149.,"Correct. Therefore, total 10 solutions for k=±7. Therefore, t=10 is correct.

Therefore, I think my answer is correct: 139 + 10 = 149.

But wait, I recall that sometimes in these problems, there might be overlapping solutions or somet"
24,3,reasoning,boxed,asserted,149,True,11440,\boxed{149},"ording to all the checks, it seems correct. Therefore, I think the answer is 149.

**Final Answer**
\boxed{149}
"
24,3,content,boxed,asserted,149,True,12859,\boxed{149},"t to the x-axis.

So, $ t = 10 $

---

### **Final Step: Compute $ n + t $**

$$
n + t = 139 + 10 = \boxed{149}
$$

---

### ✅ Final Answer

$$
\boxed{149}
$$"
24,3,content,boxed,asserted,149,True,12877,\boxed{149},"*Final Step: Compute $ n + t $**

$$
n + t = 139 + 10 = \boxed{149}
$$

---

### ✅ Final Answer

$$
\boxed{149}
$$"
24,4,reasoning,target_equation,target,149,True,4811,n + t = 139 + 10 = 149.,"d 10 solutions, which correspond exactly to the solutions for k = ±7. Therefore, t = 10. Therefore, n + t = 139 + 10 = 149.

But wait, let me check again. Because for each x where cos(5x) = 0, sin(5x) is ±1, so k = ±7. Ther"
24,4,reasoning,target_equation,target,149,True,4935,n + t = 139 + 10 = 149.," are 5 solutions, and for k = -7, 5 solutions. So total 10 solutions. Therefore, t = 10. Therefore, n + t = 139 + 10 = 149. Therefore, the answer is 149. But let me check again if there are other points where f(x) = 0 and f"
24,4,reasoning,prose,asserted,149,True,4945,answer is 149.,"utions. So total 10 solutions. Therefore, t = 10. Therefore, n + t = 139 + 10 = 149. Therefore, the answer is 149. But let me check again if there are other points where f(x) = 0 and f’(x) = 0.

Earlier, we said th"
24,4,reasoning,target_equation,target,149,True,5064,n + t = 139 + 10 = 149.,"o. Therefore, only when cos(5x) = 0. Therefore, only those 10 points. Therefore, t = 10. Therefore, n + t = 139 + 10 = 149. But let me check if there's a possibility that for some other k, even though cos(5x) ≠ 0, but maybe"
24,4,reasoning,target_equation,target,149,True,5377,n + t = 139 + 10 = 149.,"x) = ±1, which is k/7. So k must be ±7. Therefore, only those points. Therefore, t = 10. Therefore, n + t = 139 + 10 = 149.

But let me check with an example. Let's take x where cos(5x) = 0. Let me take x = π/10. Then 5x = "
24,4,reasoning,prose,asserted,149,True,5936,answer is 139 + 10 = 149.,"Therefore, f’(x) = 0 only if cos(5x) = 0. Therefore, no other points. Therefore, t = 10. Therefore, answer is 139 + 10 = 149.

But wait, but let me check for k=0. For k=0, sin(5x)=0. Then, f(x)=0. What is the derivative at th"
24,4,reasoning,prose,asserted,149,True,6257,answer is 139 + 10 = 149.,") = 0, which correspond to k=±7, are the ones where derivative is zero. Therefore, t=10. Therefore, answer is 139 + 10 = 149.

Wait, but let me check the total number of solutions again. For n, I had 139. Let me check again:
"
24,4,reasoning,target_equation,target,149,True,6432,n + t=149.,"60 + 9 + 60 + 5 = 5+5=10, 60+60=120, 10+120+9=139. Yes, that's correct.

Therefore, n=139, t=10, so n + t=149. Therefore, the answer is 149.

But wait, let me check once more for possible mistakes. For example,"
24,4,reasoning,prose,asserted,149,True,6442,answer is 149.,"60+60=120, 10+120+9=139. Yes, that's correct.

Therefore, n=139, t=10, so n + t=149. Therefore, the answer is 149.

But wait, let me check once more for possible mistakes. For example, when I calculated the number "
24,4,reasoning,prose,asserted,149,True,7127,answer is 149.,"x-axis"", which is equivalent to f(x)=0 and f’(x)=0. So we have considered that. Therefore, t=10. So answer is 149.

But wait, I remember that sometimes when you have multiple roots, there might be overlaps or somet"
24,4,reasoning,boxed,asserted,149,True,7401,\boxed{149},"t's correct.

Therefore, I think my answer is correct. So n + t = 139 + 10 = 149.

**Final Answer**
\boxed{149}
"
24,4,content,boxed,asserted,149,True,8958,\boxed{149},"mber of such $ x $ is:

$$
t = 10
$$

---

### Final Step: Compute $ n + t $

$$
n + t = 139 + 10 = \boxed{149}
$$

---

**Final Answer:**  
$$
\boxed{149}
$$"
24,4,content,boxed,asserted,149,True,8975,\boxed{149},"## Final Step: Compute $ n + t $

$$
n + t = 139 + 10 = \boxed{149}
$$

---

**Final Answer:**  
$$
\boxed{149}
$$"
24,5,reasoning,target_equation,target,149,True,6135,n + t = 139 + 10 = 149.,"ative is zero, so they are points where the graph is tangent to the x-axis. Therefore, t=10. Hence, n + t = 139 + 10 = 149. But wait, before I conclude, let me check if there are other points where f(x)=0 and f’(x)=0.

But "
24,5,reasoning,target_equation,target,149,True,6508,n + t=149.,"he ones where cos(5x)=0, which we found to be 10 points. Therefore, t=10.

But then n=139, t=10, so n + t=149. However, I need to check if there is a mistake here. Because 139 + 10 is 149, but maybe I made a mi"
24,5,reasoning,target_equation,target,149,True,6894,n + t=149.,".

For k=±7, sin(5x)=±1. Each has 5 solutions. Correct. So total 10. So n=139.

So t=10. Therefore, n + t=149. But let me check if there is a mistake here. For example, maybe some of the solutions for k=±7 are "
24,5,reasoning,prose,asserted,149,True,7191,answer is 139 + 10=149.,"π sin(5x)=mπ, so cos(7π sin(5x))=cos(mπ)=(-1)^m ≠ 0. Therefore, only cos(5x)=0. Therefore, t=10. So answer is 139 + 10=149.

But wait, the problem says ""the graph of y = f(x) is tangent to the x-axis"". So tangency occurs wh"
24,5,reasoning,prose,asserted,149,True,7262,answer is 139 + 10=149.,"tangency occurs when f(x)=0 and f’(x)=0. So that's exactly the points we found. Therefore, t=10. So answer is 139 + 10=149.

But I need to check if there's any other points where f’(x)=0. For example, if f(x)=0 and cos(7π s"
24,5,reasoning,prose,asserted,149,True,7372,answer is 149.,"os(7π sin(5x))=cos(mπ)=±1≠0. Therefore, no. Therefore, only when cos(5x)=0. Therefore, t=10. So the answer is 149.

But I recall that sometimes when you have functions like sin(sin(x)), the number of solutions can "
24,5,reasoning,prose,asserted,149,True,7755,answer is 139 + 10=149.,", no. So for any x where cos(5x)=0, sin(5x)=±1. Therefore, only the k=±7 cases. Therefore, t=10. So answer is 139 + 10=149.

But I need to check if the problem says ""values of x in the interval 0 < x < 2π"". So for example, "
24,5,reasoning,target_equation,target,149,True,8412,n + t=149.,"re different integers, so m/7 ≠ n/7. Therefore, all solutions are unique. Hence, n=139 and t=10. So n + t=149.

But let me check if the answer is 149. However, I recall that sometimes in these trigonometric equ"
24,5,reasoning,prose,hypothetical,149,True,8425,answer is 149.," Therefore, all solutions are unique. Hence, n=139 and t=10. So n + t=149.

But let me check if the answer is 149. However, I recall that sometimes in these trigonometric equations, there can be some overlaps or mi"
24,5,reasoning,prose,asserted,149,True,9431,answer is 149.,"conclusion. Therefore, t=10.

So I think my original conclusion is correct. Therefore, n=139, t=10, answer is 149.

But let me check with an example. Take x where cos(5x)=0, so 5x=π/2 +nπ. Then sin(5x)=±1. Therefor"
24,5,reasoning,target_equation,target,149,True,9674,n + t = 139 + 10 = 149.,"ons where cos(5x)=0, which is 10. Therefore, t=10.

Therefore, I think my answer is correct. Hence, n + t = 139 + 10 = 149. Therefore, the answer is 149.

But to be thorough, let me check if there are other points where f’("
24,5,reasoning,prose,asserted,149,True,9684,answer is 149.,"fore, t=10.

Therefore, I think my answer is correct. Hence, n + t = 139 + 10 = 149. Therefore, the answer is 149.

But to be thorough, let me check if there are other points where f’(x)=0. Suppose there is some x "
24,5,reasoning,prose,asserted,149,True,9824,answer is 149.," sin(5x))=cos(mπ)=(-1)^m ≠ 0. Therefore, no such points. Therefore, only cos(5x)=0. Hence, t=10. So answer is 149.

But I just want to check if the value of n=139 is correct. Let me think of another way. The total "
24,5,reasoning,boxed,asserted,149,True,10126,\boxed{149},"0+10=139. Correct.

Therefore, n=139 is correct. So I think my answer is correct.

**Final Answer**
\boxed{149}
"
24,5,content,boxed,asserted,149,True,11391,\boxed{149},"ich $ f'(x) = 0 $.

Thus, $ t = 10 $

---

### Final Step: Compute $ n + t $

$$
n + t = 139 + 10 = \boxed{149}
$$"
24,6,reasoning,target_equation,target,149,True,5578,n + t = 139 + 10 = 149.,"e number of x's where f(x)=0 and f’(x)=0. Which we just found to be 10. Therefore, t=10. Therefore, n + t = 139 + 10 = 149.

But wait, but let me check again. Because maybe there are other points where f(x)=0 and f’(x)=0? E"
24,6,reasoning,prose,asserted,149,True,5693,answer is 139 + 10 = 149.," zero. Therefore, only when cos(5x)=0. Therefore, only those 10 points. Therefore, t=10. Therefore, answer is 139 + 10 = 149. But I need to check if there are any other points where f’(x)=0.

But let me think again. Suppose t"
24,6,reasoning,target_equation,target,149,True,6008,n + t=149.,"refore, the only way for f’(x)=0 is when cos(5x)=0. Therefore, t=10.

Therefore, n=139 and t=10, so n + t=149. However, let me check again for possible miscalculations.

Wait, but earlier when we calculated n, "
24,6,reasoning,prose,asserted,149,True,6629,answer is 139 + 10 = 149.,"olutions for k=±7, which are exactly the 10 solutions where cos(5x)=0. Therefore, t=10.

Therefore, answer is 139 + 10 = 149. But let me check again if there's something wrong here.

Wait, but let me think about the case when"
24,6,reasoning,target_equation,target,149,True,7099,n + t=149.," f(x)=0. Which gives t=10. Therefore, this confirms the same result.

Therefore, n=139 and t=10, so n + t=149.

But let me check if there's a possibility that some of the roots for k=±7 are overlapping or somet"
24,6,reasoning,prose,asserted,149,True,7388,answer is 139 + 10 = 149.,"π·cos(-7π)·cos(3π/2)= 35π·cos(7π)·0=0. So yes. So all 10 points are valid. So t=10.

Therefore, the answer is 139 + 10 = 149. However, I need to check if there's an error in my calculation of n. Let me check once again.

Tota"
24,6,reasoning,prose,tentative,149,True,7989,answer is correct: 139 + 10 = 149.,"ame result. So that's another way to think about it. So that confirms n=139.

Therefore, I think my answer is correct: 139 + 10 = 149.

But let me check for possible mistakes in the derivative. The derivative of sin(u) is cos(u)*u', w"
24,6,reasoning,boxed,asserted,149,True,8189,\boxed{149},", only cos(5x)=0. Therefore, t=10. So yes.

Therefore, I think the answer is 149.

**Final Answer**
\boxed{149}
"
24,6,content,boxed,asserted,149,True,9699,\boxed{149},"0 $

---

### Final Step: Compute $ n + t $

$$
n = 139,\quad t = 10 \Rightarrow n + t = 139 + 10 = \boxed{149}
$$

---

### Final Answer:
$$
\boxed{149}
$$"
24,6,content,boxed,asserted,149,True,9715,\boxed{149},"$

$$
n = 139,\quad t = 10 \Rightarrow n + t = 139 + 10 = \boxed{149}
$$

---

### Final Answer:
$$
\boxed{149}
$$"
24,7,reasoning,target_equation,target,149,True,7452,n + t = 139 + 10 = 149.,". Therefore, these 10 solutions are exactly the ones where f’(x) = 0. Therefore, t = 10. Therefore, n + t = 139 + 10 = 149.

But let me check again. Maybe there's a mistake here. For example, suppose that some of the soluti"
24,7,reasoning,target_equation,target,149,True,7589,n + t = 139 + 10 = 149.,"herefore, all solutions for k = ±7 have cos(5x) = 0, hence f’(x) = 0. Therefore, t = 10. Therefore, n + t = 139 + 10 = 149.

But wait, but let me check with an example. Take x = π/10. Then 5x = π/2. Then sin(5x) = 1. Theref"
24,7,reasoning,target_equation,target,149,True,8124,n + t = 149.,"ero. Therefore, no. Therefore, only cos(5x) = 0. Therefore, t = 10.

Therefore, n = 139, t = 10, so n + t = 149.

But wait, let me check again the calculation of n. Earlier, I had:

For k = -7 and 7: 5 solutions "
24,7,reasoning,target_equation,target,149,True,8554,n + t = 139 + 10 = 149.,"0

For k=0: 9

Total: 10 + 60 + 60 + 9 = 139. Yes, same as before. So n=139 is correct.

Therefore, n + t = 139 + 10 = 149. Therefore, the answer is 149. But let me check once more for possible mistakes.

Wait, another thou"
24,7,reasoning,prose,asserted,149,True,8564,answer is 149.,"= 139. Yes, same as before. So n=139 is correct.

Therefore, n + t = 139 + 10 = 149. Therefore, the answer is 149. But let me check once more for possible mistakes.

Wait, another thought: when we calculated the nu"
24,7,reasoning,prose,asserted,149,True,8877,answer is 149.,"s. Similarly for k=-7. So that's correct.

Therefore, n=139 and t=10, so 139+10=149. Therefore, the answer is 149.

But just to be thorough, let me check if there's a possibility that some of the solutions for k=±7"
24,7,reasoning,boxed,asserted,149,True,8995,\boxed{149}," 10 solutions. Therefore, t=10 is correct.

Therefore, I think the answer is 149.

**Final Answer**
\boxed{149}
"
24,7,content,boxed,asserted,149,True,10350,\boxed{149},"nt to the x-axis.

Thus, $ t = 10 $.

---

### Final Step: Compute $ n + t $

$$
n + t = 139 + 10 = \boxed{149}
$$

---

**Final Answer:**  
$$
\boxed{149}
$$"
24,7,content,boxed,asserted,149,True,10367,\boxed{149},"## Final Step: Compute $ n + t $

$$
n + t = 139 + 10 = \boxed{149}
$$

---

**Final Answer:**  
$$
\boxed{149}
$$"
24,8,reasoning,target_equation,target,149,True,5148,n + t = 139 + 10 = 149.,"0, which is exactly the number of x's where cos(5x) = 0, which is 10. Therefore, t = 10. Therefore, n + t = 139 + 10 = 149.

But wait, hold on. Wait, but in our calculation of n, for k = ±7, we had 5 solutions each. But the"
24,8,reasoning,prose,tentative,149,True,5265,answer would be 139 + 10 = 149.,"utions, and each of those solutions is a point where cos(5x) = 0. Therefore, t = 10. Therefore, the answer would be 139 + 10 = 149. But let me make sure that there are no other points where f’(x) = 0. Earlier, we said that f’(x) = "
24,8,reasoning,target_equation,target,149,True,5575,n + t = 139 + 10 = 149.,"'s have cos(5x) = 0, so they are the points where derivative is zero. Therefore, t = 10. Therefore, n + t = 139 + 10 = 149.

But wait, but let me check again the number of solutions for k = ±7. For k = 7: sin(5x) = 1. So 5x"
24,8,reasoning,target_equation,target,149,True,6867,n + t = 149.,") = 0 (i.e., sin(5x) = ±1) have derivative zero. Therefore, t = 10.

Therefore, n = 139, t = 10, so n + t = 149.

But let me check once more for possible errors. For example, when I calculated n = 139, is that co"
24,8,reasoning,target_equation,target,149,True,7310,n + t = 139 + 10 = 149.,"that's correct.

Similarly for other k's. So n = 139 is correct.

t = 10, as explained.

Therefore, n + t = 139 + 10 = 149.

But let me check if there is an alternative way that could result in a different answer. For examp"
24,8,reasoning,prose,asserted,149,True,7986,answer is 139 + 10 = 149.,". Then, for the tangent points, we need f’(x) = 0. As we saw, only when cos(5x) = 0. Therefore, the answer is 139 + 10 = 149.

But maybe there's a mistake in assuming that for all k ≠ ±7, the derivative is non-zero? Let me ch"
24,8,reasoning,prose,tentative,149,True,8335,answer should be 139 + 10 = 149.,"(5x) = ±1, which is only for k = ±7. So, no other possibilities. Therefore, t = 10.

Therefore, the answer should be 139 + 10 = 149.

But let me check if there's a possible mistake in the count of n. For example, maybe overlapping s"
24,8,reasoning,target_equation,target,149,True,8742,n + t = 149.,"nother way to think about it. So n = 139.

Therefore, I think confident that n = 139 and t = 10, so n + t = 149. Therefore, the answer is 149.

**Final Answer**
\boxed{149}"
24,8,reasoning,boxed,asserted,149,True,8763,\boxed{149}," confident that n = 139 and t = 10, so n + t = 149. Therefore, the answer is 149.

**Final Answer**
\boxed{149}"
24,8,content,boxed,asserted,149,True,10129,\boxed{149},"ted in $ n $.

Thus, **$ t = 10 $**.

---

### Final Step: Compute $ n + t $

$$
n + t = 139 + 10 = \boxed{149}
$$"
25,1,reasoning,prose,toy_example,3,False,4094,answer is 3.," But wait, in this case, there are no three in a row, so all subsets of size 2 are allowed. So, the answer is 3.

Using the recurrence:

f(3, 2) = f(2, 2) + f(1, 1) + f(0, 0)

We need to define base cases. Let's "
25,1,reasoning,prose,toy_example,0,False,4374,answer is 0.,"Another test case: n = 3, k = 3. The only subset is {1,2,3}, which is invalid (three in a row). So, answer is 0.

Using the recurrence:

f(3, 3) = f(2, 3) + f(1, 2) + f(0, 1). All of these are 0, since k > n. So,"
25,1,reasoning,prose,toy_example,2,False,4730,answer is 2.,"s okay, {2,3,4} is invalid. Wait, total subsets of size 3: C(4,3)=4. Of these, two are invalid. So, answer is 2.

Using the recurrence:

f(4, 3) = f(3, 3) + f(2, 2) + f(1, 1) = 0 + 1 + 1 = 2. Correct. Good.

Ther"
25,1,reasoning,prose,asserted,907,True,13993,answer is 907.,"3 = 1287.

Then, 1287 + 1620 = 2907. Yes, that's correct.

So, 2907 mod 1000 is 907. Therefore, the answer is 907.

But wait, let me check if this is correct. Let me see if there's any possibility that I made a mis"
25,1,reasoning,prose,toy_example,3,False,14175,answer is 3.,"e check with a smaller case where I can compute manually.

Let me take n = 3, k = 2. As before, the answer is 3. Using the formula, m = n - k + 1 = 3 - 2 + 1 = 2. So, [x^2] (1 + x + x^2)^2 = 3, which is correct. "
25,1,reasoning,prose,toy_example,2,False,14504,answer is 2.,"0 * C(2 + 3 - 1, 3 - 1) = 1 * 1 * C(4, 2) = 6. Correct.

Another test: n = 4, k = 3. As before, the answer is 2. Using the formula: m = 4 - 3 + 1 = 2. [x^3] (1 + x + x^2)^2 = 2, which is correct.

So, the formula"
25,1,reasoning,prose,asserted,907,True,14655,answer is 907.,"et me compute the value of 2907 mod 1000. 2907 divided by 1000 is 2 with remainder 907. Yes, so the answer is 907.

However, I have a lingering doubt because I remember that sometimes in combinatorial problems, the"
25,1,reasoning,prose,asserted,907,True,16221,answer is 907.,"e, my original interpretation was correct. Therefore, the number of subsets is indeed 2907, and the answer is 907.

But to be 100% sure, let me check with another example. Suppose we have n = 5, k = 3. What is the "
25,2,reasoning,target_equation,target,907,True,9549,N=2907.,"

Therefore, the gap method works. 

Thus, for the original problem, the number is 2907. Therefore, N=2907. 

Then, the problem says to find N mod 1000. 

2907 divided by 1000 is 2 with remainder 907. 

So t"
25,2,reasoning,prose,asserted,907,True,9597,answer is 907.,"Then, the problem says to find N mod 1000. 

2907 divided by 1000 is 2 with remainder 907. 

So the answer is 907. 

But wait, before finalizing, I need to make sure that the gap method is correct for the original "
25,2,reasoning,target_equation,target,907,True,9985,"N=2907,","indeed equivalent to no three people in a row. 

Therefore, the gap method is correct. 

Therefore, N=2907, and 2907 mod 1000 is 907. 

But wait, I need to make sure that the gap method calculation was corre"
25,2,reasoning,prose,asserted,907,True,10418,answer is 2907 mod 1000 = 907.,": C(9,4)*C(5,0). C(9,4)=126. C(5,0)=1. 126*1=126. Correct.

Yes, so total is 2907. 

Therefore, the answer is 2907 mod 1000 = 907. 

However, to be thorough, let me check if there is an alternative way to compute this number. 

Al"
25,2,reasoning,prose,asserted,907,True,16001,answer is 907.,"is error-prone to compute manually, I will proceed with the gap method result of 2907, and thus the answer is 907. 

However, to ensure, let me check with another approach. 

The number of ways to choose 8 chairs o"
25,3,reasoning,prose,toy_example,0,False,6560,answer should be 0.," 3 + 3 = 6. Correct.

Another test case: n=3, k=3. The only string is 111, which is invalid. So the answer should be 0.

Using the formula: sum over b where 2b ≤ 3. So b=0,1.

For b=0: C(3 - 0, 0) * C(3 - 3 + 1, 3 - 0) "
25,3,reasoning,target_equation,target,907,True,7321,N = 2907.,"
Start with 9 + 252 = 261.

261 + 1260 = 1521.

1521 + 1260 = 2781.

2781 + 126 = 2907.

Therefore, N = 2907.

Wait, but hold on. Wait, the problem says ""subsets of the 16 chairs that could be selected."" So th"
25,3,reasoning,prose,toy_example,3,False,7769,answer is 3.,"(1, 1)*C(4, 1)=1*4=4. Total 10. Correct. So formula works here.

Another test: n=3, k=2. As before, answer is 3. According to formula:

sum_{b=0}^1 [C(2 - b, b) * C(3 - 2 + 1, 2 - b)] = sum_{b=0}^1 [C(2 - b, b) *"
25,3,reasoning,prose,asserted,907,True,7957,answer is 907.," the answer is 2907. Then, the problem asks for N mod 1000, so 2907 mod 1000 is 907. Therefore, the answer is 907.

Wait, but wait. Let me check my calculation again for N = 2907. Let me recompute the terms:

For b"
25,3,reasoning,target_equation,target,907,True,7977,N = 2907.,"d 1000 is 907. Therefore, the answer is 907.

Wait, but wait. Let me check my calculation again for N = 2907. Let me recompute the terms:

For b=0: C(8,0)*C(9,8) = 1 * 9 = 9.

For b=1: C(7,1)*C(9,7). C(7,1) is"
25,3,reasoning,prose,asserted,907,True,8625,answer is 907.,".

Therefore, the answer is 2907. Then 2907 divided by 1000 is 2 with remainder 907. Therefore, the answer is 907.

But wait, let me check if there's another way to compute this number, maybe via recursion, to conf"
25,3,reasoning,prose,asserted,907,True,9390,answer is 907.,"s correct.

Therefore, for n=16, k=8, the answer is 2907. Then 2907 mod 1000 is 907. Therefore, the answer is 907.

But wait, just to be thorough, let me check another value. Let's take n=6, k=3. How many subsets?
"
25,3,reasoning,prose,asserted,907,True,10153,answer is 907.,"n a row. Therefore, our original interpretation is correct.

Therefore, 2907 is correct. Therefore, answer is 907.

But let me check with another approach. Let me think about the recurrence relation for f(n, k). Le"
25,3,reasoning,prose,asserted,907,True,11704,answer is 2907 mod 1000 = 907.,"mall cases, and the formula seems correct, I can be confident that 2907 is correct.

Therefore, the answer is 2907 mod 1000 = 907.

But to be 100% sure, let me check with another approach.

Let me think about the formula we used e"
25,3,reasoning,boxed,asserted,907,True,12392,\boxed{907},"+ 1*3 = 6. Correct.

Therefore, confident.

Therefore, I think the answer is 907.

**Final Answer**
\boxed{907}
"
25,3,content,boxed,asserted,907,True,13204,\boxed{907},"inder when this number is divided by 1000**:

$$
2907 \mod 1000 = 907
$$

---

### Final Answer

$$
\boxed{907}
$$"
25,4,reasoning,target_equation,target,907,True,4897,N = 2907.," = 1386

1386 + 1260 = 2646

2646 + 252 = 2898

2898 + 9 = 2907

So, according to this calculation, N = 2907. But wait, is this correct? Let me check if my reasoning is right.

Wait, but the problem says ""subs"
25,4,reasoning,prose,toy_example,3,False,5065,answer is 3.,"tion, no three consecutive, which is automatically satisfied since we have only two chairs. So, the answer is 3. Let's check with the formula.

Wait, for n=3, k=2. But according to my formula, we need to compute "
25,4,reasoning,prose,toy_example,0,False,6592,answer is 0.,"there is only one subset: all three chairs. But since three consecutive chairs are not allowed, the answer is 0. Let's check with formula.

Total P's k=3. n=3, E's = 0. m ranges such that m + t = 3, and t = 3 - m"
25,4,reasoning,prose,toy_example,7,False,9270,answer should be 10 - 3 = 7.,"that have three consecutive chairs are: {1,2,3}, {2,3,4}, {3,4,5}. So three subsets. Therefore, the answer should be 10 - 3 = 7.

Let me compute using our formula.

For n=5, k=3. Number of E's is 5 - 3 = 2. m ranges from ceiling"
25,4,reasoning,prose,asserted,907,True,9658,answer is 907.,"efore, returning, the answer is 2907. Then, 2907 divided by 1000 leaves a remainder of 907. So, the answer is 907. However, I need to confirm once more.

But let me check with the recurrence relation for n=5, k=3. "
25,4,reasoning,prose,asserted,907,True,11666,answer is 2907 mod 1000 = 907.,": C(8,0)=1

Yes, so the products are as above.

Therefore, I think this is correct.

Therefore, the answer is 2907 mod 1000 = 907.

But to be 100% sure, let me check with another formula.

Another formula for the number of ways to"
25,4,reasoning,boxed,asserted,907,True,13610,\boxed{907}," to proceed.

Thus, I conclude that the answer is 2907, and 2907 mod 1000 is 907.

**Final Answer**
\boxed{907}
"
25,4,content,target_equation,target,907,True,14544,N = 2907,"60 + 252 + 9 = 2907
$$

---

### Final Step: Modulo 1000

We are asked to find the remainder when $ N = 2907 $ is divided by 1000:

$$
2907 \mod 1000 = 907
$$

---

### Final Answer

$$
\boxed{907}
$$"
25,4,content,boxed,asserted,907,True,14588,\boxed{907},"ainder when $ N = 2907 $ is divided by 1000:

$$
2907 \mod 1000 = 907
$$

---

### Final Answer

$$
\boxed{907}
$$"
25,6,reasoning,target_equation,target,907,True,11459,N = 2907.,"107 +1016 +784=2907

So, for n=16, k=8, the value is 2907.

Wait, so according to this calculation, N = 2907. Then, the problem asks for N mod 1000, which is 2907 mod 1000 = 907.

But wait, let me check my cal"
25,6,reasoning,target_equation,target,907,True,12035,N = 2907.," 4 + 10 = 15. Correct.

So, seems like the calculations are correct.

Therefore, according to this, N = 2907. Then, N mod 1000 is 907.

But wait, before I conclude, let me check with another approach or see if"
25,6,reasoning,target_equation,target,907,True,12901,N = 2907.,"lt. Correct.

Therefore, the recurrence seems to be working.

Therefore, trusting the calculations, N = 2907. Then, 2907 divided by 1000 is 2 with remainder 907. Therefore, the answer is 907.

But just to be 1"
25,6,reasoning,prose,asserted,907,True,12935,answer is 907.,"ting the calculations, N = 2907. Then, 2907 divided by 1000 is 2 with remainder 907. Therefore, the answer is 907.

But just to be 100% sure, let me check another value. For example, n=6, k=3: 16. Let's compute man"
25,6,reasoning,target_equation,target,907,True,13416,N = 2907.,"ber of subsets of size 8 with no three consecutive chairs. Which is exactly what we calculated. So, N = 2907. Therefore, the answer is 907.

But to make sure, let me check with another approach.

Another way t"
25,6,reasoning,prose,asserted,907,True,13426,answer is 907.,"with no three consecutive chairs. Which is exactly what we calculated. So, N = 2907. Therefore, the answer is 907.

But to make sure, let me check with another approach.

Another way to think about this problem is "
25,6,reasoning,target_equation,target,907,True,15542,N = 2907.,"46 + 252 = 2898

2898 + 9 = 2907.

Which matches our previous result of 2907! So this confirms that N = 2907. Therefore, the answer is 2907 mod 1000 = 907.

Therefore, the answer is 907.

**Final Answer**
\box"
25,6,reasoning,prose,asserted,907,True,15564,answer is 2907 mod 1000 = 907.," = 2907.

Which matches our previous result of 2907! So this confirms that N = 2907. Therefore, the answer is 2907 mod 1000 = 907.

Therefore, the answer is 907.

**Final Answer**
\boxed{907}
"
25,6,reasoning,boxed,asserted,907,True,15585,\boxed{907},"907. Therefore, the answer is 2907 mod 1000 = 907.

Therefore, the answer is 907.

**Final Answer**
\boxed{907}
"
25,6,content,boxed,asserted,907,True,16015,\boxed{907}," the remainder when 2907 is divided by 1000:

$$
2907 \mod 1000 = 907
$$

---

### Final Answer

$$
\boxed{907}
$$"
25,7,reasoning,target_equation,target,907,True,15527,"N = 2907,","n sits next to two other people."" Which we interpreted as no three consecutive chairs selected. So, N = 2907, and we need to find N mod 1000. 2907 divided by 1000 is 2 with remainder 907. So the answer would b"
25,7,reasoning,prose,tentative,907,True,15572,answer would be 907.," So, N = 2907, and we need to find N mod 1000. 2907 divided by 1000 is 2 with remainder 907. So the answer would be 907.

But I need to verify if my calculations are correct. Let me check some of the intermediate steps.
"
25,8,reasoning,prose,asserted,907,True,13666,"answer is 2907 mod 1000,","works.

Therefore, returning to our original problem, the number of subsets is 2907. Therefore, the answer is 2907 mod 1000, which is 907.

Wait, but let me confirm the calculation:

12870 - 11583 + 1620 = 12870 - 11583 = 12"
25,8,reasoning,prose,asserted,907,True,14891,"answer is 2907 mod 1000,",". Yes! This matches the previous result of 2907.

Therefore, the number of subsets is 2907. So, the answer is 2907 mod 1000, which is 907.

But wait, let me confirm once more. The problem says ""subsets of the 16 chairs that "
25,8,reasoning,prose,tentative,907,True,14984,answer should be 907.,"secutive. And we found that the number is 2907. So 2907 divided by 1000 gives remainder 907. So the answer should be 907.

But just to make sure, let me check if there's any mistake in the interpretation of the problem.

"
25,8,reasoning,boxed,asserted,907,True,15484,\boxed{907},"16, k=8 giving 2907 seems correct.

Therefore, the answer is 2907 mod 1000 = 907.

**Final Answer**
\boxed{907}
"
26,1,reasoning,prose,asserted,113,True,10625,answer is 113?,"rtex in S is an endpoint of exactly one of the 12 segments."" So, according to this calculation, the answer is 113? But I need to check if this is correct.

But let me think again. For example, for d=1, there are 4 "
26,1,reasoning,prose,tentative,113,True,13694,answer is 113.,"nsidering k up to 3, we don't have duplicates. Therefore, our method is correct.

Thus, I think the answer is 113. However, I need to check if the question is from AIME, and if 113 is a valid answer (AIME answers a"
26,1,reasoning,prose,tentative,113,True,14040,answer is 113.,"ith all segments of length 2. So they are distinct. Hence, no overcounting.

Therefore, I think the answer is 113. But I need to check if there's any other mistake.

Wait, another thought: when we calculated for d="
26,1,reasoning,boxed,asserted,113,True,14270,\boxed{113},"parately. Therefore, our total is correct.

Therefore, I think the answer is 113.

**Final Answer**
\boxed{113}
"
26,1,content,boxed,asserted,113,True,15271,\boxed{113},"Step 5: Final Calculation

Now, we sum up all the contributions:

$$
8 + 8 + 16 + 16 + 64 + 0 + 1 = \boxed{113}
$$

---

### Final Answer

$$
\boxed{113}
$$"
26,1,content,boxed,asserted,113,True,15287,\boxed{113},"all the contributions:

$$
8 + 8 + 16 + 16 + 64 + 0 + 1 = \boxed{113}
$$

---

### Final Answer

$$
\boxed{113}
$$"
26,2,reasoning,prose,asserted,113,True,14013,answer is 113.,"106 + 4 = 110

110 + 2 = 112

112 + 1 = 113

Yes, 113. So unless there's a miscalculation here, the answer is 113. However, I need to check if there's an alternative approach or if there's an error in considering t"
26,2,reasoning,prose,tentative,113,True,14694,answer is 113.,"counted as separate, which they should be. Therefore, the count is correct.

Therefore, I think the answer is 113. However, since the problem says ""segments of equal lengths"", and in our approach we considered each"
26,2,reasoning,prose,asserted,113,True,14741,answer is 113.,"ep size, which corresponds to a unique length, and counted all perfect matchings for each, then the answer is 113.

But to be thorough, let me check if there's a different interpretation. For example, maybe the pro"
26,2,reasoning,prose,tentative,113,True,15026,answer is 113.,"s each, and for each cycle, 2 ways to match, so 2^6=64. That seems correct.

Therefore, I think the answer is 113. However, since I'm a bit unsure because 113 is not a number I recall from similar problems, but giv"
26,2,reasoning,boxed,asserted,113,True,15074,\boxed{113},"rom similar problems, but given the step-by-step reasoning, I think it's correct.

**Final Answer**
\boxed{113}
"
26,2,content,boxed,asserted,113,True,16088,\boxed{113},"number of perfect matchings for each valid $ k $:

$$
2 + 4 + 8 + 16 + 2 + 64 + 2 + 8 + 4 + 2 + 1 = \boxed{113}
$$

---

### Final Answer

$$
\boxed{113}
$$"
26,2,content,boxed,asserted,113,True,16104,\boxed{113}," $ k $:

$$
2 + 4 + 8 + 16 + 2 + 64 + 2 + 8 + 4 + 2 + 1 = \boxed{113}
$$

---

### Final Answer

$$
\boxed{113}
$$"
26,3,reasoning,prose,toy_example,3,False,8213,answer would be 3.," (1-3 and 2-4)

So total of 3, which matches 2 + 1. So the formula works here. So in this case, the answer would be 3. Therefore, the formula seems correct.

Similarly, for a hexagon (6-gon). Let's see. How many ways t"
26,3,reasoning,prose,asserted,113,True,8721,answer is 113.,"otal 3, which matches. So formula seems correct.

Therefore, returning to the original problem, the answer is 113. However, I need to check once more the calculation for the sum:

d=1: 2

d=2: 4 → total 6

d=3: 8 →"
26,3,reasoning,prose,asserted,113,True,8887,answer is 113.,"d=8: 0 → 98

d=9: 8 → 106

d=10: 4 → 110

d=11: 2 → 112

d=12: 1 → 113

Yes, that's correct. So the answer is 113. Therefore, the number of ways is 113.

But wait, let me check once more for d=6. For d=6, the numbe"
26,3,reasoning,prose,asserted,113,True,9734,answer is 113.,"t.

Similarly, for d=12, it's 1 way. So yes, 1.

Therefore, the total is indeed 113. Therefore, the answer is 113.

But wait, let me check once more for d=9. For d=9, gcd(24,9)=3. So 3 cycles of length 8. Each cycl"
26,3,reasoning,prose,asserted,113,True,9966,answer is 113.," be matched in 2 ways. So 2^3=8. Correct.

Therefore, all calculations seem correct. Therefore, the answer is 113.

But just to make sure, let me check if there's any other possible way that the problem could be in"
26,3,reasoning,boxed,asserted,113,True,10127,\boxed{113}," cases check out, I think the logic is sound.

Therefore, my final answer is 113.

**Final Answer**
\boxed{113}
"
26,3,content,boxed,asserted,113,True,11032,\boxed{113}," **fixed**, we do **not** consider rotational or reflective symmetries.

---

### Final Answer:

$$
\boxed{113}
$$"
26,4,reasoning,prose,asserted,113,True,10355,answer is 113.,"over k of the number of perfect matchings for each k.

Therefore, according to our calculation, the answer is 113. But let me check again the numbers.

Wait, let me recompute the sum step by step:

List of numbers:"
26,4,reasoning,prose,asserted,113,True,10634,answer is 113?,"0

k=11: 2 → total: 110 + 2 = 112

k=12: 1 → total: 112 + 1 = 113

Yes, same result. Therefore, the answer is 113?

But I need to check if there is a mistake in the logic.

Wait, for example, when k=12, the number "
26,4,reasoning,prose,asserted,113,True,11404,answer is 113.,"=1: 2 matchings. Which is correct.

Therefore, the formula seems correct.

Therefore, for n=24, the answer is 113. However, I need to check if there is any mistake in the calculation.

Wait, but 113 seems a bit low"
26,4,reasoning,prose,asserted,113,True,11882,answer is 113.,"=48; 48+64=112; 112+1=113. Yes, same result.

Therefore, unless there is an error in the logic, the answer is 113.

But let me check for another k. For example, k=6. Let's think about it. For k=6, the step size is "
26,4,reasoning,prose,tentative,113,True,12164,answer is 113.," be matched in 2 ways. Therefore, for 6 cycles, 2^6=64. That seems correct.

Therefore, I think the answer is 113.

But wait, the problem says ""segments of equal lengths"". However, in our calculation, for each k, w"
26,4,reasoning,prose,tentative,113,True,12306,answer should be 113.," unique k corresponding to its segment length. Therefore, there is no overcounting.

Therefore, the answer should be 113. However, I need to check if the question considers different orientations or something else. But ac"
26,4,reasoning,prose,tentative,113,True,12490,answer is 113.," for k=1 and k=23 (but 23 is beyond 12), so no. Therefore, no overcounting.

Therefore, I think the answer is 113. However, I need to check if there's an alternative approach.

Alternatively, think of the problem a"
26,4,reasoning,prose,tentative,113,True,12807,answer is 113.,"ce I can't access external resources, I need to rely on my own calculations.

Therefore, I think my answer is 113.

But wait, the problem says ""the number of ways to draw 12 segments of equal lengths"". However, in "
26,4,reasoning,prose,tentative,113,True,12997,answer is 113.," In a hexagon, 2. So yes, for a 24-gon, it's 2. Therefore, that is correct.

Therefore, I think the answer is 113. Therefore, the final answer is \boxed{113}.

**Final Answer**
\boxed{113}
"
26,4,reasoning,boxed,asserted,113,True,13010,\boxed{113},". Therefore, that is correct.

Therefore, I think the answer is 113. Therefore, the final answer is \boxed{113}.

**Final Answer**
\boxed{113}
"
26,4,reasoning,boxed,asserted,113,True,13022,\boxed{113},"Therefore, I think the answer is 113. Therefore, the final answer is \boxed{113}.

**Final Answer**
\boxed{113}
"
26,4,content,boxed,asserted,113,True,14199,\boxed{113},"mber of perfect matchings across all valid $ k $:

$$
2 + 4 + 8 + 16 + 2 + 64 + 2 + 8 + 4 + 2 + 1 = \boxed{113}
$$

---

### Final Answer

$$
\boxed{113}
$$"
26,4,content,boxed,asserted,113,True,14215,\boxed{113}," $ k $:

$$
2 + 4 + 8 + 16 + 2 + 64 + 2 + 8 + 4 + 2 + 1 = \boxed{113}
$$

---

### Final Answer

$$
\boxed{113}
$$"
26,5,reasoning,prose,asserted,113,True,11231,answer is 113.," So total is 3. Correct.

So our formula works here.

Therefore, returning to original problem, the answer is 113. But let me check once more.

Wait, the problem says ""the number of ways to draw 12 segments of equa"
26,5,reasoning,prose,tentative,113,True,11687,answer should be 113.,"ible unless k=m. Therefore, no such overlap. Therefore, the total count is correct.

Therefore, the answer should be 113.

But wait, the problem says ""the number of ways to draw 12 segments of equal lengths"". However, in "
26,5,reasoning,prose,tentative,113,True,11805,answer is 113.," Therefore, the perfect matchings are distinct. Therefore, no overcounting.

Therefore, I think the answer is 113. However, I need to check once more the calculation of the sum.

Let me recompute the sum:

List of "
26,5,reasoning,prose,asserted,113,True,12325,answer is 113.,"ch contributes 2, total 2^4=16. Correct.

Therefore, I think the calculation is correct. Hence, the answer is 113.

But wait, the problem says ""the number of ways to draw 12 segments of equal lengths"". However, in "
26,5,reasoning,prose,tentative,113,True,12569,answer is 113.,"ferences, but since I can't do that, I need to rely on my own calculations.

Therefore, I think the answer is 113.

But wait, I recall that in some cases, when the number of cycles is d, and each cycle contributes "
26,5,reasoning,boxed,asserted,113,True,12677,\boxed{113},"tal is 2^d for d cycles with length ≥4.

Therefore, I think my answer is correct.

**Final Answer**
\boxed{113}
"
26,5,content,boxed,asserted,113,True,13869,\boxed{113},"ll valid $ k $:

$$
2 + 4 + 8 + 16 + 2 + 64 + 2 + 8 + 4 + 2 + 1 = 113
$$

---

### Final Answer

$$
\boxed{113}
$$"
26,6,reasoning,prose,asserted,1,False,2603,answer is 1?,"segments of equal length is to connect each vertex to its opposite, which is unique. Therefore, the answer is 1? But that seems too simple. However, the problem says ""the number of ways to draw 12 segments..."", s"
26,6,reasoning,prose,asserted,1,False,2880,"answer is 1,"," the pairing is uniquely determined. Therefore, there is only one such way. But that would mean the answer is 1, which is 001? But maybe not. Wait, perhaps there are multiple ways to pair the vertices with the sa"
26,6,reasoning,prose,asserted,1,False,3029,answer is 1?,"on is fixed, then there is only one perfect matching with all edges being diameters. Therefore, the answer is 1?

But that seems too straightforward. However, maybe there are more possibilities. Wait, let me thin"
26,7,reasoning,prose,tentative,113,True,11079,answer would be 113.,"otal number is indeed the sum over m of the number of perfect matchings for each m.

Therefore, the answer would be 113. However, I need to check if my calculation is correct.

Wait, but let me check another value. For m"
26,7,reasoning,prose,tentative,113,True,14357,answer is 113.,"here's an error in the logic of the number of perfect matchings per cycle, which seems correct, the answer is 113.

However, I need to check if there's a different interpretation of the problem.

The problem says """
26,7,reasoning,prose,tentative,113,True,14530,answer is 113.,"e only go up to m=12, we don't double count. So our calculation is correct.

Therefore, I think the answer is 113. However, since AIME answers are integers between 0 and 999, 113 is valid.

But let me check with a "
26,7,reasoning,prose,tentative,113,True,15119,answer is 113.,"d for m=1, edges, etc. So all different lengths. So adding them is correct.

Therefore, I think the answer is 113. However, since I might have made a mistake in the addition or the logic, I need to check once more."
26,7,reasoning,prose,asserted,113,True,15226,"answer is 113,","edges have the same length. Which we calculated as 113. So I think this is correct.

Therefore, the answer is 113, which is 113. So the AIME answer is 113.

**Final Answer**
\boxed{113}
"
26,7,reasoning,boxed,asserted,113,True,15255,\boxed{113}," correct.

Therefore, the answer is 113, which is 113. So the AIME answer is 113.

**Final Answer**
\boxed{113}
"
26,8,reasoning,prose,asserted,113,True,11287,answer is 113.," (k=8)

+8 = 106 (k=9)

+4 = 110 (k=10)

+2 = 112 (k=11)

+1 = 113 (k=12)

Yes, 113. Therefore, the answer is 113.

But wait, I need to make sure that there isn't an overcounting. For example, is there a perfect ma"
26,8,reasoning,prose,asserted,113,True,11770,answer is 113.," we only go up to k=12, we don't have duplicates.

Therefore, the count is correct.

Therefore, the answer is 113. So, Answer: 113.

Wait, but I just recalled that in the case of k=12, the number of perfect matchin"
26,8,reasoning,prose,asserted,113,True,11779,Answer: 113.,"=12, we don't have duplicates.

Therefore, the count is correct.

Therefore, the answer is 113. So, Answer: 113.

Wait, but I just recalled that in the case of k=12, the number of perfect matchings is 1, but mayb"
26,8,reasoning,prose,tentative,113,True,11961,answer is 113.,"uare can be matched in two ways, and there are 6 squares. So, 2^6. Correct.

Therefore, I think the answer is 113. However, I recall that in some combinatorial problems, especially with regular polygons, there migh"
26,8,reasoning,boxed,asserted,113,True,12019,\boxed{113}," considerations, but I don't see any here.

Therefore, I think the answer is 113.

**Final Answer**
\boxed{113}
"
26,8,content,boxed,asserted,113,True,13108,\boxed{113}," matchings:

$$
2 + 4 + 8 + 16 + 2 + 64 + 2 + 0 + 8 + 4 + 2 + 1 = 113
$$

---

### Final Answer

$$
\boxed{113}
$$"
27,1,reasoning,target_equation,target,19,True,13631,m + n + p + q = 9 + 5 + 1 + 4 = 19.,"Then A1A2 + A1A11 = (m√n - p)/q..."" So, comparing, we have (9√5 - 1)/4, so m=9, n=5, p=1, q=4. Then m + n + p + q = 9 + 5 + 1 + 4 = 19.

But before I conclude, I need to check if this is correct. Let me verify the steps.

First, we der"
27,1,reasoning,target_equation,target,19,True,14052,m + n + p + q = 9 + 5 + 1 + 4 = 19.,"blem states that the answer is in the form (m√n - p)/q, which matches with m=9, n=5, p=1, q=4. Then m + n + p + q = 9 + 5 + 1 + 4 = 19.

But wait, before I get too excited, let me check if this answer makes sense. Let me check if the v"
27,1,reasoning,target_equation,target,19,True,15958,m + n + p + q = 9 + 5 + 1 + 4 = 19.,"the problem allows for that, our solution is still valid.

Therefore, the answer is (9√5 - 1)/4, so m + n + p + q = 9 + 5 + 1 + 4 = 19.

But let me check if the problem says ""non-convex simple polygon"", and if there's any other constra"
27,1,reasoning,prose,asserted,19,True,16230,answer is 19.," miscalculation in the quadratic solution, which I checked, this should be correct.

Therefore, the answer is 19.

But to be thorough, let me check with actual numbers.

Let me compute S = (9√5 - 1)/4 ≈ (9*2.236 -"
27,2,reasoning,target_equation,target,19,True,5449,m + n + p + q = 9 + 5 + 1 + 4 = 19.," the problem says ""Then A1A2 + A1A11 = (m√n - p)/q..."" So comparing, m=9, n=5, p=1, q=4. Therefore, m + n + p + q = 9 + 5 + 1 + 4 = 19. Wait, but before I conclude, I need to check if this answer is correct, because sometimes when you "
27,2,reasoning,target_equation,target,19,True,6066,m + n + p + q = 9 + 5 + 1 + 4 = 19.,"Then A1A2 + A1A11 = (m√n - p)/q..."" So our answer is (9√5 - 1)/4. So m=9, n=5, p=1, q=4. Therefore, m + n + p + q = 9 + 5 + 1 + 4 = 19.

Wait, but before I get too confident, let me check if there are any other constraints or if I made"
27,2,reasoning,prose,asserted,19,True,6867,answer is 9 + 5 + 1 + 4 = 19.,"cd(9,1,4): gcd(9,1)=1, gcd(1,4)=1. So no prime divides all of them. So that's okay.

Therefore, the answer is 9 + 5 + 1 + 4 = 19.

Wait, but before I finish, let me check if I didn't make a mistake in translating the perimeter.

"
27,2,reasoning,prose,tentative,19,True,7253,answer is 19.,"+ x2^2 - 48/5). Therefore, 9 times that. Correct.

Therefore, all steps are correct. So I think the answer is 19.

But just to be thorough, let me check if there's another way this could be approached or if there'"
27,2,reasoning,boxed,asserted,19,True,7835,\boxed{19},"Therefore, valid.

Therefore, all steps are correct. So I think the answer is 19.

**Final Answer**
\boxed{19}
"
27,2,content,boxed,asserted,19,True,9614,\boxed{19},"} $ with:

- $ m = 9 $
- $ n = 5 $
- $ p = 1 $
- $ q = 4 $

So:

$$
m + n + p + q = 9 + 5 + 1 + 4 = \boxed{19}
$$"
27,3,reasoning,target_equation,target,19,True,4291,m + n + p + q = 9 + 5 + 1 + 4 = 19.,"l to (m√n - p)/q. Let me check:

(9√5 - 1)/4 is already in that form, with m=9, n=5, p=1, q=4. Then m + n + p + q = 9 + 5 + 1 + 4 = 19. But wait, before I get too excited, I need to check if this answer is correct. But let me check my "
27,3,reasoning,target_equation,target,19,True,4930,m + n + p + q = 9 + 5 + 1 + 4 = 19.,"ore, S = (9√5 - 1)/4, so A₁A₂ + A₁A_{11} = (9√5 - 1)/4. Therefore, m = 9, n = 5, p = 1, q = 4. Then m + n + p + q = 9 + 5 + 1 + 4 = 19.

But wait, the problem says ""the perimeter of the 11-gon is equal to 20"". Let me check if with this"
27,3,reasoning,target_equation,target,19,True,5666,m + n + p + q = 9 + 5 + 1 + 4 = 19.," So a and b are real positive numbers, which is okay.

So, seems like the answer is (9√5 - 1)/4, so m + n + p + q = 9 + 5 + 1 + 4 = 19.

Wait, but the problem says ""non-convex simple polygon"". Does this affect anything? Well, we consid"
27,3,reasoning,prose,asserted,19,True,5982,answer is 19.,"lution is [ -2 - 18√5 ] / 8, which is negative, so we discard it. So only one solution.

Therefore, answer is 19.

But wait, the problem says ""non-convex simple polygon"". Is there any chance that our assumption ab"
27,3,reasoning,prose,asserted,19,True,6660,answer is 19.,"= 1620. sqrt(1620) = 18√5. Correct.

Solutions: [-2 ± 18√5]/8. Correct.

Yes, so that's correct. So answer is 19.

But just to be thorough, let me check if the problem says ""non-convex simple polygon"". How does th"
27,3,reasoning,boxed,asserted,19,True,7009,\boxed{19},"So that checks out numerically. Therefore, correct.

Therefore, the answer is 19.

**Final Answer**
\boxed{19}
"
27,3,content,boxed,asserted,19,True,8605,\boxed{19},"$$

So:

- $ m = 9 $
- $ n = 5 $
- $ p = 1 $
- $ q = 4 $

Thus:

$$
m + n + p + q = 9 + 5 + 1 + 4 = \boxed{19}
$$"
27,4,reasoning,target_equation,target,19,True,5554,m + n + p + q = 9 + 5 + 1 + 4 = 19.,"4. So according to the problem statement, this is equal to (m√n - p)/q, so m=9, n=5, p=1, q=4. Then m + n + p + q = 9 + 5 + 1 + 4 = 19.

But wait, hold on. The problem says ""the perimeter of the 11-gon is equal to 20"". However, in our "
27,4,reasoning,target_equation,target,19,True,6038,m + n + p + q = 9 + 5 + 1 + 4 = 19.,"). Therefore, our equation was correct.

So, the answer is (9√5 - 1)/4, so m=9, n=5, p=1, q=4. Then m + n + p + q = 9 + 5 + 1 + 4 = 19.

But wait, the problem says ""the perimeter of the 11-gon is equal to 20"". However, in our calculati"
27,4,reasoning,target_equation,target,19,True,6576,m + n + p + q = 9 + 5 + 1 + 4 = 19.,"9*sqrt(S² - 20) = 20. Then solving gives S = (9√5 - 1)/4.

Therefore, the answer is (9√5 - 1)/4, so m + n + p + q = 9 + 5 + 1 + 4 = 19.

But wait, the problem says ""non-convex simple polygon"". Is there any possibility that the value of"
27,4,reasoning,target_equation,target,19,True,7449,m + n + p + q = 9 + 5 + 1 + 4 = 19.,"Correct.

Therefore, the calculation is correct.

Therefore, the answer is (9√5 - 1)/4, which gives m + n + p + q = 9 + 5 + 1 + 4 = 19.

But wait, the problem says ""non-convex simple polygon"". However, in our solution, we didn't use th"
27,4,reasoning,target_equation,target,19,True,8649,m + n + p + q = 9 + 5 + 1 + 4 = 19.,"y 20, and the algebra steps are correct, we can trust it.

Therefore, the answer is (9√5 - 1)/4, so m + n + p + q = 9 + 5 + 1 + 4 = 19.

But wait, the problem says ""the perimeter of the 11-gon is equal to 20"". However, in our calculati"
27,4,reasoning,prose,tentative,19,True,8953,answer is 19.,"hich is positive. So that's okay.

Therefore, all conditions are satisfied.

Therefore, I think the answer is 19.

But let me check if the problem says ""non-convex"". Suppose there is a mistake here. However, since"
27,4,reasoning,prose,tentative,19,True,9267,answer is 19.,"lex. Therefore, there is no contradiction. Therefore, our solution is okay.

Therefore, I think the answer is 19.

But let me check if the problem says ""non-convex simple polygon"". Maybe there's an alternative app"
27,4,reasoning,prose,tentative,19,True,9494,answer is 19.," d3. So yes, that's correct.

Therefore, the rest of the steps are correct.

Therefore, I think the answer is 19.

But to be thorough, let me check the problem statement again:

""the area of triangle AiA1Ai+1 is e"
27,4,reasoning,target_equation,target,19,True,9649,m + n + p + q = 9 + 5 + 1 + 4 = 19.,"g to our calculation, A1A2 + A1A11 = x + y = (9√5 - 1)/4. Therefore, m=9, n=5, p=1, q=4. Therefore, m + n + p + q = 9 + 5 + 1 + 4 = 19.

But let me check if the problem says ""non-convex"". Maybe there is a different configuration where "
27,4,reasoning,prose,tentative,19,True,9762,answer is 19.,"rdless of the polygon's convexity, the triangle areas and angles are fixed.

Therefore, I think the answer is 19.

But I recall that sometimes problems have answers that are different due to miscalculations. Let m"
27,4,reasoning,boxed,asserted,19,True,10027,\boxed{19},"4. Correct.

Yes, so the answer is correct.

Therefore, I think the answer is 19.

**Final Answer**
\boxed{19}
"
27,4,content,boxed,asserted,19,True,11532,\boxed{19},"es are:

- $ m = 9 $
- $ n = 5 $
- $ p = 1 $
- $ q = 4 $

Thus:

$$
m + n + p + q = 9 + 5 + 1 + 4 = \boxed{19}
$$"
27,7,reasoning,target_equation,target,19,True,3984,m + n + p + q = 9 + 5 + 1 + 4 = 19.,"ut the problem states that the answer is in the form (m√n - p)/q. So here, m=9, n=5, p=1, q=4. Then m + n + p + q = 9 + 5 + 1 + 4 = 19. But before I conclude, I need to check if my steps are correct, because this seems straightforward "
27,7,reasoning,target_equation,target,19,True,4369,m + n + p + q = 9 + 5 + 1 + 4 = 19.,"-2 + 18√5 ] / 8 = [ -1 + 9√5 ] / 4. Correct.

So S = (9√5 - 1)/4. So m=9, n=5, p=1, q=4. Therefore, m + n + p + q = 9 + 5 + 1 + 4 = 19. But wait, before I get too excited, I need to check if there are any errors in the logic.

But let "
27,7,reasoning,target_equation,target,19,True,5489,m + n + p + q = 9 + 5 + 1 + 4 = 19.,"visible by any prime, so there is no prime that divides all of m, p, q. So that's okay.

Therefore, m + n + p + q = 9 + 5 + 1 + 4 = 19.

But wait, before I conclude, let me check if the problem says ""non-convex simple polygon"". Is ther"
27,7,reasoning,prose,tentative,19,True,6039,answer is 19.,"ince there are 9 terms from i=2 to 10, which is correct. So that's correct.

Therefore, I think the answer is 19. However, just to be thorough, let me check if there's another way this could be approached, or if t"
27,7,reasoning,prose,tentative,19,True,6203,answer is 19.,"is given as 1, which is positive, and the sine is positive, so we are okay.

Therefore, I think the answer is 19.

But wait, let me check the problem statement again:

""A_1 A_2 A_3 ... A_{11} be an 11-sided non-co"
27,7,reasoning,prose,tentative,19,True,6392,answer is 19.,"e with cosine 12/13. Which we used to get the relations. So that's correct.

Therefore, I think the answer is 19. However, just to check, maybe the problem is expecting something else. Wait, the problem says ""non-"
27,7,reasoning,target_equation,target,19,True,6792,m + n + p + q is 9 + 5 + 1 + 4 = 19.,"] / 8 = [ -1 + 9√5 ] / 4. Correct.

Yes. So that is correct.

So then the answer is (9√5 - 1)/4, so m + n + p + q is 9 + 5 + 1 + 4 = 19. So I think that is correct.

But just to check, maybe there is an error in assuming that all the y_"
27,7,reasoning,boxed,asserted,19,True,6968,\boxed{19},"tained. So I think the calculation is okay.

Therefore, I think the answer is 19.

**Final Answer**
\boxed{19}
"
27,7,content,boxed,asserted,19,True,8638,\boxed{19},"$, where:

- $ m = 9 $
- $ n = 5 $
- $ p = 1 $
- $ q = 4 $

So:

$$
m + n + p + q = 9 + 5 + 1 + 4 = \boxed{19}
$$"
27,8,reasoning,target_equation,target,19,True,5626,m + n + p + q = 9 + 5 + 1 + 4 = 19.,"en A₁A₂ + A₁A_{11} = (m√n - p)/q..."" So, if this is the case, then m = 9, n = 5, p = 1, q = 4. Then m + n + p + q = 9 + 5 + 1 + 4 = 19. But wait, that seems too easy. However, let me check if this is correct.

Wait, but I need to check"
27,8,reasoning,target_equation,target,19,True,6210,m + n + p + q = 9 + 5 + 1 + 4 = 19.,"₁A_{11} = ..."", which is a + b = t, so the answer would be (9√5 - 1)/4, so m=9, n=5, p=1, q=4. Then m + n + p + q = 9 + 5 + 1 + 4 = 19.

But the problem is from AIME, which usually has answers between 0 and 999, so 19 is possible. Howe"
27,8,reasoning,prose,tentative,19,True,6914,answer is indeed 19.,"ere to indicate that the polygon is not convex, but our equations don't require that. So, maybe the answer is indeed 19.

But let me check again. Wait, the problem says ""non-convex simple polygon"". So, maybe there's a po"
27,8,reasoning,prose,tentative,19,True,7469,answer should be 19.,".

Therefore, our equations are okay.

Therefore, unless there is a miscalculation in my steps, the answer should be 19. But let me check again the problem statement:

""Then A₁A₂ + A₁A_{11} = (m√n - p)/q where m, n, p, a"
27,8,reasoning,prose,asserted,19,True,7679,answer is 9 + 5 + 1 + 4 = 19.,"s, there is no prime that divides all of m, p, q. So, the conditions are satisfied.

Therefore, the answer is 9 + 5 + 1 + 4 = 19.

But I need to check again if there is a mistake. Because sometimes problems can have hidden constr"
27,8,reasoning,prose,asserted,19,True,8112,answer is 19.,"(1620) = 18√5. Correct.

So t = [ -2 + 18√5 ] / 8 = [ -1 + 9√5 ] / 4. Correct.

Therefore, yes, the answer is 19.

But I have a doubt because sometimes AIME problems have more complex answers. But given the steps "
27,8,reasoning,prose,tentative,19,True,8407,answer is 19.,"t term is 2x_i x_{i+1}*(12/13). Correct.

Therefore, the steps are correct.

Therefore, I think the answer is 19. However, since I'm a bit uncertain because AIME problems sometimes have more involved answers, but "
27,8,reasoning,prose,tentative,19,True,8594,answer is 19.,"nce A₁A₂ is x_2 = a, and A₁A_{11} is x_{11} = b, so their sum is a + b = t.

Therefore, I think the answer is 19.

But just to be thorough, let me check if there is a possible mistake in assuming that all the s_i "
27,8,reasoning,boxed,asserted,19,True,8791,\boxed{19},"xcept for those from i=2 to 10. So, no.

Therefore, I think my answer is correct.

**Final Answer**
\boxed{19}
"
27,8,content,boxed,asserted,19,True,10830,\boxed{19},"$$

Thus:

- $ m = 9 $
- $ n = 5 $
- $ p = 1 $
- $ q = 4 $

So:

$$
m + n + p + q = 9 + 5 + 1 + 4 = \boxed{19}
$$"
28,8,reasoning,target_equation,target,208,False,11826,m + n = 19033 + 43175 = 62208.,"Earlier, we computed GCD(19033, 43175) = 1, so it is reduced. Therefore, m = 19033, n = 43175. Then m + n = 19033 + 43175 = 62208. Then find 62208 mod 1000.

But wait, let me compute that:

62208 divided by 1000 is 62 with remaind"
28,8,reasoning,prose,tentative,208,False,11902,answer would be 208.,"ute that:

62208 divided by 1000 is 62 with remainder 208. So 62208 mod 1000 is 208. Therefore, the answer would be 208.

But wait, before I conclude, I need to make sure that x_{2025} is indeed x₃. Let me confirm the pe"
28,8,reasoning,target_equation,target,208,False,13563,m + n = 19033 + 43175 = 62208.,"is 1. So yes, GCD is 1. Therefore, 19033 and 43175 are coprime. So m = 19033, n = 43175. Therefore, m + n = 19033 + 43175 = 62208.

Now compute 62208 mod 1000. Since 62208 divided by 1000 is 62 with remainder 208. So the remainder"
28,8,reasoning,target_equation,target,208,False,13911,"m + n = 62208,","_{k+2} = x_k for k ≥ 2.

Therefore, the conclusion that x_{2025} = x₃ = 19033/43175 is correct, and m + n = 62208, which mod 1000 is 208.

But let me check with another term. For example, compute x₄ = x₂ = 157/275."
28,8,reasoning,prose,asserted,208,False,14285,answer is 208.," 3 = 157 / 275, which matches x₂. So yes, x₄ = x₂. Therefore, the periodicity holds.

Therefore, my answer is 208.

But wait, let me check if m and n are indeed 19033 and 43175. Let me confirm that 19033 and 43175 "
28,8,reasoning,boxed,asserted,208,False,15013,\boxed{208},"fraction is reduced. So my calculation is correct.

Therefore, the answer is 208.

**Final Answer**
\boxed{208}
"
28,8,content,target_equation,target,208,False,16291,m + n = 19033 + 43175 = 62208,"So, the fraction is already in lowest terms. Therefore:

- $ m = 19033 $
- $ n = 43175 $

Then:

$$
m + n = 19033 + 43175 = 62208
$$

Now compute the remainder when $ 62208 $ is divided by 1000:

$$
62208 \mod 1000 = 208
$$

---

"
28,8,content,boxed,asserted,208,False,16351,\boxed{208},"emainder when $ 62208 $ is divided by 1000:

$$
62208 \mod 1000 = 208
$$

---

### Final Answer

$$
\boxed{208}
$$"
29,1,reasoning,target_equation,target,104,True,7393,n = 104.,"ich is same) and multiply by 1/2:

Area = (1/2)(208√3) = 104√3. 

So, the area is 104√3. Therefore, n = 104. 

But let me check if this is correct. Wait, but let me check with the other case where u = 13, v ="
29,1,reasoning,target_equation,target,104,True,7961,n = 104.,"ea is 1/2 * 208√3 = 104√3. So same result. Therefore, regardless of case, area is 104√3. Therefore, n = 104. 

But wait, the problem says ""the area of the quadrilateral BKLC can be expressed as n√3 for some p"
29,1,reasoning,prose,asserted,104,True,8002,answer is 104.,"he area of the quadrilateral BKLC can be expressed as n√3 for some positive integer n. Find n."" So, answer is 104. 

But let me check if this is correct. Let me think again. 

But maybe I made a mistake in coordina"
29,1,reasoning,prose,asserted,104,True,8891,answer is 104.,". 

All distances check out. So coordinates are correct. Therefore, area calculation is correct. So answer is 104. 

But let me check if the problem says ""quadrilateral BKLC"". In the shoelace formula, I considered "
29,1,reasoning,target_equation,target,104,True,9122,n is 104.,"it, but the problem says ""the area of the quadrilateral BKLC can be expressed as n√3"". So 104√3, so n is 104. 

But let me check if I didn't make a mistake in shoelace formula. 

First case:

Coordinates:

B(0"
29,1,reasoning,prose,asserted,104,True,9395,answer is 104.," value and divide by 2: 104√3. Correct. 

Yes, same result. So calculations are correct. Therefore, answer is 104. 

But just to be thorough, let me check if there's any possible mistake in the equations earlier. 
"
29,1,reasoning,boxed,asserted,104,True,9551,\boxed{104},"96 - 169) = sqrt(27) = 3√3. All correct. 

Therefore, I think the answer is 104. 

**Final Answer**
\boxed{104}
"
29,1,content,boxed,asserted,104,True,11529,\boxed{104},"\sqrt{3} - 214\sqrt{3}| = \frac{1}{2} \cdot 208\sqrt{3} = 104\sqrt{3}
$$

---

### Final Answer

$$
\boxed{104}
$$"
29,2,reasoning,target_equation,target,361,False,7937,"n = 361,","
Alternatively, since we know x² + y² = 361 and xy = 104√3.

Let me denote x² = m, y² = n. Then m + n = 361, and sqrt(mn) = 104√3 ⇒ mn = (104√3)^2 = 104² * 3.

Compute 104²: 100² + 2*100*4 + 4² = 10,000 + 800"
29,2,reasoning,target_equation,target,361,False,8055,"n = 361,","4²: 100² + 2*100*4 + 4² = 10,000 + 800 + 16 = 10,816. Therefore, mn = 10,816 * 3 = 32,448.

So, m + n = 361,

m * n = 32,448.

Therefore, m and n are roots of the quadratic equation t² - 361 t + 32,448 = 0.

"
29,2,reasoning,target_equation,target,104,True,9639,n = 104.," = (1/2)*| -208√3 | = (1/2)(208√3) = 104√3.

So the area of quadrilateral BKLC is 104√3. Therefore, n = 104.

But wait, let me check if I did the shoelace correctly.

Let me recompute the shoelace terms step "
29,2,reasoning,target_equation,target,104,True,10109,n is 104.,"Absolute value is 208√3, half of that is 104√3. Yes, same result.

So the area of BKLC is 104√3, so n is 104.

But wait, the problem says ""the area of quadrilateral BKLC can be expressed as n√3 for some positi"
29,2,reasoning,prose,asserted,104,True,10147,answer is 104.,"ys ""the area of quadrilateral BKLC can be expressed as n√3 for some positive integer n. Find n."" So answer is 104.

But let me check if there's a mistake here. Because the area of the whole triangle is 208√3, and t"
29,2,reasoning,prose,asserted,104,True,10870,answer is 104.,"416)√3 = (208 - 416)√3 = -208√3. Absolute value 208√3, half is 104√3. Same result. So same area. So answer is 104.

But let me check if that makes sense. The area of the whole triangle is 208√3, and the quadrilater"
29,2,reasoning,prose,tentative,104,True,10988,answer is 104.,"ral BKLC is half of the triangle?

But regardless, the calculation seems consistent. So I think the answer is 104.

But let me check if there's a possible miscalculation in the shoelace formula.

Alternatively, may"
29,2,reasoning,prose,tentative,104,True,11336,answer is 104.,"tively, compute vectors.

But I think the shoelace formula is correct here.

Therefore, I think the answer is 104.

But just to check, let me check with actual numbers.

Take Case 1:

Coordinates:

B: (16√3, 0) ≈ ("
29,2,reasoning,boxed,asserted,104,True,11517,\boxed{104},"te vectors BK, BL, etc., but I think it's safe.

Thus, I think the answer is 104.

**Final Answer**
\boxed{104}
"
29,2,content,boxed,asserted,104,True,13439,\boxed{104},"} - 422\sqrt{3} \right| = \frac{1}{2} \cdot 208\sqrt{3} = 104\sqrt{3}
$$

---

### Final Answer

$$
\boxed{104}
$$"
29,4,reasoning,target_equation,target,104,True,14462,n = 104.," = 208√3.

Then, area is 1/2 * |208√3| = 104√3. Yes, same result.

So the area of BKLC is 104√3, so n = 104.

But wait, the problem says ""the area of the quadrilateral BKLC can be expressed as n√3 for some po"
29,4,reasoning,target_equation,target,104,True,14501,n = 104.,"the area of the quadrilateral BKLC can be expressed as n√3 for some positive integer n. Find n."" So n = 104. But let me check if this is correct.

But let me think if there's another way to get this result. F"
29,4,reasoning,target_equation,target,104,True,15011,n = 104.,"orrect.

All distances check out. So coordinates are correct. Shoelace formula also gives 104√3. So n = 104.

But the problem says ""Find n."" So the answer is 104? But let me check if I didn't make a mistake i"
29,4,reasoning,prose,asserted,104,True,15028,answer is 104?," are correct. Shoelace formula also gives 104√3. So n = 104.

But the problem says ""Find n."" So the answer is 104? But let me check if I didn't make a mistake in the problem statement.

Wait, the problem says ""the "
29,4,reasoning,target_equation,target,104,True,15079,n=104.,"nt.

Wait, the problem says ""the area of the quadrilateral BKLC"". In my calculation, it's 104√3, so n=104. But I need to check if this is correct.

But I recall that in some cases, depending on the order of"
29,4,reasoning,target_equation,target,104,True,15999,n is 104.,"otal area of BKLC = 88√3 + 16√3 = 104√3. Same result. So this confirms it.

Therefore, the value of n is 104.

But wait, the problem says ""the area of the quadrilateral BKLC can be expressed as n√3 for some po"
29,4,reasoning,prose,asserted,104,True,16039,answer is 104.,"area of the quadrilateral BKLC can be expressed as n√3 for some positive integer n. Find n."" So the answer is 104.

But let me check if there is any mistake in my thinking. For example, maybe I misread the problem?"
29,4,reasoning,prose,asserted,104,True,16157,answer is 104.,"LC can be expressed as n√3 for some positive integer n. Find n.""

Yes, that's what I solved. And my answer is 104. But I want to check if there is any possible mistake.

Alternatively, maybe the problem is from an "
29,5,reasoning,target_equation,target,14,False,5577,n = 14,"* sqrt(196 - n²) = 98.

Where m = b/2 and n = c/2.

Alternatively, maybe I can let m = 14 cos θ and n = 14 sin θ? Wait, but m² + n² = 361, which is not 14² = 196. So that would not work.

Alternatively, thin"
29,5,reasoning,target_equation,target,52,False,7896,n = 52.,"52.

But since t = m n, and m and n are lengths (positive), t is positive. So t = 52.

Therefore, m n = 52.

So we have:

m n = 52.

And from earlier, m² + n² = 361.

So now, we have:

m² + n² = 361,

m n = "
29,5,reasoning,target_equation,target,52,False,7907,n = 52.,"and m and n are lengths (positive), t is positive. So t = 52.

Therefore, m n = 52.

So we have:

m n = 52.

And from earlier, m² + n² = 361.

So now, we have:

m² + n² = 361,

m n = 52.

We can find m and n"
29,5,reasoning,target_equation,target,52,False,7946,n = 52.," 52.

So we have:

m n = 52.

And from earlier, m² + n² = 361.

So now, we have:

m² + n² = 361,

m n = 52.

We can find m and n from these equations.

Recall that (m + n)^2 = m² + 2 m n + n² = 361 + 104 = 4"
29,5,reasoning,target_equation,target,52,False,8182,"n = 52,","how to proceed.

First, let me recall that m = b / 2, n = c / 2. Therefore, b = 2m, c = 2n. Also, m n = 52, m² + n² = 361.

So, the area of triangle ABC is (AB * AC)/2 = (b * c)/2 = (2m * 2n)/2 = 2 m n = 2 *"
29,5,reasoning,target_equation,target,104,True,8242,n = 2 * 52 = 104.,"n = 52, m² + n² = 361.

So, the area of triangle ABC is (AB * AC)/2 = (b * c)/2 = (2m * 2n)/2 = 2 m n = 2 * 52 = 104. Wait, that would be the area of ABC? Wait, hold on:

Wait, area of ABC is (AB * AC)/2. AB = b, AC ="
29,5,reasoning,target_equation,target,104,True,8331,n = 2 * 52 = 104.,"* AC)/2. AB = b, AC = c. So area is (b * c)/2. Since b = 2m, c = 2n, then area is (2m * 2n)/2 = 2 m n = 2 * 52 = 104. So area of ABC is 104? But the problem says that BC = 38, and ABC is a right triangle. Let me check"
29,5,reasoning,target_equation,target,52,False,8573,"n = 52,","inates to find area.

But to do that, I need to find coordinates of K and L. Let me try.

We have m n = 52, m² + n² = 361. So, we can find m and n. Let me solve for m and n.

Let me denote m and n as roots o"
29,5,reasoning,target_equation,target,0,False,8627,n = 0.," and n. Let me solve for m and n.

Let me denote m and n as roots of the equation x² - (m + n)x + m n = 0. But since we have m² + n² = 361 and m n = 52, we can write:

Let me think of m and n as variables. "
29,5,reasoning,target_equation,target,52,False,8649,"n = 52,","ote m and n as roots of the equation x² - (m + n)x + m n = 0. But since we have m² + n² = 361 and m n = 52, we can write:

Let me think of m and n as variables. Let me use substitution.

Let me let m = 52 / "
29,5,reasoning,target_equation,target,52,False,9474,n = 52.," + b y2 = 196. Since c = 2n, b = 2m, so 2n x1 + 2m y2 = 196 ⇒ n x1 + m y2 = 98.

But we also have m n = 52.

But how to find x1 and y2?

Wait, from x1² = 196 - m², so x1 = sqrt(196 - m²). Similarly, y2 = sqr"
29,5,reasoning,target_equation,target,52,False,9537,n = 52,"t, from x1² = 196 - m², so x1 = sqrt(196 - m²). Similarly, y2 = sqrt(196 - n²). But since we have m n = 52 and m² + n² = 361, maybe we can find sqrt(196 - m²) and sqrt(196 - n²)?

Alternatively, note that:

"
29,5,reasoning,target_equation,target,52,False,9893,"n = 52,","x1 + m y2 = 98. Substituting x1 and y2:

n * sqrt(n² - 165) + m * sqrt(m² - 165) = 98.

But since m n = 52, and m² + n² = 361, maybe we can find sqrt(n² - 165) and sqrt(m² - 165)?

Alternatively, let me deno"
29,5,reasoning,target_equation,target,52,False,11942,n = 52," and y2 in terms of m and n.

We have:

x1 = sqrt(n² - 165), y2 = sqrt(m² - 165).

But also, from m n = 52 and m² + n² = 361.

Let me compute n² - 165 and m² - 165.

Since m² + n² = 361, then n² = 361 - m², "
29,5,reasoning,target_equation,target,52,False,12132,n = 52,"nsistent.

But how to compute sqrt(196 - m²) and sqrt(196 - n²)?

Alternatively, note that:

From m n = 52 and m² + n² = 361, we can find m² and n².

Let me denote m² = a, n² = b. Then:

a + b = 361,

sqrt(a"
29,5,reasoning,target_equation,target,156,False,12651,n = 3 * 52 = 156.,"- m²)(196 - n²)}.

-2n * sqrt(196 - n²) = -2n * sqrt(196 - n²).

(3 * 2m * 2n)/4 = (12 m n)/4 = 3 m n = 3 * 52 = 156.

So, Area = (1/2)[ -2m sqrt(196 - m²) + sqrt{(196 - m²)(196 - n²)} - 2n sqrt(196 - n²) + 156 ].

Le"
29,5,reasoning,target_equation,target,52,False,13307,n = 52.,"this possible? How can (196 - m²)(196 - n²) be negative? Let me check.

We had m² + n² = 361, and m n = 52.

So, for example, let's take m and n such that m² + n² = 361 and m n = 52. Let me choose specific v"
29,5,reasoning,target_equation,hypothetical,52,False,13338,n = 52.,"had m² + n² = 361, and m n = 52.

So, for example, let's take m and n such that m² + n² = 361 and m n = 52. Let me choose specific values to see.

Let me assume m and n are such that m² = 196 - x, n² = 196 -"
29,5,reasoning,target_equation,target,52,False,14286,n = 52.,"me check with actual values. Let me assume some values for m and n that satisfy m² + n² = 361 and m n = 52.

Let me try to solve m² + n² = 361 and m n = 52.

Let me use substitution. Let m = 52/n, then:

(52"
29,5,reasoning,target_equation,target,52,False,14309,n = 52.,"alues for m and n that satisfy m² + n² = 361 and m n = 52.

Let me try to solve m² + n² = 361 and m n = 52.

Let me use substitution. Let m = 52/n, then:

(52/n)^2 + n² = 361.

Which is 2704/n² + n² = 361.

"
29,7,reasoning,target_equation,target,104,True,8763,n = 104.," by 1/2: Area = (1/2)*| -208√3 | = (1/2)(208√3) = 104√3. 

But the problem says the area is n√3, so n = 104. However, wait, let me check my calculations again because I might have made a mistake. 

Wait, let "
29,7,reasoning,target_equation,target,104,True,9100,n = 104.,"; 208 - 416 = -208. So -208√3. Absolute value 208√3. Multiply by 1/2: 104√3. 

So area is 104√3, so n = 104. 

But wait, the problem says ""the area of the quadrilateral BKLC can be expressed as n√3 for some p"
29,7,reasoning,prose,asserted,104,True,9140,answer is 104?,"the area of the quadrilateral BKLC can be expressed as n√3 for some positive integer n. Find n."" So answer is 104? But let me check if this is correct. 

Alternatively, maybe I made a mistake in coordinates? Let me"
29,7,reasoning,target_equation,target,104,True,9334,n = 104.,"orrect. 

So coordinates are correct. Shoelace formula steps also correct. So area is 104√3. Hence, n = 104. 

But wait, the problem says ""quadrilateral BKLC"". Let me confirm that the order of the points is c"
29,7,reasoning,target_equation,target,104,True,10411,n = 104.,"l area of BKLC would be 88√3 + 16√3 = 104√3. Same result. 

Therefore, the area is indeed 104√3, so n = 104. 

But wait, the problem says ""the area of the quadrilateral BKLC can be expressed as n√3 for some p"
29,7,reasoning,prose,asserted,104,True,10451,answer is 104.,"the area of the quadrilateral BKLC can be expressed as n√3 for some positive integer n. Find n."" So answer is 104. 

But wait, let me check if I considered the correct case. Suppose I had taken the other case where"
29,7,reasoning,target_equation,target,104,True,11200,n = 104.,"value 208√3, times 1/2 is 104√3. Same result. 

Therefore, regardless of case, area is 104√3. Hence n = 104. 

But wait, the problem says ""the area of the quadrilateral BKLC"". However, I need to make sure tha"
29,7,reasoning,prose,tentative,104,True,11443,answer is 104.,"aybe not necessary. Since calculations are consistent, and multiple methods give 104√3, I think the answer is 104. 

But wait, the problem says ""points K and L inside the triangle"". In case 1, coordinates of K(8√3,"
29,7,reasoning,prose,tentative,104,True,11706,answer is 104.,"3/16 + 0.5 = 0.1875 + 0.5 = 0.6875 < 1. Also inside. 

So they are inside. 

Therefore, I think the answer is 104. However, I need to check if there is any possible mistake in my calculations. 

Wait, the problem s"
29,7,reasoning,prose,asserted,104,True,11887,answer is 104.,"tions led us to a unique solution. 

Alternatively, check if 104 is an integer, which it is. So the answer is 104. 

But just to be thorough, let me check if the area of ABC is 208√3, and area of BKLC is 104√3, whi"
29,7,reasoning,boxed,asserted,104,True,12043,\boxed{104},"rdless, the shoelace formula gives 104√3. 

Therefore, I think the answer is 104.

**Final Answer**
\boxed{104}
"
29,7,content,boxed,asserted,104,True,13596,\boxed{104},"} - 422\sqrt{3} \right| = \frac{1}{2} \cdot 208\sqrt{3} = 104\sqrt{3}
$$

---

### Final Answer

$$
\boxed{104}
$$"
29,8,reasoning,target_equation,target,104,True,10083,n = 104.,"y 1/2:

Area = (1/2)*|208√3| = 104√3.

But the problem states that the area is expressed as n√3, so n = 104. But wait, let me check my calculations again because I might have made an error.

Wait, let me reco"
29,8,reasoning,target_equation,target,104,True,10565,n is 104.,"-176 -32 = -208; -208 + 416 = 208. So 208√3. Then 1/2 * 208√3 = 104√3. So area is 104√3. Therefore, n is 104. But wait, the problem says ""the area of the quadrilateral BKLC can be expressed as n√3 for some pos"
29,8,reasoning,prose,asserted,104,True,10604,answer is 104?,"the area of the quadrilateral BKLC can be expressed as n√3 for some positive integer n. Find n."" So answer is 104?

But let me check if this is correct. Wait, but maybe I made a mistake in coordinates?

Alternative"
29,8,reasoning,target_equation,target,104,True,11264,n = 104.,"√3 = 208√3. Then area is 1/2 * 208√3 = 104√3. Same result. So regardless of case, area is 104√3, so n = 104.

But wait, the problem says ""the area of the quadrilateral BKLC"". However, I need to make sure that"
29,8,reasoning,target_equation,target,104,True,11728,n = 104.," distances are satisfied. Therefore, the coordinates are correct.

Therefore, the area is 104√3, so n = 104. However, let me check if the problem says ""quadrilateral BKLC"". Maybe I need to confirm that the sh"
29,8,reasoning,prose,hypothetical,104,True,12412,answer is 104.," 104 is correct.

But the problem says ""Find n"" where area is n√3. So if my calculation is correct, answer is 104.

But let me check with another approach.

Another way: Since AK = AL = 14, and points K and L are s"
29,8,reasoning,prose,asserted,104,True,12589,answer is 104.,"s, it's correct.

Alternatively, check with vectors.

But I think my calculation is correct. So the answer is 104.

Wait, but I recall that in some cases, the shoelace formula can have errors if the points are not "
29,8,reasoning,prose,asserted,104,True,13284,answer is 104.,"

Then total area of BKLC is 65√3 + 39√3 = 104√3. Same result. So this confirms it.

Therefore, the answer is 104. So n is 104.

But wait, the problem says ""quadrilateral BKLC"". But let me check if there's another "
29,8,reasoning,target_equation,target,104,True,13292,n is 104.,"of BKLC is 65√3 + 39√3 = 104√3. Same result. So this confirms it.

Therefore, the answer is 104. So n is 104.

But wait, the problem says ""quadrilateral BKLC"". But let me check if there's another way someone m"
29,8,reasoning,prose,asserted,104,True,13801,answer is 104.," = 1/2 |78√3| = 39√3. Correct.

Therefore, total area 65 + 39 = 104. So yes, 104√3.

Therefore, the answer is 104.

But just to be thorough, let me check if there are any possible miscalculations in the earlier ste"
29,8,reasoning,boxed,asserted,104,True,13928,\boxed{104}," formula gives 104√3. All steps check out.

Therefore, I think the answer is 104.

**Final Answer**
\boxed{104}
"
29,8,content,boxed,asserted,104,True,15339,\boxed{104},"$

Thus, the area is:

$$
\frac{1}{2} \cdot 208\sqrt{3} = 104\sqrt{3}
$$

---

### Final Answer

$$
\boxed{104}
$$"
